Ticker,Date,headline
TSLA,2025-01-01,"EXCLUSIVE: Top 20 Most-Searched Tickers On Benzinga Pro In December 2024 — Where Do Tesla, Nvidia, Quantum Computing Stock Rank? | 10 Consumer Discretionary Stocks With Whale Alerts In Today's Session | Tesla Cybertruck Ignites Outside Trump International Hotel In Las Vegas, 1 Dead (UPDATED)"
TSLA,2025-01-02,"Elon Musk: Fireworks Or Explosive Device Caused Fatal Cybertruck Incident At Las Vegas Trump Hotel; Vehicle Was Rented | Joe Biden Addresses New Orleans Attack Says Law Enforcement Probing Links With Cybertruck Explosion Outside Trump Hotel In Las Vegas | Tim Cook, Mark Zuckerberg, Elon Musk, And More: Tech Moguls Post Upbeat New Year Greetings: 'Have A Good Feeling About 2025' | Explosives Unearthed Following Deadly New Year's Day Attack In New Orleans: Report | Tesla Rival BYD Marks 50% Growth In December Passenger Vehicle Sales, Likely To Trump Tesla In Q4 BEV Sales Yet Again | Tesla's Cybertruck All-Wheel Drive Now Eligible For $7,500 EV Tax Credit | Tesla Adds 11,000 Superchargers In 2024, Takes Total Count To Over 65,000 | US Stocks To Open Higher In The First Trading Session Of 2025: Analyst Says History Favors Rebound After Year-End Dip | Tesla To Deploy First V4 Superchargers In China By 2025: Report | Tesla Shares Rise In Thursday Premarket After Cybertruck Qualifies For $7,500 EV Tax Credit (UPDATED) | Tesla Q4 Total Production 459,445, Deliveries 495,570 | Truist Securities Reiterates Hold on Tesla, Maintains $360 Price Target | Tesla Stock Tumbles On Q4 Deliveries: What's Going On? | Benzinga Market Summary: Tesla Falls On Delivery Numbers, Nasdaq Rises, Bitcoin Moves Higher | Top 10 Trending Stocks On WallStreetBets As Of January 2, 2025 (Via Swaggy Stocks) | 10 Consumer Discretionary Stocks Whale Activity In Today's Session | World's Top 10 Richest People Gained More Wealth In 2024 Than Costco And Nike's Combined Valuation: How Elon Musk, Warren Buffett And Others Fared | Tesla Analyst Says FSD Test Drive Shows Imperfections, 'Not Ready For Prime Time Yet' | Crude Oil Surges 2%; Tesla Shares Plummet | Tesla's First Sales Drop Splits Wall Street: '2025 Will Be The Prove It Year' | Tesla Cybertruck Explosion Outside Trump Las Vegas Hotel Was Likely Suicide, Authorities Say"
TSLA,2025-01-03,"Bernie Sanders Says Elon Musk Wrong On Tech Guest Worker Program: H1-B Visa Purpose Is To 'Replace Good-Paying American Jobs' | Tesla Delivery Miss Fuels Heated Debate On Autonomy, Robots: Gordon Johnson Compares Optimus With 1980s Chucky Cheese Tech | Carvana, Unity Software, SuperCom, Rigetti Computing, Tesla: Why These 5 Stocks Are On Investors' Radars Today | Tesla Will Put Cybertruck Involved In Explosion At Trump Hotel Back On Road, Says Elon Musk: 'We'll Buff Out The Scratches' | Tesla Overtaken by BYD Again: Chinese Player Becomes World's Biggest EV Seller In Q4 | Tesla's Energy Storage Deployments Hit New Highs In Q4 Even As Vehicle Deliveries Disappoint | S&P 500 Falls For 5th Straight Session, Tesla Tumbles: Greed Index Remains In 'Fear' Zone | Elon Musk Donates Tesla Shares Worth Over $101 Million To Charity | US Stocks Poised To Open Higher As Futures Advance: Tesla, Bumble, Lifecore Bio In Focus | Tesla Hits Record EV Sales In China Despite Global Dip: Report | Ahead Of Tesla, Stellantis Reporting Final Sales Numbers, Analysts Predict New-Car Sales In 2024 Expected To Hit Five-Year High | Canaccord Genuity Maintains Buy on Tesla, Raises Price Target to $400 | GLJ Research Reiterates Sell on Tesla, Maintains $24.86 Price Target | Giorgia Meloni Shoots Down National Security Concerns Over Elon Musk's Italy Investment Plans | What's Going On With Taiwan Semiconductor Stock On Friday? | Truist Securities Maintains Hold on Tesla, Lowers Price Target to $351 | Tesla To $351? Here Are 10 Top Analyst Forecasts For Friday | Top 10 Trending Stocks On WallStreetBets As Of January 3, 2025 (Via Swaggy Stocks) | Correction: Canaccord Genuity Maintains Buy on Tesla, Raises Price Target to $404 (Price Target Changed) | Stellantis, Volkswagen Stocks Tumble As US EV Tax Credits Disappear | Evercore ISI Group Maintains In-Line on Tesla, Raises Price Target to $275 | Benzinga Market Summary: Biden To Reportedly Block US Steel-Nippon Deal, S&P Rises, Evercore And Canaccord Raise Price Targets On Tesla | Goldman Sachs Cuts Tesla 2025 Delivery Forecast After Miss | Happy Birthday Bitcoin: 16 Fun Facts About Leading Cryptocurrency | 10 Consumer Discretionary Stocks Whale Activity In Today's Session | Tesla Analysts On Deliveries: EV Stock Could Have 'Stormy Weather' In Short Term, 'Generational Set Of Growth Opportunities' Long Term | Bernie Sanders Says Elon Musk Wrong On Tech Guest Worker Program: H1-B Visa Purpose Is To 'Replace Good-Paying American Jobs' | Tesla Delivery Miss Fuels Heated Debate On Autonomy, Robots: Gordon Johnson Compares Optimus With 1980s Chucky Cheese Tech | Carvana, Unity Software, SuperCom, Rigetti Computing, Tesla: Why These 5 Stocks Are On Investors' Radars Today | Tesla Will Put Cybertruck Involved In Explosion At Trump Hotel Back On Road, Says Elon Musk: 'We'll Buff Out The Scratches' | Tesla Overtaken by BYD Again: Chinese Player Becomes World's Biggest EV Seller In Q4 | Tesla's Energy Storage Deployments Hit New Highs In Q4 Even As Vehicle Deliveries Disappoint | S&P 500 Falls For 5th Straight Session, Tesla Tumbles: Greed Index Remains In 'Fear' Zone | Elon Musk Donates Tesla Shares Worth Over $101 Million To Charity | US Stocks Poised To Open Higher As Futures Advance: Tesla, Bumble, Lifecore Bio In Focus | Tesla Hits Record EV Sales In China Despite Global Dip: Report | Ahead Of Tesla, Stellantis Reporting Final Sales Numbers, Analysts Predict New-Car Sales In 2024 Expected To Hit Five-Year High | Canaccord Genuity Maintains Buy on Tesla, Raises Price Target to $400 | GLJ Research Reiterates Sell on Tesla, Maintains $24.86 Price Target | Giorgia Meloni Shoots Down National Security Concerns Over Elon Musk's Italy Investment Plans | What's Going On With Taiwan Semiconductor Stock On Friday? | Truist Securities Maintains Hold on Tesla, Lowers Price Target to $351 | Tesla To $351? Here Are 10 Top Analyst Forecasts For Friday | Top 10 Trending Stocks On WallStreetBets As Of January 3, 2025 (Via Swaggy Stocks) | Correction: Canaccord Genuity Maintains Buy on Tesla, Raises Price Target to $404 (Price Target Changed) | Stellantis, Volkswagen Stocks Tumble As US EV Tax Credits Disappear | Evercore ISI Group Maintains In-Line on Tesla, Raises Price Target to $275 | Benzinga Market Summary: Biden To Reportedly Block US Steel-Nippon Deal, S&P Rises, Evercore And Canaccord Raise Price Targets On Tesla | Goldman Sachs Cuts Tesla 2025 Delivery Forecast After Miss | Happy Birthday Bitcoin: 16 Fun Facts About Leading Cryptocurrency | 10 Consumer Discretionary Stocks Whale Activity In Today's Session | Tesla Analysts On Deliveries: EV Stock Could Have 'Stormy Weather' In Short Term, 'Generational Set Of Growth Opportunities' Long Term | Nvidia's $2 Trillion AI Rally In 2024 Fueled by Chips, Startups, and Robotics | Wall Street Rebounds After Five-Day Slump, Automakers Move, US Steel Tumbles: What's Driving Markets Friday? | Tesla Stock Up 62.5% In 2024: How It Compares To Gains Since 2010 IPO | Global EV Sales Poised To Grow In 2025: 3 ETFs In Focus | Options Corner: XPeng's 'Falling Wedge' Potentially Signals Incoming Upside | Goodbye Santa Rally, Tesla Falters On Deliveries, Investors Flee Bonds Ahead Of Trump's Second Term: This Week In The Market | Heavy Money Flows In Quantum Computing Stocks, Blind Money Saves The Market, Bitcoin Outflows"
TSLA,2025-01-04,"Cathie Wood's Ark Investment Appeal Decision To Void Tesla CEO's Pay Package: Elon Musk Says 'Awesome' | Elon Musk 'Likes To Talk Big Numbers' But His Growth Target For Tesla Is Not 'Realistic,' Says Analyst | EXCLUSIVE: Top 20 Most-Searched Tickers On Benzinga Pro In 2024 — Where Do Tesla, Nvidia, GameStop, Trump Media Stocks Rank? | Benzinga Bulls And Bears: Tesla, Netflix, MicroStrategy — And Shiba Inu Strives To Outpace Dogecoin In Crypto"
TSLA,2025-01-05,"Elon Musk's German Election 'Meddling,' Natural Gas Price Surge, And More: This Week In Economics | Tesla, SoFi Technologies And Alcohol Stocks Were Among Top Large Cap Losers Last Week (Dec 30-Jan 3): Are The Others In Your Portfolio? | Lucid's Gravity SUV Rolls Out, Elon Musk On Tesla Cybertruck Blast Incident, And More: This Week In Mobility | Tesla's Data Collection Proves Crucial in Cybertruck Explosion Probe, but Raises Privacy Questions: Is Your Car Spying on You? | Here's How Trump Could Wipe Out 40% of Tesla's Profits After Taking Office, According To JPMorgan Analyst | Elon Musk Announces Changes to X Over Negativity Concerns: 'Too Much Negativity Is Being Pushed'"
TSLA,2025-01-06,"Elon Musk Flips On Trump's UK Ally Nigel Farage: 'Doesn't Have What It Takes' | Jim Cramer Works 'Sunday Brainstorm' On Buying Palantir And Tesla Stock, Calls Them 'Protective Intellectual Blankets' | Waymo Robotaxi Circles Phoenix Airport Parking Lot, Passengers Get A Bonus Tour They Didn't Ask For | This Analyst With 85% Accuracy Rate Sees Around 16% Downside In Tesla - Here Are 5 Stock Picks For Last Week From Wall Street's Most Accurate Analysts | Tesla Exec Pins Long Wait Lines At Superchargers In Sweden On IF Metall Strike: 'Waiting In Line Like This Is Super Painful' | Tesla Lags With Meager 1.5% Growth Even As UK EV Registrations Surge Over 20% In 2024 | Top 10 Trending Stocks On WallStreetBets As Of January 6, 2025 (Via Swaggy Stocks) | Elon Musk Flips On Trump's UK Ally Nigel Farage: 'Doesn't Have What It Takes' | Jim Cramer Works 'Sunday Brainstorm' On Buying Palantir And Tesla Stock, Calls Them 'Protective Intellectual Blankets' | Waymo Robotaxi Circles Phoenix Airport Parking Lot, Passengers Get A Bonus Tour They Didn't Ask For | This Analyst With 85% Accuracy Rate Sees Around 16% Downside In Tesla - Here Are 5 Stock Picks For Last Week From Wall Street's Most Accurate Analysts | Tesla Exec Pins Long Wait Lines At Superchargers In Sweden On IF Metall Strike: 'Waiting In Line Like This Is Super Painful' | Tesla Lags With Meager 1.5% Growth Even As UK EV Registrations Surge Over 20% In 2024 | Top 10 Trending Stocks On WallStreetBets As Of January 6, 2025 (Via Swaggy Stocks) | AMD, StradVision Team Up To Boost Driver Assistance Systems For Autonomous Cars | Spotlight on Tesla: Analyzing the Surge in Options Activity | Stifel Maintains Buy on Tesla, Raises Price Target to $492 | Tesla To Rally Around 20%? Here Are 10 Top Analyst Forecasts For Monday | Lyft Analyst Says 'Buy Into The Story' Despite Tesla, Waymo Competition (UPDATED) | 10 Consumer Discretionary Stocks With Whale Alerts In Today's Session | Israel Englander's Millennium Management Dumps Nvidia, Loads Up On Broadcom — Here's What The $70 Billion Hedge Fund Sees | Tesla Vs. Rivian: An Electrifying Showdown In The EV Arena | Tesla Stock 'Well Positioned To Deliver Robust Multi-Year Growth': Why Analyst Is Raising Price Target After Deliveries Miss"
TSLA,2025-01-07,"Melania Trump Is Happy With House Guest Elon Musk As 'A Babysitter For Donald' | Meta Platforms, Trump Media, Fubo, Enovix Corp, Tesla: Why These 5 Stocks Are On Investors' Radars Today | Gary Black's The Future Fund Lists Tesla As 3rd-Largest Holding, Behind Nvidia And Alphabet, Despite Delivery Miss | Tesla-Supplier Panasonic Energy Targets Reduced Reliance On China For US Battery Supplies, Says It Is 'No.1 Objective' | Tesla's Foundation Series Cybertruck Inventory Still Haunts Elon Musk-led EV Giant Despite Offers | US Adds Tencent, Tesla Supplier CATL To 'Chinese Military' Blacklist, Shares Tumble | NHTSA Opens Preliminary Evaluation Into Estimated 2.6M Tesla US Vehicles Over Actually Smart Summon Crashes; 1 Complaint Filed, 3 Media-Reported Incidents Reviewed | Tesla Reminisces Delivering First Model 3 From Giga Shanghai After Marking Delivery Growth In China In 2024 | NHTSA Opens Probe Into 2.6 Million Tesla Vehicles After Complaint Of Crashes Linked To Actually Smart Summon Feature | Trump's SEC Pick Likely To 'Bring Down The Stress Levels' Of Wall Street With Easier Enforcement Ride | Acelyrin, Tesla And Other Big Stocks Moving Lower In Tuesday's Pre-Market Session | Top 10 Trending Stocks On WallStreetBets As Of January 7, 2025 (Via Swaggy Stocks) | US Services Sector Growth Tops Forecasts, But 'Tariff Concerns,' Price Pressures Cast A Shadow | B of A Securities Downgrades Tesla to Neutral, Raises Price Target to $490 | Tesla Analyst On High-Stakes Future: Optimus, Robotaxi, FSD Have Potential, But Execution Risks Loom | 10 Consumer Discretionary Stocks Whale Activity In Today's Session | Stocks Sink As Bond Yields Soar, Nvidia Eyes Worst Day In 4 Months, Bitcoin Tumbles To $97,000: What's Driving Markets Tuesday? | XPeng's EV Glory Faces Technical Trouble: Can Volkswagen Collaboration Drive A Comeback? | Uber and Lyft Adapt Robotaxi Strategy to Compete in Tesla and Waymo's Space | Under the Radar: Undervalued Assets Wall Street Isn't Talking About"
TSLA,2025-01-08,"Toyota 'Exploring Rockets,' Kick Off Inventor City: Automaker Ready To Take On Elon Musk | Trump Vows To Power AI Boom With Expanded Oil Drilling: 'Need Double The Electricity At Least That We Have Right Now' | Nvidia, Palantir, Ionq, Novavax, And Tesla: Why These 5 Stocks Are On Investors' Radars Today | Tesla Supplier CATL, Riot Games Owner Tencent Plan Legal Action Over Pentagon Blacklist, Deny Military Ties | Sam Altman's Sister Files Lawsuit Against OpenAI CEO Alleging Sexual Abuse — Family Respond: 'Deeply Hurtful And Entirely Untrue' | xAI's Grok Chatbot To Be Integrated Into Tesla Vehicles 'Soon,' Says Elon Musk | S&P 500 Down Over 1% As Nvidia, Tesla Tumble: Greed Index Remains In 'Fear' Zone | US Stocks To Open Higher As Futures Advance: Christopher Wood Expects Trump's Inflationary Policies To Hurt Market | MKBHD Ranks Tesla's FSD Best Among Assisted Driving Systems, Adds 'It's Not Perfect' | Top 10 Trending Stocks On WallStreetBets As Of January 8, 2025 (Via Swaggy Stocks) | Man Behind Tesla Cybertruck Blast Outside Trump Hotel Used ChatGPT For Planning, Says Las Vegas Police (UPDATED) | 8 Consumer Discretionary Stocks Whale Activity In Today's Session | Uber, Nvidia Partnership To Unlock Value By Leveraging AI To Advance Ridesharing, Autonomous Tech: Analyst"
TSLA,2025-01-09,"D-Wave Quantum, Costco, AMD, Roku, And Tesla: Why These 5 Stocks Are On Investors' Radars Today | D-Wave Quantum, Costco, AMD, Roku, And Tesla: Why These 5 Stocks Are On Investors' Radars Today | Tesla's Inventory Now Includes Non-Foundation Series Cybertrucks | 'Cybertruck Was My Hero Today,' Says Ross Gerber After Tesla's Truck Allowed Him To Navigate California Wildfires In Safety | Tesla Directors Receives Court Approval For Settlement In Excess Pay Case | Elon Musk Predicts Tesla's FSD Will Surpass Human Driving Safety By Q2 2025 | Insights Into Tesla's Performance Versus Peers In Automobiles Sector | 8 Consumer Discretionary Stocks Whale Activity In Today's Session | Warren Buffett-Backed BYD Launches Australia's First EV Under $30K: How The Move Could Strengthen Fight Against Elon Musk's Tesla | Bitcoin ETFs Quadruple SPY Returns, Magnificent 7 Plays Catch-Up"
TSLA,2025-01-10,"Tesla Bull Gary Black Warns Against Inflated Optimus Robot Assumptions: Get Pounded Each Time 'I Try To Right-Size Expectations' | Elon Musk Hosts X Spaces With Afd's Alice Weidel After Successfully Endorsing Trump: Share Views On Nuclear Power And Future Of Europe With Far Right German Leader | Tesla Launches Refreshed Model Y In China Amid Rising Competition | Tesla Says FSD Strikeouts Will Be 'Forgiven' In California To Help Evacuation Efforts Amidst Wildfires | Analyst Ming-Chi Kuo On X Earlier Said Even With Revamped Model Y, Tesla's Production In Q125 Is Expected To Drop By 10% QoQ, 5% YoY Due To Global Economy, Seasonality; Production Visibility For More Affordable New Model May Not Enter Mass Production In 2025 | Tesla Model 3 Prices Rise In China As Refreshed Model Y Debuts | Tesla Recalls 239,382 Vehicles In US Over Rearview Camera Image Display Issues | Palantir Co-Founder Joe Lonsdale Sets Realistic Expectations For Elon Musk's DOGE Initiative: 'Next Trillion Will Be A Lot Harder' | Top 10 Trending Stocks On WallStreetBets As Of January 10, 2025 (Via Swaggy Stocks) | In-Depth Analysis: Tesla Versus Competitors In Automobiles Industry | SpaceX, Apple, Airbnb And More Companies Pitch In To Support California Residents After Wildfires: 'We Want To Help' | Unpacking the Latest Options Trading Trends in Tesla | eVTOL Market Soars Too High? Analyst Gives Archer, Joby Downgrades"
TSLA,2025-01-11,"Elon Musk's X, Hewlett Packard Strike $1 Billion AI Server Deal: Report"
TSLA,2025-01-12,"Steve Bannon Targets Elon Musk, Pledges To Expel Him From MAGA Movement: 'He Is a Truly Evil Guy' | Tesla Recalls Over 239,000 Vehicles, Uber and Lyft Revamp Robotaxi Strategy, Warren Buffett-Backed BYD Launches Affordable EV And More: This Week In Mobility | Is Elon Musk's Mental Health a Cause for Concern? Biographer Thinks So"
TSLA,2025-01-13,"Tesla Hikes Model 3, Y Prices In Canada By C$1000 After Announcing Price Increase In China | Elon Musk Urges Mark Zuckerberg To Release Facebook Files, Calls It 'Good' After Meta Adopts X's Community Notes-Like Feature | Despite Elon Musk's Feud With Gavin Newsom, Tesla Rolls Out Support For California Amid Wildfires With Cybertrucks, Starlink And Megapack Chargers | Morgan Stanley Maintains Overweight on Tesla, Raises Price Target to $430 | Tesla, Robinhood And Other Big Stocks Moving Lower In Wednesday's Pre-Market Session | Top 10 Trending Stocks On WallStreetBets As Of January 13, 2025 (Via Swaggy Stocks) | Tesla To Rally Around 9%? Here Are 10 Top Analyst Forecasts For Monday | Tesla Stock Sold By Europe's Largest Pension Fund In Q3: 'We Had A Problem' With Musk Pay | 10 Consumer Discretionary Stocks With Whale Alerts In Today's Session | Tesla Embodied AI, Robotaxi Dreams Propel Bullish Sentiment: Stock Chart Flashes Mixed Signals"
TSLA,2025-01-14,"Jamie Dimon Calls Elon Musk 'An Extraordinary Talent' — JP Morgan CEO Shares Why Trump's Election Victory Didn't Surprise Him | Tesla Shares Rise Over 2% After Hours On Morgan Stanley's Price Target Hike, FSD Breakthroughs: Gary Black Highlights Key Drivers | Elon Musk Emerges As Potential TikTok US Buyer As Ban Deadline Looms, Company Terms It 'Pure Fiction' | Biden Admin Brushes Off Tesla's $100M Big-Rig Charging Funding Application, Says Report: Elon Musk Sighs | Audi's Deliveries Drop 12% In 2024: Tesla Takes The Lead In Global Sales | Meta Investors Push Mark Zuckerberg To Replace $72B Cash With Bitcoin To Combat Inflation: Here's What It Means For Investors | Cybertruck Success Comes At A Cost: Tesla Sells Nearly 39,000 Units In 2024, But Luxury Model S And X Sales Take A Hit In US, Data Shows | TSLA Stock Rises 3% In Tuesday Pre Market: What's Going On? | Tesla Recalls In 2024 Crossed 5 Million, But Most Were Fixed Via Software Updates: Majority Of Physical Recalls Were For This Vehicle | Top 10 Trending Stocks On WallStreetBets As Of January 14, 2025 (Via Swaggy Stocks) | Wall Street Rebounds As Producer Inflation Misses Estimates, Tesla Gains, Chinese Stocks Rally | US Electric Vehicle Sales Hit Record 1.3 Million Units In 2024, Despite Tesla Declines: Top 10 Bestselling Models List | 10 Consumer Discretionary Stocks Whale Activity In Today's Session | Tesla Model Y Refresh Gets 50,000 Reservations In China On First Day: Could Update Help EV Leader In 2025? | Jamie Dimon Calls Elon Musk 'An Extraordinary Talent' — JP Morgan CEO Shares Why Trump's Election Victory Didn't Surprise Him | Tesla Shares Rise Over 2% After Hours On Morgan Stanley's Price Target Hike, FSD Breakthroughs: Gary Black Highlights Key Drivers | Elon Musk Emerges As Potential TikTok US Buyer As Ban Deadline Looms, Company Terms It 'Pure Fiction' | Biden Admin Brushes Off Tesla's $100M Big-Rig Charging Funding Application, Says Report: Elon Musk Sighs | Audi's Deliveries Drop 12% In 2024: Tesla Takes The Lead In Global Sales | Meta Investors Push Mark Zuckerberg To Replace $72B Cash With Bitcoin To Combat Inflation: Here's What It Means For Investors | Cybertruck Success Comes At A Cost: Tesla Sells Nearly 39,000 Units In 2024, But Luxury Model S And X Sales Take A Hit In US, Data Shows | TSLA Stock Rises 3% In Tuesday Pre Market: What's Going On? | Tesla Recalls In 2024 Crossed 5 Million, But Most Were Fixed Via Software Updates: Majority Of Physical Recalls Were For This Vehicle | Top 10 Trending Stocks On WallStreetBets As Of January 14, 2025 (Via Swaggy Stocks) | Wall Street Rebounds As Producer Inflation Misses Estimates, Tesla Gains, Chinese Stocks Rally | US Electric Vehicle Sales Hit Record 1.3 Million Units In 2024, Despite Tesla Declines: Top 10 Bestselling Models List | 10 Consumer Discretionary Stocks Whale Activity In Today's Session | Tesla Model Y Refresh Gets 50,000 Reservations In China On First Day: Could Update Help EV Leader In 2025? | ChargePoint Outpaces Tesla In EV Network Market Share, But JPMorgan Stays Cautious | Under the Radar: The Importance of Book Value Growth in Assessing Company Stability | Bank of America Highlights Ferrari, Aptiv and AutoNation as Top Auto Stocks for 2025 | Trump Cabinet Confirmation Hearings On Wednesday: Departments Of Transportation, Energy, State; Attorney General, CIA Director"
TSLA,2025-01-15,"Microsoft, Applied Digital, Rigetti Computing, Eli Lilly, Tesla: Why These 5 Stocks Are On Investors' Radars Today | Elon Musk Sued By SEC For Allegedly Hiding Twitter Stake That Allowed Him To Buy Stock At Artificially Low Prices | South Korea's Hyundai, Kia Collectively Sold More EVs In US Than Ford In 2024 | Rivian Joins Ford, Tesla In Supporting Relief Efforts Amid California Wildfires | Elon Musk's Tesla Leads The Pack In Top-Selling EVs In US In 2024: Ford, GM Follow | Tesla To Suspend Parts Of Refreshed Model Y Lines In Shanghai For 3 Weeks: Report | Top 10 Trending Stocks On WallStreetBets As Of January 15, 2025 (Via Swaggy Stocks) | Tesla Unusual Options Activity | Trump Transportation Nominee Says If Confirmed Will Allow Tesla Autopilot Probe To Continue | 8 Consumer Discretionary Stocks Whale Activity In Today's Session | Wall Street Rallies As Treasury Yields Fall, Banks Smash Q4 Earnings, Oil Hits $80: What's Driving Markets Wednesday? | Barclays Maintains Equal-Weight on Tesla, Raises Price Target to $325 | What's Going On With Tesla Shares Wednesday?"
TSLA,2025-01-16,"Quantum Computing, Taiwan Semiconductor, Meta, Intuitive Surgical, And Tesla: Why These 5 Stocks Are On Investors' Radars Today | As Tesla Soars 8%, Gary Black Cites Trump Impact, Elon Musk Pay Package, And $30K Car As Key Catalysts For EV Maker In 2025 | Elon Musk Buying TikTok Could Hurt Tesla Stock, Warns Gary Black — But Wedbush's Dan Ives Thinks It Makes Sense | Trump's Transportation Pick Says He Will Continue Tesla FSD Probe, Sees Need For 'Tough Love' With Boeing | Tesla Offers Discounts Up To $2,000 On New Inventory Cybertrucks | Palantir's Shyam Sankar Says SpaceX And Tesla Are Models For Reviving American Manufacturing Amid Rising Concerns Over Military Readiness | Trump's Nominee For DOT Reportedly Wants EVs To Pay For Using Roads | Top 10 Trending Stocks On WallStreetBets As Of January 16, 2025 (Via Swaggy Stocks) | 9 Consumer Discretionary Stocks Whale Activity In Today's Session | Tesla Stock 'Valuation Is Full': Analyst Flags Long-Term Growth Opportunities With Robotaxis, FSD | Stocks Pause, Chipmakers Rise, Gold Hits 2-Month Highs: What's Driving Markets Thursday? | Cathie Wood Adds New Space Stock To 2 ETFs: Company Went To Moon, Will Investment Returns Follow?"
TSLA,2025-01-17,"Apple, Rivian, Unitedhealth, Biomerica, Tesla: Why These 5 Stocks Are On Investors' Radars Today | Tesla's Drop Against Modestly Lower Nasdaq Comes As Investors Weigh Elon Musk's $40-50 Billion TikTok Deal, Gary Black Says TSLA Share Swap Unlikely Due To This Upcoming Milestone | Bitcoin, Ethereum, Dogecoin Steady As Market Expects Trump's Pro-Crypto Bonanza: Analyst Says BTC Could Hit All-Time High If It Breaks This Resistance | In 2011, Elon Musk Mocked Tesla Rival BYD. Fast Forward To 2024, The Chinese Automaker Is The Only Real Contender To TSLA's Global Dominance | Tesla Extends Free Lifetime Supercharging Offer On Foundation Series Cybertruck Till Jan End | Tesla Says It Is Working On A 'More Comprehensive Cleaning Solution' For Cybertruck Rear View Camera | Elon Musk Denies Tesla's Involvement In Fire At Moss Landing Power Plant In Monterey County | Apple, Rivian, Unitedhealth, Biomerica, Tesla: Why These 5 Stocks Are On Investors' Radars Today | Tesla's Drop Against Modestly Lower Nasdaq Comes As Investors Weigh Elon Musk's $40-50 Billion TikTok Deal, Gary Black Says TSLA Share Swap Unlikely Due To This Upcoming Milestone | Bitcoin, Ethereum, Dogecoin Steady As Market Expects Trump's Pro-Crypto Bonanza: Analyst Says BTC Could Hit All-Time High If It Breaks This Resistance | In 2011, Elon Musk Mocked Tesla Rival BYD. Fast Forward To 2024, The Chinese Automaker Is The Only Real Contender To TSLA's Global Dominance | Tesla Extends Free Lifetime Supercharging Offer On Foundation Series Cybertruck Till Jan End | Tesla Says It Is Working On A 'More Comprehensive Cleaning Solution' For Cybertruck Rear View Camera | Elon Musk Denies Tesla's Involvement In Fire At Moss Landing Power Plant In Monterey County | Sony Cancels Two Live-Service Games, Stays Committed to Long-Term Monetization | Taiwan Semi Chief To Skip Trump Inauguration, Calls US Semiconductor Sanctions 'Manageable' | Nvidia Unveils AI Safety Tools to Boost Enterprise Trust; CEO Jensen To Miss Trump Inauguration | Top 10 Trending Stocks On WallStreetBets As Of January 17, 2025 (Via Swaggy Stocks) | 7 Consumer Discretionary Stocks With Whale Alerts In Today's Session | Reported Earlier, ""Tesla Has Lowered The Price Of Its Basic Autopilot Feature, Cutting The Cost From C$4,000 To C$1,400 In Canada; This 65% Price Reduction Makes The Upgrade Significantly More Accessible For Tesla Owners Who Opted Out Of The Feature At The Time Of Purchase"" - Drive Tesla Canada"
TSLA,2025-01-18,"US Regulator Probes Elon Musk's SpaceX Mid-Flight Explosion That Felt Like An 'Earthquake' For Turks And Caicos Residents | Benzinga Bulls And Bears: Tesla, Apple, Meta And Dogecoin Influencers See Pattern For Post-2025 Inauguration Rally | Elon Musk Sparks Controversy With Hard-Right 'Make Europe Great Again!' Post"
TSLA,2025-01-19,"Biden's Tech Oligarchy Warning, Tesla's Wildfire Support, Bannon's Musk Attack, And Cannabis Policy Shift: This Week In Politics | Consumer Tech News (Jan 13-17): Meta Plans Performance Based Job Cuts, Youtuber MrBeast Aims To Buy TikTok To Prevent Shutdown & More | Tesla's Mixed Bag, Musk's Fire Denial, Jeff Bezos' Confidence, And Rivian's Relief Efforts: This Week In Mobility"
TSLA,2025-01-20,"Elon Musk's DOGE Co-Lead Vivek Ramaswamy Expected To Exit Trump Admin Task Force Amid Ohio Governorship Bid | Jeff Bezos-Backed Perplexity Reportedly Makes $50 Billion Move To Merge With TikTok, But Elon Musk's X Remains This Analyst's Favorite Bidder | Tesla's Vietnamese Rival VinFast Enters 'Next Growth Frontier' India Amid Global Expansion Push, Plans $500 Million Investment | Nvidia Executive Contrasts Elon Musk's Optimism On Fully Autonomous Cars, Says Milestone Won't Be Achieved Until Next Decade: 'It's Super Hard' | Tesla Bull Ross Gerber Says Trump's Executive Order Can't Override Law In TikTok Ban Fight | Tesla Offers Free Supercharging On Model 3, Y In Japan A Year After Elon Musk Mourned EV Giant's Lack Of Market Share In Geography | Elon Musk, Jeff Bezos, Mark Zuckerberg Among Those In Race To Become First Trillionaires, Oxfam Warns Of Growing Wealth Inequality | Former Trump Strategist Steve Bannon Slams Mark Zuckerberg, Elon Musk And Other Tech Titans' Attendance In President-Elect's Inauguration: 'This Is An Official Surrender' | Elon Musk Says All Tesla FSD-Equipped Vehicles Will 'Soon' Be Able To Reverse By Themselves | Tesla Researcher Says It Will Help EV Giant's Annual Deliveries If Trump Does Not Change EV Tax Credit Eligibility Criteria Immediately | 10 Consumer Discretionary Stocks Whale Activity In Today's Session"
TSLA,2025-01-21,"Gary Black Questions Elon Musk's Take On EV Credit Removal After Tesla Sales Drop In Europe: 'Not Sure How The Math Works' | Trump Suspends US TikTok Ban For 75 Days With Executive Order, But Legal And Market Uncertainty Looms Over Platform's Future | Nasdaq Surges 1.5% Amid Gains In Tesla, Nvidia: Investor Sentiment Improves, But Greed Index Remains In 'Fear' Zone | Tesla Senior Exec Pitches Health Reasons For Adopting EVs After President Trump Revoked Biden's Electrification Targets: 'Forget Global Warming' | Here Are The EVs Which Could Lose $7,500 EV Tax Credit Under Trump Administration | Amazon's Zoox Eyes Joining Leagues Of Waymo In 2025, To Offer Rides To Public 'Quite Soon' | Tesla's Chinese Rivals Li, Xpeng, Nio Surge While Rivian Declines In Pre-Market As Trump Revokes Biden's EV Target | Tesla Struggles in Europe As New Registrations Fall 13% In 2024, Driving First Global Delivery Decline In Years | US Stocks Set To Open On A Positive Note As Trump's Second White House Term Kicks Off: Tesla, Apple, Netflix Among Stocks In Focus | Tesla Model 3 Loses To Xiaomi SU7 In China's December Sales Showdown | New Political Era Delivers Potential Opportunities For Direxion's Mobility-Focused EVAV ETF | Benzinga Market Summary: S&P Rises Following Trump Inauguration, EV Stocks Fall After Trump Revokes Mandate, Oil Drops On Supply Concerns After Trump Declares National Energy Emergency | Piper Sandler Maintains Overweight on Tesla, Raises Price Target to $500 | 10 Consumer Discretionary Stocks With Whale Alerts In Today's Session | Options Corner: Why Rivian's Downhill Drive Is Tempting Speculators | Trump's EV Rollback Might Shake-Up ETFs: Winners, Losers And Tesla's Unique Role In Shifting Market | Trump's Plan To End $7,500 EV Tax Credits Could Be 'Devastating' For Telsa Rivals, Poll Says Could Be Bullish For Elon Musk's Company"
TSLA,2025-01-22,"Trump Open To Elon Musk Or Larry Ellison Buying TikTok: Calls US Permit Key To $1 Trillion Valuation | Tesla Looks To Hire Data Labelers To Boost Autonomous Vehicle And Bot Development | California Law Enforcement Impressed By Upfitted Tesla Police Vehicle: 'I Pretty Much Didn't Want To Be In The Explorer Anymore' | Trump Open To Elon Musk Or Larry Ellison Buying TikTok: Calls US Permit Key To $1 Trillion Valuation | Tesla Looks To Hire Data Labelers To Boost Autonomous Vehicle And Bot Development | California Law Enforcement Impressed By Upfitted Tesla Police Vehicle: 'I Pretty Much Didn't Want To Be In The Explorer Anymore' | Trump's Plan To Revoke $7,500 EV Tax Credit Is A 'Huge' Negative For Tesla, Says Gary Black, Downplays Impact On Rivals | Tesla Unusual Options Activity | Wedbush Maintains Outperform on Tesla, Raises Price Target to $550 | Jamie Dimon Plans To Help Elon Musk As Much As He Can: 'The Guy Is Our Einstein' | Chipmakers Rally On AI Stargate Bet, Netflix Soars, Bitcoin Falters As Trump Keeps Quiet On Crypto: What's Driving Markets Wednesday? | Tesla Stock: A Deep Dive Into Analyst Perspectives (32 Ratings)"
TSLA,2025-01-23,"Blackboxstocks, Discover, Alcoa, AST Spacemobile, And Tesla: Why These 5 Stocks Are On Investors' Radars Today | Dan Ives Raises Tesla Price Target To $550, Sees 'Golden Era' For Elon Musk Under Trump, Sees Bull Case Upside Of Over 56% If Optimus Robot Counted In Valuation | Tesla To Raise Prices In Canada: Model 3 Sees Up To $6,200 Hike | Tesla Set For A 'Choppy' First Half Amid New EV Policies, But This Analyst Sees 20% Upside For Elon Musk's EV Company With A $500 Price Target | Tesla Rivals Rivian, Lucid Fall Sharply After Donald Trump Revokes Biden's EV Targets, Freezes Infra Funding: Here's What Technical Analysis Says | Tesla, Nvidia ETFs In The Works To Tap Rising Interest In Same-Day Stock Options | 10 Consumer Discretionary Stocks With Whale Alerts In Today's Session | Tesla Lost $15 Billion In Brand Value In 2024, Report Says: Did Elon Musk's Political Push Hurt EV Giant? | Micron Technology Shares Are Falling: What's Going On?"
TSLA,2025-01-24,"Elon Musk Or Larry Ellison? Dan Ives On Who Could Win TikTok's Billion-Dollar Soap Opera: 'Someone Hand Picked From Beijing But Also Trump's White House' | Boeing, Nikola, Texas Instruments, Intuitive Surgical, And Tesla: Why These 5 Stocks Are On Investors' Radars Today | Tesla Recalls Over 1.2 Million Vehicles In China Over Rear View Camera Malfunction, Power Steering Failure Concerns | Polestar CEO Looks To Attract Tesla Customers Disenchanted By Elon Musk's Politics: 'Somebody Outside Of Germany Endorsing Right-Wing Political Parties... Totally Unacceptable' | Tesla Launches Refreshed Model Y In US With 25% Price Hike, Full Self-Driving Included | Here's How Much $100 Invested In Tesla 10 Years Ago Would Be Worth Today | Tesla's Model Y Glow-Up Arrives In Time For Q4 Earnings: Will It Be Enough? | Unlike Tesla, Volkswagen's Passenger Cars Brand Confident In Overcoming Red Sea Disruptions: Report | 10 Consumer Discretionary Stocks With Whale Alerts In Today's Session | BYD, Geely, SAIC Contest EU's High EV Tariffs In Court"
TSLA,2025-01-25,"Researcher Expects Tesla's Vehicle Deliveries To Remain Flat In 2025, Contrary To Musk's 20-30% Growth Prediction | Cybertruck Off Road Armor Launch Delayed To March-End, Says Tesla Exec | Elon Musk Accuses OpenAI CEO Sam Altman Of Lying Over $10B Equity: 'What A Liar' | Michigan's Auto Industry Remains Optimistic Despite Trump Revoking Biden's EV Mandate: 'The Investments Aren't Ill Spent' | Benzinga Bulls And Bears: Amazon, Tesla, Meta And Dogecoin ETF Hopes Rise With New Fund Filing | Consumer Tech News (Jan 20-Jan 24): Trump Revokes Biden's AI Policies, Meta Launches New 'Edits' App To Lure TikTok Users & More"
TSLA,2025-01-26,"Elon Musk's Shocking Remarks To Far-Right German Party: 'Too Much Focus on Past Guilt' | Trump's EV Policy Shakes Market, Tesla's Upcoming FSD Upgrade, And Inside Trump's $1.5M Beast: This Week In Mobility | Bill Gates: 'I Would Probably Be Diagnosed on the Autism Spectrum' if Growing Up Today | Elon Musk Faces Criticism From Biographer Over Auschwitz Visit: 'He Truly Is a Sociopath' | Cuban on Musk: 'I Have No Problem Throwing Elon Under the Bus, but I'll Save It for When It's Truly Deserved' | Elizabeth Warren To Elon Musk: Cut Unnecessary Federal Cannabis Enforcement And Save Billions"
TSLA,2025-01-27,"Jeff Bezos-Backed Perplexity Revises TikTok Merger Deal, Proposes Giving US Government 50% Stake: Report | Tesla Could Drop Over 13% Due to Trump's Potential EV Tax Credit Cuts, FSD And Delivery Concerns, Says Gary Black | Despite Peter Thiel Ties, JD Vance Warns Of Big Tech Billionaires' Excessive Clout: They've Got 'Too Much Power' | Tesla Engineer Flags 'Social Etiquette' Issues With FSD Despite Improvements | Tesla Model Y Pricing Evolution: Cuts, Hikes, Refreshes Over Two Years | S&P 500 Retreats After Hitting Fresh Records: Investor Sentiment Improves, But Fear & Greed Index Remains In 'Neutral' Zone | Tesla's Strategic Shift: Here's How The Model Y Juniper Launch Differs From The Model 3 Highland Launch | Elon Musk's Tesla Roadster Mistaken For A Minor Celestial Body | US Stock Futures Tumble As DeepSeek Buzz Jolts Big Tech: Expert Says The Chinese AI Model Is Yet To Prove Its Viability At Lower Cost In Long Term | Morgan Freeman Revealed In 2016 That He Owns Tesla Stock: Since Then, Elon Musk-Led EV Giant's Shares Have Surged 30X | Jeff Bezos-Backed Perplexity Revises TikTok Merger Deal, Proposes Giving US Government 50% Stake: Report | Tesla Could Drop Over 13% Due to Trump's Potential EV Tax Credit Cuts, FSD And Delivery Concerns, Says Gary Black | Despite Peter Thiel Ties, JD Vance Warns Of Big Tech Billionaires' Excessive Clout: They've Got 'Too Much Power' | Tesla Engineer Flags 'Social Etiquette' Issues With FSD Despite Improvements | Tesla Model Y Pricing Evolution: Cuts, Hikes, Refreshes Over Two Years | S&P 500 Retreats After Hitting Fresh Records: Investor Sentiment Improves, But Fear & Greed Index Remains In 'Neutral' Zone | Tesla's Strategic Shift: Here's How The Model Y Juniper Launch Differs From The Model 3 Highland Launch | Elon Musk's Tesla Roadster Mistaken For A Minor Celestial Body | US Stock Futures Tumble As DeepSeek Buzz Jolts Big Tech: Expert Says The Chinese AI Model Is Yet To Prove Its Viability At Lower Cost In Long Term | Morgan Freeman Revealed In 2016 That He Owns Tesla Stock: Since Then, Elon Musk-Led EV Giant's Shares Have Surged 30X | Top 10 Trending Stocks On WallStreetBets As Of January 27, 2025 (Via Swaggy Stocks) | Smart Money Is Betting Big In TSLA Options | Market Clubhouse Morning Memo - January 27th, 2025 (Trade Strategy For SPY, QQQ, AAPL, MSFT, NVDA, GOOGL, META and TSLA) | DeepSeek Sparks AI Carnage As Magnificent Seven, Broadcom Lose Nearly $900 Billion In Value: Why This Expert Is Still 'Bullish' On US Tech | IronHold Capital CIO Reveals Trends Hedge Funds Track: 4 ETFs To Watch | Tesla Analyst's Top 5 Items To Watch In Q4 Earnings: Will Refreshed Model Y, New EVs Help Growth? | Tesla Faces Boycott Call In Poland Over Musk's WWII Comments: 'No Normal Pole Should Buy'"
TSLA,2025-01-28,"Nvidia, Broadcom, Nebius Group, Taiwan Semiconductor, And Tesla: Why These 5 Stocks Are On Investors' Radars Today | Amid Nvidia And Chinese AI Anxieties, Top Analyst Predicts Higher AI Infrastructure Demand Despite Market Jitters: 'The Market Is Overreacting To DeepSeek's Success' | Cathie Wood Swoops In To Buy AMD Shares Amid DeepSeek Tech Upheaval, Dumps Tesla Stock Worth $8.1 Million | Chamath Palihapitiya Warns Of AI Shift: 'The Battle Is Now More About AI Inference Vs Training' As DeepSeek Sparks Nvidia Selloff | Tesla's New Model Y Gets Over 70,000 Orders In 5 Days Of Launch In China Despite Costing 5% More Than Its Predecessor: Report | Gamestop Short Seller Wants Freedom Of Speech For 'Millions' Having Stock Market Conversations, Questioning SEC On 'What Protects Honest Opinions?' | Unsupervised FSD To Optimus Robot: Top Questions Investors Want Answers To From Elon Musk-Led Tesla Ahead Of Q4 Earnings | Trump's Proposed Corporate Tax Cuts Could Boost Tesla's FY25 EPS by 4%, Says Analyst | Tesla Earnings: Delivery Outlook, Model Y Ramp-Up, Optimus Bot In Focus, Say Analysts | Microsoft Eyes TikTok US Deal, Trump Says Acquisition Talks Are Underway | Top 10 Trending Stocks On WallStreetBets As Of January 28, 2025 (Via Swaggy Stocks) | Recent Filing Shows That Rep. Marjorie Taylor Greene Bought Over $4K Worth of Tesla Stock | Wall Street Comes To Nvidia's Defense After Biggest Loss Ever, Many Momos Wiped Out | What's Going On With Lucid Group Stock Today? | 10 Consumer Discretionary Stocks Whale Activity In Today's Session | Under the Radar: Investing in Tomorrow's Market Leaders Today | Tesla's Q4 Earnings Looms: Can The Stock Keep Its Rally Alive? | EXCLUSIVE: Will DeepSeek Hurt Magnificent 7 Stocks Valuation? 57% Say This | Tesla Q4 Earnings Preview: 2025 Delivery Growth, FSD, Model Y Refresh, New Vehicles Among Key Topics | Magnificent 7 Earnings Ahead: 3 ETFs To Ride The Wave"
TSLA,2025-01-29,"Alibaba, Starbucks, Jetblue, Lockheed Martin, Tesla: Why These 5 Stocks Are On Investors' Radars Today | Tesla's $30K EV Risks Being A 'Nothing Burger,' Says Gary Black—Warns Of Cannibalization Without A New Compact Design | Cathie Wood Dumps Tesla Stock Ahead Of Q4 Earnings, Ark Invest Loads Up On Amazon | Elon Musk Says 'Unsupervised Full Self-Driving Begins' As Tesla Can Now Drive Itself From Factory To Loading Docks | Tesla, Starbucks And 3 Stocks To Watch Heading Into Wednesday | Tesla Gears Up For Q4 Print; Here Are The Recent Forecast Changes From Wall Street's Most Accurate Analysts | Earnings Scheduled For January 29, 2025 | Nasdaq Jumps 2% After Nvidia, Other Tech Stocks Bounce Back From DeepSeek Hit: Greed Index Remains In 'Fear' Zone | Elon Musk's Tesla Is Over 4X More Expensive Than Industry Average Despite Weak Delivery Volumes In 2024 | US Futures Point To Cautious Start As Investors Await Fed's Rate Decision: Tesla, Microsoft, Meta Among Stocks In Focus Ahead Of Earnings | Marjorie Taylor Greene Loads Up On Meta, Amazon, Tesla, Nvidia And Other Stocks As Donald Trump's New Equations With Big Tech Leaders Sets Stage For Growth: What Is At Stake? (UPDATED) | EXCLUSIVE: Nvidia Hardest Hit Among Mag 7 Stocks By DeepSeek, Poll Shows — And This Stock Ranked Second | Market Clubhouse Morning Memo - January 29th, 2025 (Trade Strategy For SPY, QQQ, AAPL, MSFT, NVDA, GOOGL, META and TSLA) | Alibaba, Starbucks, Jetblue, Lockheed Martin, Tesla: Why These 5 Stocks Are On Investors' Radars Today | Tesla's $30K EV Risks Being A 'Nothing Burger,' Says Gary Black—Warns Of Cannibalization Without A New Compact Design | Cathie Wood Dumps Tesla Stock Ahead Of Q4 Earnings, Ark Invest Loads Up On Amazon | Elon Musk Says 'Unsupervised Full Self-Driving Begins' As Tesla Can Now Drive Itself From Factory To Loading Docks | Tesla, Starbucks And 3 Stocks To Watch Heading Into Wednesday | Tesla Gears Up For Q4 Print; Here Are The Recent Forecast Changes From Wall Street's Most Accurate Analysts | Earnings Scheduled For January 29, 2025 | Nasdaq Jumps 2% After Nvidia, Other Tech Stocks Bounce Back From DeepSeek Hit: Greed Index Remains In 'Fear' Zone | Elon Musk's Tesla Is Over 4X More Expensive Than Industry Average Despite Weak Delivery Volumes In 2024 | US Futures Point To Cautious Start As Investors Await Fed's Rate Decision: Tesla, Microsoft, Meta Among Stocks In Focus Ahead Of Earnings | Marjorie Taylor Greene Loads Up On Meta, Amazon, Tesla, Nvidia And Other Stocks As Donald Trump's New Equations With Big Tech Leaders Sets Stage For Growth: What Is At Stake? (UPDATED) | EXCLUSIVE: Nvidia Hardest Hit Among Mag 7 Stocks By DeepSeek, Poll Shows — And This Stock Ranked Second | Market Clubhouse Morning Memo - January 29th, 2025 (Trade Strategy For SPY, QQQ, AAPL, MSFT, NVDA, GOOGL, META and TSLA) | Top 10 Trending Stocks On WallStreetBets As Of January 29, 2025 (Via Swaggy Stocks) | Cantor Fitzgerald Reiterates Neutral on Tesla, Maintains $365 Price Target | Tesla Option Alert: Fri $400 Calls Sweep (118) Near The Ask: 1631 @ $15.024 vs 9675 OI; Earnings 1/29 After Close Ref=$392.893 | Guggenheim Reiterates Sell on Tesla, Maintains $175 Price Target | Tesla's Q4 Results Could Shake Up These 3 ETFs | 10 Consumer Discretionary Stocks With Whale Alerts In Today's Session | Stocks Tick Down Ahead Of Fed Meeting, Nvidia Jitters Resume, Trump Media Rallies: What's Driving Markets Wednesday? | Commerce Secretary Nominee Lutnick Says United States Should End $7,500 Tax Credit For Leasing Imported Luxury Vehicles | AI ETFs In Focus As Alibaba Challenges DeepSeek With New Model | A Different Powell Emerges: Fed Chair Softens Hawkish Tone On Interest Rates, Bitcoin | Tesla Q4 2024 Adj. EPS $0.73 Misses $0.76 Estimate, Sales $25.707B Miss $27.265B Estimate | Tesla Q4 Total Production Down 7% YoY, Deliveries Up 2% YoY | Tesla Says Expects FSD To Begin Launching 'later this year in parts of the U.S. We also continue to work on launching FSD (Supervised) in Europe and China in 2025.' | Tesla Says Co Expects Cybertruck To Be Eligible For IRA Consumer Tax Credit | Tesla Says COGS Per Vehicle Fell Below $35K | Tesla Says Increased AI Training Compute By Over 400% In 2024 | Tesla shares are trading lower following worse-than-expected Q4 reported financial results. | Tesla Q4 Earnings Highlights: Revenue Miss, EPS Miss, EV Updates,  Automaker Says '2025 Will Be A Seminal Year'"
TSLA,2025-01-30,"Elon Musk's Tesla Records $600 Million In Paper Gains On Bitcoin In Q4 Thanks To New Accounting Rule | Tesla Likely To Sell Optimus To Rivals In 2026, Elon Musk Says Revenue Potential Of Bot North Of $10 Trillion: 'It's Real Bananas' | MrBeast And Group Of Investors, Including Roblox CEO, Lock In Over $20 Billion For TikTok Takeover | Gary Black Calls Tesla's Austin Robotaxi Launch By June 'Most Bullish' Takeaway, But Wants Answers On Auto Margins And Next-Gen EV | Tesla, Meta, Microsoft, IBM, Nvidia: Why These 5 Stocks Are On Investors' Radars Today | Tesla Stock Rises 5% After-Hours On FSD And New Vehicle Promises Despite Q4 Revenue Miss | Elon Musk Is 'Kind Of Glad' Many Didn't Pick Up A Tesla FSD Subscription: Here's Why | Tesla Expects 50% Surge In Energy Storage Deployments For 2025 After Segment Revenue Doubles In Q4 | Tesla CEO Elon Musk Dismisses LiDAR Again: 'Humans Drive Without Shooting Lasers Out Of Their Eyes' | Tesla, Apple And 3 Stocks To Watch Heading Into Thursday | Elon Musk Warns Tesla's New Model Y Will Result In Several Weeks Of Lost Production For EV Giant In Q1 | A Day After Elon Musk Hailed Tesla's 'Unsupervised' FSD, Ross Gerber Criticizes EV Maker's Autonomous Driving System: 'Doesn't Work When Dust Or Ash Get In The Cameras' | Why Meta Platforms Shares Are Trading Higher; Here Are 20 Stocks Moving Premarket | US Stocks Set For Gains Ahead Of Q1 GDP, Apple Earnings: Expert Says 'Higher January' Bodes Well For The Rest Of The Year | Elon Musk's EV Giant Rises In Thursday Premarket Despite Tesla Bear Saying 80% Of Its Cars Cannot Operate Using FSD | Wells Fargo Maintains Underweight on Tesla, Raises Price Target to $135 | Top 10 Trending Stocks On WallStreetBets As Of January 30, 2025 (Via Swaggy Stocks) | Dow Jumps Over 100 Points; Tesla Earnings Miss Views | Cantor Fitzgerald Maintains Neutral on Tesla, Raises Price Target to $425 | Elon Musk's Tesla Records $600 Million In Paper Gains On Bitcoin In Q4 Thanks To New Accounting Rule | Tesla Likely To Sell Optimus To Rivals In 2026, Elon Musk Says Revenue Potential Of Bot North Of $10 Trillion: 'It's Real Bananas' | MrBeast And Group Of Investors, Including Roblox CEO, Lock In Over $20 Billion For TikTok Takeover | Gary Black Calls Tesla's Austin Robotaxi Launch By June 'Most Bullish' Takeaway, But Wants Answers On Auto Margins And Next-Gen EV | Tesla, Meta, Microsoft, IBM, Nvidia: Why These 5 Stocks Are On Investors' Radars Today | Tesla Stock Rises 5% After-Hours On FSD And New Vehicle Promises Despite Q4 Revenue Miss | Elon Musk Is 'Kind Of Glad' Many Didn't Pick Up A Tesla FSD Subscription: Here's Why | Tesla Expects 50% Surge In Energy Storage Deployments For 2025 After Segment Revenue Doubles In Q4 | Tesla CEO Elon Musk Dismisses LiDAR Again: 'Humans Drive Without Shooting Lasers Out Of Their Eyes' | Tesla, Apple And 3 Stocks To Watch Heading Into Thursday | Elon Musk Warns Tesla's New Model Y Will Result In Several Weeks Of Lost Production For EV Giant In Q1 | A Day After Elon Musk Hailed Tesla's 'Unsupervised' FSD, Ross Gerber Criticizes EV Maker's Autonomous Driving System: 'Doesn't Work When Dust Or Ash Get In The Cameras' | Why Meta Platforms Shares Are Trading Higher; Here Are 20 Stocks Moving Premarket | US Stocks Set For Gains Ahead Of Q1 GDP, Apple Earnings: Expert Says 'Higher January' Bodes Well For The Rest Of The Year | Elon Musk's EV Giant Rises In Thursday Premarket Despite Tesla Bear Saying 80% Of Its Cars Cannot Operate Using FSD | Wells Fargo Maintains Underweight on Tesla, Raises Price Target to $135 | Top 10 Trending Stocks On WallStreetBets As Of January 30, 2025 (Via Swaggy Stocks) | Dow Jumps Over 100 Points; Tesla Earnings Miss Views | Cantor Fitzgerald Maintains Neutral on Tesla, Raises Price Target to $425 | Truist Securities Maintains Hold on Tesla, Raises Price Target to $373 | Baird Maintains Outperform on Tesla, Lowers Price Target to $440 | RBC Capital Reiterates Outperform on Tesla, Maintains $440 Price Target | 10 Consumer Discretionary Stocks Whale Activity In Today's Session | Tesla Stock Analysts Highlight FSD, Robotaxis, New Vehicles For Growth: 'Elon Has Never Sounded So Bullish' | Mizuho Reiterates Outperform on Tesla, Maintains $515 Price Target | Wall Street Remains Flat, Microsoft Eyes Heaviest Drop Since Late 2022, Gold Sets Fresh Records: What's Driving Markets Thursday? | President Trump Says He Will Put 25% Tariff On Canada And Mexico | UBS Maintains Sell on Tesla, Raises Price Target to $259 | Elon Musk Brushes Aside Concerns On Trump's EV Policies: 'Sustainable Transport Is Inevitable … It Can't Be Stopped'"
TSLA,2025-01-31,"Ross Gerber Says Robotaxi Is Here And It Is A Waymo From Google, Highlights Tesla's 'Severe Hardware Limitations' | Bitcoin, Dogecoin Trade Flat, Ethereum Rises Ahead Of Fed's Preferred Inflation Gauge Release: Will Bitcoin Peak In Early 2027? | Apple, Intel, Walgreens, UPS, And Tesla: Why These 5 Stocks Are On Investors' Radars Today | Tesla Researcher Predicts Drop In Deliveries For Elon Musk's EV Giant In 2025 Despite New Model Launches | Tesla Reports Over 10% Employee Reduction By Year-End Following April Layoffs | Tesla Marks White Interiors On Launch Series Of Refreshed Model Y As Sold Out Before Deliveries Begin | Vivek Ramaswamy Clarifies DOGE Exit Amid Speculation Of Sour Ties To Elon Musk, Shifts Focus To Ohio Governorship Bid: 'You Have to Do It Through Legislation' | Dow Jumps Over 150 Points As Investors Monitor Earnings Reports; Investor Sentiment Improves, Fear & Greed Index Remains In 'Neutral' Zone | Top Fund Manager Says Doubting Uber's Driverless Future Is 'Like Betting Against Amazon' | Toyota Retains Top-Selling Automaker Position While Continuing to Trail Tesla, BYD In EV Sales | Guggenheim Reiterates Sell on Tesla, Maintains $175 Price Target | Fed's Goolsbee Says We Are Getting To 2% Inflation, And Expectations Remain Firmly Anchored; Auto Execs Are Concerned About Impact Of Tariffs | Needham Reiterates Hold on Tesla to Hold | 10 Consumer Discretionary Stocks With Whale Alerts In Today's Session | Apple And Tesla Supplier STMicroelectronics Plans Up to 3,000 Job Cuts in Italy and France | Tech Stocks Rally, S&P 500 Flirts With Records, Gold Extends All-Time Highs: What's Driving Markets Friday? | Musk Aides Lock Career Staff Out Of Computer Systems At U.S. Government Personnel Agency, Sources Say | EXCLUSIVE: This 'Magnificent 7' Stock Will Feel The Pinch Of Fed's Rate Decision, Poll Shows"
TSLA,2025-02-01,"Tesla Begins Global Production Of Refreshed Model Y, Deliveries Start In March | Why Is Tesla's Stock Rallying Despite Earnings Miss? JPMorgan Analyst Puzzled | Palantir CEO Alex Karp Sounds Alarm on China's Deepseek – Could This Threaten Palantir's AI Dominance? | Tesla Begins Global Production Of Refreshed Model Y, Deliveries Start In March | Why Is Tesla's Stock Rallying Despite Earnings Miss? JPMorgan Analyst Puzzled | Palantir CEO Alex Karp Sounds Alarm on China's Deepseek – Could This Threaten Palantir's AI Dominance?"
TSLA,2025-02-02,"Trump's Tax Cuts Could Boost Tesla's Earnings, Rivian CEO Unfazed By EV Tax Credit Concerns And More: This Week In Mobility"
TSLA,2025-02-03,"Gary Black Warns Tesla's 18% Export Volume At Risk Amid Trump Tariffs: 'Full-Scale Retaliatory Trade War' Possible | Nvidia Supplier TSMC's Shares Plunge Over 6% In Taiwan As AI Selloff Intensifies Amid DeepSeek Impact | TikTok Ban Exposes 'Techno-Feudal' Power: Influencers With Massive Following Should Be Able To Carry Followers Across Platforms, Says Economist | Chamath Palihapitiya Relocates Businesses To Nevada Citing Delaware 'Judicial Activism' Against Tesla Shareholders | This Analyst With 85% Accuracy Rate Sees More Than 8% Upside In Tesla - Here Are 5 Stock Picks For January From Wall Street's Most Accurate Analysts | Former Tesla Exec Slams Trump Tariffs: 'Lumping Mexico, Canada With China Is Just Stupid' | Tesla, Nvidia, GM And Other Big Stocks Moving Lower In Monday's Pre-Market Session | Elon Musk's Tesla Could Import Model Y Into Canada Via Berlin As Trudeau, Trump Amp Up The Trade War With Tariffs And Counter Tariffs, Says Researcher | Top 10 Trending Stocks On WallStreetBets As Of February 3, 2025 (Via Swaggy Stocks) | 10 Consumer Discretionary Stocks With Whale Alerts In Today's Session | Stocks Trim Losses On Mexico Tariff Delay, Gold Extends Records, Tesla Sinks 6%: What's Driving Markets Monday? | President Trump Says I Haven't Seen Conflict Of Interest With Elon; If There Was A Conflict, We Wouldn't Let Elon Work On It | What's Going On With Tesla Stock Monday? | Tesla Sales Drop 12% In California: Is Elon Musk's Support For Donald Trump Hurting EV Sales? | Tesla Vs. JPMorgan: Two Of World's Largest Companies Show How Investors Favor Growth Over Value"
TSLA,2025-02-04,"Elon Musk Appointed As 'Special Government Employee' Amid DOGE Department Push: 'Can't Do Anything Without Our Approval,' Says Trump | Palantir, Nvidia, Paypal, Costco, Tesla: Why These 5 Stocks Are On Investors' Radars Today | Jim Chanos Blasts Tesla's Billion-Dollar Subsidies As Cybertruck Secures $7,500 Incentive After Elon Musk's Call To Shut Down USAID | Tesla's Golden State Struggles: Registrations Decline In US' Largest EV Market For 5th Straight Quarter | Tesla's Cybertruck Just Got More Affordable Thanks To $7,500 Tax Credit | Tesla Cybertruck Headed For A Sales Crash In 2025? Analyst Sounds The Alarm, Predicts Elon Musk-led EV Giant Will Move Less Than A Third Of Street Estimates | Tesla Introduces Cheaper Cybertruck Version In Canada While Raising Foundation Series Prices | Top 10 Trending Stocks On WallStreetBets As Of February 4, 2025 (Via Swaggy Stocks) | 10 Consumer Discretionary Stocks Whale Activity In Today's Session | Could The Trump-Established Sovereign Wealth Fund Invest In Bitcoin, Nvidia, TikTok? | Buying Palantir Stock Today Is Like Buying Tesla Stock 10 Years Ago, Dan Ives Says: 'This Could Be A $1 Trillion Market Cap'"
TSLA,2025-02-05,"AMD, Alphabet, Snap, Chipotle, And Tesla: Why These 5 Stocks Are On Investors' Radars Today | Tesla Bear Expects EV Giant's Earnings To Fall Below Bullish Estimates In 2025, Notes Majority Of Company's Revenues Come From Car Deliveries | Tesla Rival Figure AI Ends Collaboration With OpenAI After 'Major Breakthrough,' Says It Will Show 'Something No One Has Ever Seen On A Humanoid' In Next 30 Days | Alex Karp Says Elon Musk's DOGE Initiative Will Be 'Very Good' For Palantir: 'Expecting To See Really Unexpected Things And To Win' | Tesla Launches Limited-Time Car Insurance Subsidy for Model 3 In China, Researcher Expects It To Have 'Limited Impact' On EV Maker's Delivery Hardships In Q1 | Elon Musk To Reportedly Meet Indian PM Modi Later This Month: Tesla, Starlink Launch Talks On Radar? | Top 10 Trending Stocks On WallStreetBets As Of February 5, 2025 (Via Swaggy Stocks) | Tesla Unusual Options Activity For February 05 | 'Banks Sell $5.5 Billion Of X Loans After Investor Interest Surges' - WSJ | White House: Elon Musk Will Excuse Himself From Any Conflicts Of Interests Between His Business, Government Work | Trump Pushes For TikTok Deal, China Could Oblige If It Weren't For Those Tariffs — Here's What We Know"
TSLA,2025-02-06,"Lucid Deliveries Up 51% In January, Here's How Many Gravity SUVs Sold In First Full Month | Microstrategy, Qualcomm, Arm Holdings, Ford, And Tesla: Why These 5 Stocks Are On Investors' Radars Today | Tesla On Hiring Spree As It Gears To Start Production Of Optimus Robots For Its Own Factories: 'My Team Is Turning Tesla Bot Into A Reality' | Tesla's First Megafactory Outside US To Start Production On Feb 11: Report | BYD Overtakes Tesla In UK After Elon Musk-Led EV Maker's New Vehicle Registrations Drop In January | DeepSeek's AI Model Drives Surge In Chinese Tech Stocks, Closing Gap With US 'Magnificent Seven' | Matthews Provides Update On Ongoing Business Dispute Involving Tesla; Says It Prevailed In Arbitration, Affirms Right To Sell Dry Battery Electrode Technology | Matthews International Says It Won Arbitration Against Tesla, Resumes Sales of Advanced Battery Electrode Technology | Tesla's Chinese Rival BYD To Hire 20,000 More Workers In Zhengzhou, Plans Major Expansion To Meet Rising EV Demand | Lucid Deliveries Up 51% In January, Here's How Many Gravity SUVs Sold In First Full Month | Microstrategy, Qualcomm, Arm Holdings, Ford, And Tesla: Why These 5 Stocks Are On Investors' Radars Today | Tesla On Hiring Spree As It Gears To Start Production Of Optimus Robots For Its Own Factories: 'My Team Is Turning Tesla Bot Into A Reality' | Tesla's First Megafactory Outside US To Start Production On Feb 11: Report | BYD Overtakes Tesla In UK After Elon Musk-Led EV Maker's New Vehicle Registrations Drop In January | DeepSeek's AI Model Drives Surge In Chinese Tech Stocks, Closing Gap With US 'Magnificent Seven' | Matthews Provides Update On Ongoing Business Dispute Involving Tesla; Says It Prevailed In Arbitration, Affirms Right To Sell Dry Battery Electrode Technology | Matthews International Says It Won Arbitration Against Tesla, Resumes Sales of Advanced Battery Electrode Technology | Tesla's Chinese Rival BYD To Hire 20,000 More Workers In Zhengzhou, Plans Major Expansion To Meet Rising EV Demand | Top 10 Trending Stocks On WallStreetBets As Of February 6, 2025 (Via Swaggy Stocks) | Tesla Sales Drop 60% In Germany: Are Elon Musk's Politics Getting In The Way Of EV Growth? | Palantir Adds Elon Musk's AI Chatbot Grok To AIP | 10 Consumer Discretionary Stocks Whale Activity In Today's Session | Trump Focused On 10-Year Yield And Not On The Fed, Slower AI Growth Fears Weigh On Arm Stock"
TSLA,2025-02-07,"Palantir, Amazon, Affirm, Pinterest, And Tesla: Why These 5 Stocks Are On Investors' Radars Today | Gary Black Says Tesla's Autonomous Network Won't Make Uber Irrelevant, Cites Amazon As An Example Of Why Ride Hailing Middlemen Will Survive | Tesla Hikes Model X Price By $5000, Making It More Expensive Than Cybertruck | Elon Musk-Led Tesla Launches 0.99% APR Loan Rate On Model 3 In Canada Days After Hiking Prices | Mercedes Benz Gains Access To Tesla Supercharger Network: Looking To Add 500-1000 Supercharger Stalls A Month In North America, Says EV Giant's Exec | Tesla Drops 1.5% Premarket After Sales Of China-Made EVs In January Drop 11.5% YoY | Elon Musk's Brother Kimbal Musk And Other Tesla Execs Sell Over $73 Million In Stock | Tesla Stock Stumbles, But Musk's $10 Trillion AI Bet Is In Motion | Top 10 Trending Stocks On WallStreetBets As Of February 7, 2025 (Via Swaggy Stocks) | 'EU To Offer Lower Tariffs On U.S. Cars' - Financial Times | 10 Consumer Discretionary Stocks Whale Activity In Today's Session | Group Representing Automakers, Charging Companies Urge Trump Administration To Quickly Restart $5B Government EV Charging Funding Program | Options Corner: Tesla Could Charge Back Under The Volatility Sweet Spot"
TSLA,2025-02-08,"Tesla Launches Free Supercharging Offer On Model S, X In US To Battle Drop In Vehicle Deliveries | Tesla Researcher Says EV Giant Is Skipping A Step To Driverless Operations: 'It Took Waymo Three Years...' | While Elon Musk Has Been At The Center Of Trump's Presidency In The First Three Weeks, Data Shows His Rivals Jeff Bezos, Mark Zuckerberg And Others Benefited More Since The Inauguration: Here's More | Benzinga Bulls and Bears: Tesla, Palantir, AMD, Ford and XRP Rallies After Viral Jack Dorsey Video"
TSLA,2025-02-09,"Musk's Government Role, Trump's Tariffs, Bukele's Prison Proposal, DOGE Scandal, And Chevron's Venezuela Business: This Week In Politics | Trump's Sovereign Wealth Fund, Iran Sanctions, Tariffs, Musk's DOGE Target, And Tax Plans: Top Economics Updates This Week | Lucid's Record Deliveries, Figure AI's Breakthrough, Tesla's Hiring Spree And More: This Week In Mobility | Elon Musk's Former Employees Warn Federal Workers About Long Hours, Firings, And Much More"
TSLA,2025-02-10,"Tesla Investor Ross Gerber Slams FSD On Cybertruck As 'Not Usable,' Says It's 'Not Even In The Same League As Waymo' | Florida Engineer Says His Tesla Cybertruck Crashed Into A Light Post When FSD Was Deployed: 'It Is Easy To Get Complacent - Don't' | Elon Musk Shuts Down TikTok Buyout Rumors, Says He Prefers To Build Companies From Scratch: 'I Rarely Acquire Companies' | Tesla CEO Elon Musk, VP Of Finance Address Allegations Of Tax Fraud: 'Losses Were High For Many Years, So Carry Forward' | Bitcoin Advocate Balaji Pushes 'End The Fed' Author Ron Paul For Central Bank Chair Amid Elon Musk's Support: 'Nothing Can Stop An Idea...' | Google DeepMind CEO Calls DeepSeek AI 'Best Work' From China, But Says Hype Is Overblown: 'There's No Actual New Scientific Advance' | JPMorgan, BofA, Equifax, And Others May Get Relief After CFPB Dissolution: Maryland Senator Says He Will Ensure It Continues To 'Fight For Consumers' | Needham Reiterates Hold on Teslato Hold | Peter Rawlinson Wants Lucid To Be The Intel Of EVs: 'You Flash Your Microsoft Office… Bill Gates Gets His Royalty… I Want To Be Like That' | Tesla, ON Semiconductor And Other Big Stocks Moving Lower In Monday's Pre-Market Session | Tesla's Chinese Rival BYD May Lose Market Dominance As China's Dongfeng And Changan Mull Merger: Report | Tesla Researcher Ponders On Need For Rain Sensors After Cybertruck On FSD Crashes With Pole, Says It 'Doesn't Seem Ready For Driverless Operation Yet' | Tariffs, Trade Wars, Tesla's Dilemma: Is The EV Boom Hitting A Roadblock? | Top 10 Trending Stocks On WallStreetBets As Of February 10, 2025 (Via Swaggy Stocks) | 10 Consumer Discretionary Stocks Whale Activity In Today's Session | Tesla Investor Ross Gerber Slams FSD On Cybertruck As 'Not Usable,' Says It's 'Not Even In The Same League As Waymo' | Florida Engineer Says His Tesla Cybertruck Crashed Into A Light Post When FSD Was Deployed: 'It Is Easy To Get Complacent - Don't' | Elon Musk Shuts Down TikTok Buyout Rumors, Says He Prefers To Build Companies From Scratch: 'I Rarely Acquire Companies' | Tesla CEO Elon Musk, VP Of Finance Address Allegations Of Tax Fraud: 'Losses Were High For Many Years, So Carry Forward' | Bitcoin Advocate Balaji Pushes 'End The Fed' Author Ron Paul For Central Bank Chair Amid Elon Musk's Support: 'Nothing Can Stop An Idea...' | Google DeepMind CEO Calls DeepSeek AI 'Best Work' From China, But Says Hype Is Overblown: 'There's No Actual New Scientific Advance' | JPMorgan, BofA, Equifax, And Others May Get Relief After CFPB Dissolution: Maryland Senator Says He Will Ensure It Continues To 'Fight For Consumers' | Needham Reiterates Hold on Teslato Hold | Peter Rawlinson Wants Lucid To Be The Intel Of EVs: 'You Flash Your Microsoft Office… Bill Gates Gets His Royalty… I Want To Be Like That' | Tesla, ON Semiconductor And Other Big Stocks Moving Lower In Monday's Pre-Market Session | Tesla's Chinese Rival BYD May Lose Market Dominance As China's Dongfeng And Changan Mull Merger: Report | Tesla Researcher Ponders On Need For Rain Sensors After Cybertruck On FSD Crashes With Pole, Says It 'Doesn't Seem Ready For Driverless Operation Yet' | Tariffs, Trade Wars, Tesla's Dilemma: Is The EV Boom Hitting A Roadblock? | Top 10 Trending Stocks On WallStreetBets As Of February 10, 2025 (Via Swaggy Stocks) | 10 Consumer Discretionary Stocks Whale Activity In Today's Session | Stifel Maintains Buy on Tesla, Lowers Price Target to $474 | Mobileye Gains Analyst Upgrade On 2025 Catalysts, But Profit Delays And Competition Keep Rating Neutral | Tesla To $474? Here Are 10 Top Analyst Forecasts For Monday | Where Tesla Stands With Analysts | Taiwan Semiconductor's Trillion-Dollar Valuation: The Chipmaker Enabling AI Boom | Behind Marvell Tech's Multi-Fold Growth: R&D, Acquisitions And AI Infrastructure"
TSLA,2025-02-11,"Super Micro Computer, Gamestop, McDonald's, Monday.Com, And Tesla: Why These Stocks Are On Investors' Radars Today | Tesla Supplier CATL Eyes $5 Billion Hong Kong Listing Amid US Sanctions, Market Revival: Report | Tesla Starts Production At Shanghai Megafactory Less Than 9 Months After Beginning Construction | BYD Teams Up With DeepSeek To Outpace Tesla In Budget-Friendly AI-Driven Tech For Chinese Cars Amid Regulatory Roadblocks | BYD's 'God's Eye' And Huawei's Autonomous Driving Progress Spark Concerns For Tesla: Ross Gerber Points Out, 'All Use LIDAR' | Elon Musk's Tesla To Launch Performance Variant Of Refreshed Model Y 'Later This Year' | Deploying Tesla Superchargers Cost $40,000-$45,000 Per Stall Or Roughly The Price Of Model 3 Sedan, Says Exec | Former Exec Sees Tesla Taking Over Uber In Ride Hail With Robotaxis, But This Fund Manager Believes Elon Musk's EV Giant Won't Have A Network As Large | Tesla 'Still On Track' To Launch Autonomous Ride Hailing In Austin By June, Says Elon Musk: '...It Only Gets Better From Here' | Justin Trudeau Slams 'Unacceptable' US Tariffs After Trump Imposes 25% Levy On Metal Imports : 'Canadians Will Stand Up Strongly And Firmly If We Need To' | Top 10 Trending Stocks On WallStreetBets As Of February 11, 2025 (Via Swaggy Stocks) | 10 Consumer Discretionary Stocks Whale Activity In Today's Session | US Stocks Dip As Powell Stays Cautious, Intel Climbs, Tesla Sinks To 11-Week Low: What's Driving Markets Tuesday? | Lyft Rides A Bullish Wave Ahead Of Q4 Earnings, But Will Robotaxis Be A Game-Changer? | Tesla Stock Is Tumbling Tuesday: What's Driving The Action?"
TSLA,2025-02-12,"Super Micro Computer, Upstart, Lyft, Doordash, Tesla: Why These 5 Stocks Are On Investors' Radars Today | Meta's AI Push Could Add $100 Per Share While Tesla Faces EV Headwinds: Top Analyst | Gary Black Takes Stock Of Lyft's Record Year With 44 Million Riders As Company Plans Mobileye Robotaxis By 2026 | Tesla Releases Supervised Full Self-Driving In Mexico, Says 'Hola' To Local Drivers | Tesla Rivals Call For Gradual Elimination Of EV Tax Credits: 'Many Of Those Jobs Will Be At Risk' | Tesla Q1 Deliveries Could Drop Below 400,000 As Brand Sentiment Takes A Hit, Says Researcher | Dow Gains Over 100 Points Following Powell Comments: Fear & Greed Index Remains In 'Neutral' Zone | US Stocks Set For A Cautious Start Ahead Of Inflation Data: Expert Says 'Strong Bull Markets Tend To Roar Back To Life After Corrections' | GLJ Research Reiterates Sell on Tesla, Maintains $24.86 Price Target | Time To Trim Big Tech? This Analyst Says Reducing 'Mag 7' Exposure Is Now 'Prudent' | Elon Musk's $97B OpenAI Bid A 'Distraction' From Tesla's Challenges, Says Analyst As TSLA Stock Set For Sixth Consecutive Drop | Taiwan Semiconductor Under Pressure From Trump Tariff Threats, Could Push Advanced Packaging Capacity to US | Elon Musk Set To Meet India PM Narendra Modi During U.S. Trip; Musk-Modi Talks Could Include Starlink's Plans To Launch Satellite Broadband Services In India, Sources Say | House Speaker Johnson Says He Believes The White House Is Considering Exemptions To Reciprocal Tariffs Including Autos And Pharmaceuticals | Super Micro Computer, Upstart, Lyft, Doordash, Tesla: Why These 5 Stocks Are On Investors' Radars Today | Meta's AI Push Could Add $100 Per Share While Tesla Faces EV Headwinds: Top Analyst | Gary Black Takes Stock Of Lyft's Record Year With 44 Million Riders As Company Plans Mobileye Robotaxis By 2026 | Tesla Releases Supervised Full Self-Driving In Mexico, Says 'Hola' To Local Drivers | Tesla Rivals Call For Gradual Elimination Of EV Tax Credits: 'Many Of Those Jobs Will Be At Risk' | Tesla Q1 Deliveries Could Drop Below 400,000 As Brand Sentiment Takes A Hit, Says Researcher | Dow Gains Over 100 Points Following Powell Comments: Fear & Greed Index Remains In 'Neutral' Zone | US Stocks Set For A Cautious Start Ahead Of Inflation Data: Expert Says 'Strong Bull Markets Tend To Roar Back To Life After Corrections' | GLJ Research Reiterates Sell on Tesla, Maintains $24.86 Price Target | Time To Trim Big Tech? This Analyst Says Reducing 'Mag 7' Exposure Is Now 'Prudent' | Elon Musk's $97B OpenAI Bid A 'Distraction' From Tesla's Challenges, Says Analyst As TSLA Stock Set For Sixth Consecutive Drop | Taiwan Semiconductor Under Pressure From Trump Tariff Threats, Could Push Advanced Packaging Capacity to US | Elon Musk Set To Meet India PM Narendra Modi During U.S. Trip; Musk-Modi Talks Could Include Starlink's Plans To Launch Satellite Broadband Services In India, Sources Say | House Speaker Johnson Says He Believes The White House Is Considering Exemptions To Reciprocal Tariffs Including Autos And Pharmaceuticals | Republican Senators Propose $1,000 Tax On New Electric Vehicle Purchases To Account For Road Repair Costs | 10 Consumer Discretionary Stocks Whale Activity In Today's Session | Benchmark Initiates Coverage On Tesla with Buy Rating, Announces Price Target of $475 | Stocks Trim Losses After Hot Inflation, Bonds Remain Pressured, Tesla Rebounds: What's Driving Markets Wednesday? | Why The MAGS ETF Has Remained Flat Year-to-Date Despite Some Strong Performers | Charles Gasparino Posts On X ""Breaking: Musk has told people he plans to spend the next four months working on DOGE; he's aiming to cut $2 trillion from the budget through DOGE; once DOGE'S goals are met, inflation will be dropping to 2%; Musk has said he works so hard on DOGE he's sleeping in his White House office..."" | Tesla Jumps As Analyst Highlights Growth In EVs, AI, Robotics | Congress Member Josh Gottheimer Dumps Nvidia, Microsoft, Loads Up On Tesla Stocks Instead"
TSLA,2025-02-13,"Dutch Bros, Robinhood, AppLovin Corp, Reddit, Tesla: Why These 5 Stocks Are On Investors' Radars Today | Elon Musk's DOGE Dedication Sparks Tesla 'Brand Deterioration' As EV Maker Drops 20% After Trump Inauguration — Dan Ives Says 'Bark Way Worse Than The Bite' | Tesla Fights Supercharger Vandalism And Theft With Dye Bombs, Cable Engravings | Tesla's $400 Million Armored Cybertruck Deal Under Fire As Short Seller Jim Chanos Questions Elon Musk's DOGE Role In Cutting 'Wasteful Government Spending' | Tesla Hikes Discounts On Cybertrucks By 3X To $6000 As It Looks To Clear 2024 Inventory | Dow Dips More Than 200 Points Following Inflation Report, Megacap Tech Stocks Edge Lower: Greed Index In 'Fear' Zone | Tesla CEO Elon Musk Denies Potentially Bagging $400 Million Government Contract For Armored Vehicles: 'No One Mentioned It To Me, At Least' | Trump Nominates Apple Employee To Oversee Safety Probes Multiple Automakers, Including Elon Musk's Tesla | Tesla Stock Climbs Over 2% In Thursday Pre-Market: What's Going On? | US Stocks Set For A Mixed Start Following Higher Inflation Print: Expert Says Earnings Remain Strong Despite Uncertainty | Apple's Next Big Bet? Tim Cook-Led Company Is 'Exploring' Humanoid As Well As Non-Humanoid Robots For Smart Home Future, Says Top Analyst | Elon Musk Urges Trump To 'Delete Entire Agencies' As DOGE Lead Calls For Radical US Spending Cuts: 'Remove The Roots Of The Weeds' (UPDATED) | Top 10 Trending Stocks On WallStreetBets As Of February 13, 2025 (Via Swaggy Stocks) | 10 Consumer Discretionary Stocks Whale Activity In Today's Session | India PM Narendra Modi Posts On X ""Had a very good meeting with @elonmusk in Washington DC. We discussed various issues, including those he is passionate about such as space, mobility, technology and innovation. I talked about India's efforts towards reform and furthering 'Minimum Government, Maximum Governance.'"" | President Trump Says Provisions Will Be Made For Non-Monetary Tariff, Such As Tests On Cars; Provisions For Non-Monetary Tariffs Will Include Limitations On Trade | President Trump Says This Will Be Over And Above Steel Tariffs, Also Cars, Pharmaceuticals; Car Tariffs Coming Soon | Tesla Registers 'Robus,' 'Robobus,' Hinting At Ride-Share, Transit Vision"
TSLA,2025-02-14,"Will Tesla Finally Enter India? Modi-Musk Meeting Reportedly Focused On Tariffs, Starlink Licensing, And SpaceX | GameStop, Coinbase, Palo Alto, Airbnb, Tesla: Why These 5 Stocks Are On Investors' Radars Today | Apple, Tesla And Other MAG 7 Peers Too Expensive? Top Hedge Fund Challenges 'Overvaluation' Concerns, Says They Are Fairly Priced If They Sustain 20% Earnings Growth Rate | Ray Dalio's Bridgewater Associates Reported Purchase Of 153,589 Shares In A 13F Filing On Thursday | US Stocks Set For A Volatile Start: Analyst Dismisses Chances Of 20%+ S&P 500 Gain For Third Year In A Row, But Says 'Investors Should Be Optimistic' | Dow Jumps Over 300 Points Following Recent Inflation Data; Investor Sentiment Improves, Fear & Greed Index Moves To 'Neutral' Zone | Uber CEO Hints At Potential Tesla Partnership For Robotaxis: 'No One Wants To Compete Against Tesla Or Elon' | TSLA Stock Has Plunged Over 25% From Its December Peak, And This Analyst Says It Has Not 'Bottomed' Yet: 'One More Move Down, Which Could Happen Over The…' | Tesla's Global Market Share Shrinks In January As UBS Calls It A 'Very Poor Month' For Elon Musk's EV Giant | Time To Lock In Gold Gains | Will Tesla Finally Enter India? Modi-Musk Meeting Reportedly Focused On Tariffs, Starlink Licensing, And SpaceX | GameStop, Coinbase, Palo Alto, Airbnb, Tesla: Why These 5 Stocks Are On Investors' Radars Today | Apple, Tesla And Other MAG 7 Peers Too Expensive? Top Hedge Fund Challenges 'Overvaluation' Concerns, Says They Are Fairly Priced If They Sustain 20% Earnings Growth Rate | Ray Dalio's Bridgewater Associates Reported Purchase Of 153,589 Shares In A 13F Filing On Thursday | US Stocks Set For A Volatile Start: Analyst Dismisses Chances Of 20%+ S&P 500 Gain For Third Year In A Row, But Says 'Investors Should Be Optimistic' | Dow Jumps Over 300 Points Following Recent Inflation Data; Investor Sentiment Improves, Fear & Greed Index Moves To 'Neutral' Zone | Uber CEO Hints At Potential Tesla Partnership For Robotaxis: 'No One Wants To Compete Against Tesla Or Elon' | TSLA Stock Has Plunged Over 25% From Its December Peak, And This Analyst Says It Has Not 'Bottomed' Yet: 'One More Move Down, Which Could Happen Over The…' | Tesla's Global Market Share Shrinks In January As UBS Calls It A 'Very Poor Month' For Elon Musk's EV Giant | Time To Lock In Gold Gains | Tesla shares are trading higher after a 13F filing showed Bridgewater Associates purchased 153,589 shares. | Tesla Vs. Ford: New Defiance ETF Capitalized On Market Disruptors | 10 Consumer Discretionary Stocks With Whale Alerts In Today's Session | What's Going On With Lucid Stock Today? | Viking Global Investors' Latest 13F Filing Reveals Dissolved Stakes In Apple By 4.86M Shares, Workday By 3.27M Shares, Las Vegas Sands By 8.67M Shares, McDonald's By 1.12M Shares, Vertiv Holdings By 2.81M Shares, Acadia Healthcare By 3.70M Shares, CBRE Group By 1.57M Shares, Carnival By 9.56M Shares, Freeport-McMoRan By 3.14M Shares, Eli Lilly By 152K Shares, 3M By 840.75K Shares, Ameriprise Financial By 243.06K Shares, Tesla By 436.27K Shares, Rogers Communications By 2.70M Shares | Third Point Raises Share Stake In Tesla Inc By 25% To 500,000 Shares"
TSLA,2025-02-15,"Mark Zuckerberg Follows Elon Musk's Footsteps As Meta Reportedly Plans Major Investment Into AI-Powered Humanoid Robots | Tesla, Ford, GM In Focus: After Tariffs On China, Mexico, And Canada, Trump Now Eyes Auto Industry For Next Move | Billionaire Investor Dan Loeb Boosts Stake In Mark Zuckerberg's Meta, Elon Musk's Tesla, But Sold These Three Mag 7 Stocks In Q4"
TSLA,2025-02-16,"Musk's DOGE Under Treasury Scrutiny, Trump's Tariffs Impacting Soda Industry, And More | Trump's Auto Tariffs, Tesla's Stock Plunge, Uber's Tesla Partnership, Musk's Dubai Loop And Starbase City | Sheryl Crow Ditches Tesla Over Elon Musk's DOGE and Trump Ties | Apple and Meta in Race To Develop AI-Powered Humanoid Robots"
TSLA,2025-02-17,"Ross Gerber Says He's 'Eventually' Selling His Cybertruck Because The 'Hate Is Real' As Protests Rock Tesla Showrooms | AI Adoption To Boost Chinese Stocks By Up To $200 Billion, Predicts Goldman Sachs: EPS To Rise By 2.5% Annually Over Next 10 Years | Billionaire Ray Dalio's Bridgewater Trims Holdings In 6 Of 'Magnificent 7' Stocks Amid Valuation Concerns, Adds This Automotive Stock After 3 Years | Tesla Rival BYD Sets 2027 Target For Mass Production Of Solid-State Batteries: 'Will Be Mainly Used In High-End Models' | Elon Musk Points To Bill Clinton-Era Government Job Cuts Amid Tesla Showroom Protests | Tesla's California Sales Hit Four-Year Low Amid Political Concerns: Researcher Says 'Left-Leaning Customers Are Turning Away' From EV Giant | 10 Consumer Discretionary Stocks With Whale Alerts In Today's Session | From Tech to Politics: How Elon Musk Is Empowering Far Right Across the Globe"
TSLA,2025-02-18,"Elon Musk Will Unleash Grok 3 Tonight: Tesla Integration, Live-Voice Mode, And More — Here's What To Expect | Tesla's Refreshed Model Y Rolls Off Shanghai Gigafactory, Deliveries To Start 'Soon' | Billionaire Investor Stanley Druckenmiller Dumps Broadcom, Bets Big On Tesla, Amazon And Other Big Tech Stocks In Q4 | Elon Musk's India Plans Back On Track? Tesla Lists Jobs After Meeting With Prime Minister Modi | Tesla's Self-Driving Ambitions In China At Risk As US-China Trade War Heats Up: 'It's A Bit Of A Quandary,' Says Elon Musk | GOP Megadonor Ken Griffin's Citadel Scores 77% Return On Palantir Despite Trimming Stake, Doubles Down On These 4 'Mag 7' Stocks | Elon Musk Sparks Debate On Social Security Data After Report Finds Millions Of Alive Centenarians In America | Tesla Bull Advises EV Giant Investors To Limit Emotion Tied To The Product: 'I Love Starbucks But I Wouldn't Own SBUX Stock' | After Discounts, Tesla Is Now Offering Free Vinyl Wraps To Boost Foundation Series Cybertruck Sales | Tesla Files Fresh Lawsuit Against Matthews After Court Defeat | Sam Altman's OpenAI Reportedly Considers Special Voting Rights To Thwart Elon Musk's Acquisition Attempt And Defend Future Unsolicited Bids | Tesla Finalizes Locations for New Delhi, Mumbai Showrooms As It Plans to Start India Sales | Bill Gates Hopes Elon Musk Will Rethink Slashing USAID: Their Work Is Something 'Every Taxpayer Would Be Proud Of' | Top 10 Trending Stocks On WallStreetBets As Of February 18, 2025 (Via Swaggy Stocks) | Toyota Agrees To Transfer Order For LG Energy Batteries To Michigan Plant That GM Is No Longer Using | Viking Bails On Apple, Tesla And Trims Nvidia: Is This A Big Tech Rethink?"
TSLA,2025-02-19,"Elon Musk Says SpaceX Created History By Blasting Off A Rocket From One Country And Landing It Another: 'This is The First Time…' | Palantir, Intel, Arista, Occidental, And Tesla: Why Are These 5 Stocks On Investors' Radars Today | Elon Musk Defends DOGE Initiatives, Says His Role Is To Provide Trump With Tech Support: 'If The Bureaucracy Is Fighting The Will Of The People…' | Elon Musk Says SpaceX Created History By Blasting Off A Rocket From One Country And Landing It Another: 'This is The First Time…' | Palantir, Intel, Arista, Occidental, And Tesla: Why Are These 5 Stocks On Investors' Radars Today | Elon Musk Defends DOGE Initiatives, Says His Role Is To Provide Trump With Tech Support: 'If The Bureaucracy Is Fighting The Will Of The People…' | Elon Musk's Tesla Prepares For India Expansion, Engineer Confirms Hiring Push: 'We Are Looking For Motivated Talent To Help Us…' | Tesla Cybertruck Receives 5-Star Safety Rating: 'Apocalypse-Level Safe,' Says Elon Musk | Trump Announces 25% Tariff On Auto Imports, Chips And Pharmaceuticals, Shaking Global Trade: Nvidia, Apple, TSMC And Others In Focus | Elon Musk's DOGE Reports Nearly $4.7 Trillion Untraceable In Federal Payments, Makes TAS Tag Mandatory | Tesla-Rival Rivian's $6.6 Billion Federal Loan Under Scrutiny As Trump Administration Reviews Funding | DOGE Reportedly Fires FDA Staff Reviewing Elon Musk's Neuralink: 'We Should Be Worried About The Whole Trial,' Says Former Official | Baidu's Robotaxi Service Hits 1.1 Million Paid Rides In Q4, Expands To Hong Kong As 1st Operator Allowed To Test Autonomous Vehicles | Elon Musk Teases Tesla Robovan Meant To Accommodate Big Families With Up To 20 Members | Elon Musk's X Seeks $44 Billion Valuation In New Funding Round Amid Renewed Investor Interest: Report | Tesla's India Launch Will Not Help Prevent Drop In Global Deliveries In 2025, Says Researcher | Top 10 Trending Stocks On WallStreetBets As Of February 19, 2025 (Via Swaggy Stocks) | Tesla's Options Frenzy: What You Need to Know | Trade War Redux: These ETFs Due For Bumpy Ride Thanks To Trump Tariffs On Auto, Pharma, Chip Imports | 10 Consumer Discretionary Stocks Whale Activity In Today's Session | EXCLUSIVE: Apple, Nvidia, Tesla Or Boeing? Which Company Faces the Biggest Risk From Trump's China Tariffs — 35% Say This Stock | EPA Submits Biden Administration Approval Of California Plan To End Sale Of Gasoline-Only Vehicles By 2035 To Congress For Review"
TSLA,2025-02-20,"Palantir, Carvana, Enovix, Grab, Tesla: Why These 5 Stocks Are On Investors' Radars Today | Palantir Plunges 5% After Hours As Alex Karp Plans $1.23 Billion Stock Sale, Cramer Urges 'Palanteers' For Support Amid Defense Cuts | Tesla To Pilot Virtual Queue System At Select Superchargers In Q2: 'Wider Rollout This Year If Feedback Is Positive' | Trump's 20% 'DOGE Dividend' Tax Refund Plan Might Cripple 'Entire Effort,' Says Tax Expert — Here's How Much Everyone Would Get | Trump's Goal Is To 'Abolish' IRS And 'Let All The Outsiders Pay,' Says Newly Confirmed Commerce Secretary Howard Lutnick | Bitcoin-Friendly Bank Stock Held By Warren Buffett And Cathie Wood Has Crushed Their Top Holdings Apple And Tesla In 2025 | Elon Musk's Tesla Cited By OSHA Over Death Of Electrician At Giga Texas: Report | Tesla Exec Pins Delay In Cybertruck Crash Test Report On NHTSA, Says 'We've Known It Was 5 Star From The Beginning' | Controversy And Opportunity Provide Fuel For Direxion's Tesla Bull And Bear Funds | Jeff Bezos' Ex-Wife MacKenzie Scott's $19B Donations Are Transforming 2,000+ Nonprofits: Report | Top 10 Trending Stocks On WallStreetBets As Of February 20, 2025 (Via Swaggy Stocks) | Trump Nominee Says Auto Safety Agency Will Take Fair, Objective Approach To Overseeing Safety Investigations Into Tesla | U.S. FTC Says It Launches Inquiry On Tech Censorship | 10 Consumer Discretionary Stocks With Whale Alerts In Today's Session"
TSLA,2025-02-21,"Alibaba, Rivian, Nu Holdings, Walmart, And Tesla: Why These 5 Stocks Are On Investors' Radars Today | Nvidia Unveils 'Signs' AI Platform For Teaching American Sign Language, Expanding Into Assistive Tech | Gold Is An 'Essential Component' Of Portfolio, Says Expert As It Nears $3000 While Trump, Musk Suggest Fort Knox Inspection Amid The Surge | Elon Musk's Tesla Recalls Nearly 380,000 Model 3, Y Vehicles In US Over Loss Of Power Steering Assist Concerns | Institutional Investors Load Up On Technology And Financial Stocks In Q4 While Reducing Positions In Healthcare Sector Amid Political Uncertainty | Elon Musk Approval Rating Hits 41%: Voters Not Impressed With DOGE Work And Calls To Eliminate Departments | Top 10 Trending Stocks On WallStreetBets As Of February 21, 2025 (Via Swaggy Stocks) | India To Finalize New EV Policy Next Month; India To Count Only 5% Of EV Investment Toward Charging For Tariff Relief For Foreign Automakers | 10 Consumer Discretionary Stocks Whale Activity In Today's Session"
TSLA,2025-02-22,Will Elon Musk's Tesla Team Up With Uber To Roll Out Robotaxis? CEO Dara Khosrowshahi Spills The Beans | Former Tesla Booster Now Warns Stock Faces Major Pain in 2025
TSLA,2025-02-23,"Cardone Exits XRP, Dogecoin Millionaire's Conviction Plays, Schiff's Concerns, Pepe Bull's Predictions, And Musk's Dogecoin Endorsement: This Week In Crypto | Author of Upcoming Elon Musk Biography Questions His 'Intellectual Achievements' | Elon Musk Demands Federal Workers Justify Their Jobs — FBI's Kash Patel Tells Employees Not To Respond | Rivian's New Edition, Spacex Delays, Tesla's Decline, And Nikola's Bankruptcy: This Week In Mobility"
TSLA,2025-02-24,"Elon Musk-Led Tesla's Supercharger Vandalized With Nazi Symbols, EV Giant Says It 'Will Press Charges' | Tesla Begins Hiring For Cybercab Manufacturing As Elon Musk-Led EV Giant Prepares For Robotaxi Rollout | Elon Musk-Led Tesla's Supercharger Vandalized With Nazi Symbols, EV Giant Says It 'Will Press Charges' | Tesla Begins Hiring For Cybercab Manufacturing As Elon Musk-Led EV Giant Prepares For Robotaxi Rollout | Elon Musk's DOGE Savings Of $55 Billion May Be Overstated — WSJ Analysis Reveals The Likely Actual Figure | Tesla Exec Confirms Roadster Update Talks, Collaboration With SpaceX For Top Specs | Tesla To Launch Refreshed Model S, X Later This Year, Says Senior Exec | Tesla's Cybercab To Ditch Stainless Steel And Paint, Says Senior Company Exec: Here's How It Will Get Its Signature Gold Look | ""Tesla To Roll Out Software Update To China EV Owners In Batches; Prepares To Deploy Long-Awaited FSD Features In China; Tesla Plans Software Update W/ Assisted Driving For City Roads"" | Top 10 Trending Stocks On WallStreetBets As Of February 24, 2025 (Via Swaggy Stocks) | Is the Market Bullish or Bearish on Tesla? | Benzinga Market Summary: Starbucks To Cut 1,000 Workers To Streamline Operations, President Trump Says Apple's ""Faith In What We Are Doing"" Is Reason For Planned $500 Billion Investment In Country, Tesla To Deploy Full Self-Driving Features In China | 10 Consumer Discretionary Stocks Whale Activity In Today's Session | Palantir Extends Losses, Microsoft Slides: What's Driving Markets Monday? | Defiance Seeks SEC Approval For ETF Tied To Trump Policies: 'You Could Have A Nice Run, But...' | What's Going On With Tesla Stock Monday?"
TSLA,2025-02-25,"Tesla Starts Rolling Out FSD Features In China A Month After Elon Musk Said EV Giant Faces 'Challenges' In The Country | Jamie Dimon Slams 'Inefficient' US Government, Backs Elon Musk's DOGE Initiative | Palantir, Tempus AI, Riot Platforms, Berkshire Hathaway, And Tesla: Why These 5 Stocks Are On Investors' Radars Today (CORRECTED) | Polestar Attempts To Woo Disgruntled Tesla Owners With Offers: '2025 To Be Strongest Year In Polestar's History' | Elon Musk-Led Tesla Loses Another Key Designer As David Imai Heads To Arc Boats | Top 10 Trending Stocks On WallStreetBets As Of February 25, 2025 (Via Swaggy Stocks) | Guggenheim Reiterates Sell on Teslato Sell | 10 Consumer Discretionary Stocks Whale Activity In Today's Session | Tesla Competes Against Chinese Rivals 'With One Hand Tied Behind Its Back': Analyst | Bitcoin Plunges As Consumer Confidence Falls: What's Driving Markets Tuesday? | STMicroelectronics Faces Leadership Shakeup, Italy Seeks New CEO Amid Semiconductor Struggles | Tesla Acquires German Tech Firm Manz Assets Amid Insolvency"
TSLA,2025-02-26,"Bitcoin, Ethereum, Dogecoin Pare Losses Even As 'Extreme Fear' Prevails: Top Analyst Has This To Say About Buying The Dip | Tesla, First Solar, Cava Group, Lucid Group, And Super Micro Computer: Why Are These 5 Stocks On Investors' Radars Today | Elon Musk-Led Tesla Kickstarts Deliveries Of Refreshed Model Y In China: US Customers Expected To Get Their Vehicles From March | Tesla Loses $1 Trillion Valuation As Shares Plunge 8%— Elon Musk's DOGE Role, Brand Backlash Fuel Sell-Off | Tesla Unlikely To Deliver 500,000 EVs In A Quarter In 2025, Says Researcher: 'Doesn't Seem Possible This Year Either' (UPDATED) | Lucid Prepares To Launch Affordable EVs: First Midsize Model Could Be Unveiled As Early As This Year To Take On Elon Musk's Tesla | Top 10 Trending Stocks On WallStreetBets As Of February 26, 2025 (Via Swaggy Stocks) | Stock Buying Ahead Of Nvidia Earnings On Potential Tax Cuts And Large Medicaid Cuts | 10 Consumer Discretionary Stocks With Whale Alerts In Today's Session"
TSLA,2025-02-27,"Nvidia, MARA Holdings, Snowflake, Applovin, And Tesla: Why These 5 Stocks Are On Investors' Radars Today | Jeff Bezos' Washington Post Overhaul Draws 'Oligarch' Remark From Bernie Sanders — Elon Musk Says 'Bravo' To Amazon Founder | Trump Team Commits $1 Billion To Combat Bird Flu, Lower Egg Prices: 'Hopefully By Summer', Says USDA | Elon Musk's Tesla Upgrades Giga Texas: Driverless Cars, Cybercab Preparations, GPU Training Cluster And More | Tesla Stock Has Fallen Nearly 40% From December Peak, Wiping Almost $137 Billion From Elon Musk's Wealth | Top 10 Trending Stocks On WallStreetBets As Of February 27, 2025 (Via Swaggy Stocks) | 10 Consumer Discretionary Stocks Whale Activity In Today's Session | 'Tesla Sets Sights On Waymo, Uber In California Ride-Hailing Bid' - Bloomberg News | China's Baidu And CATL Team Up To Build Next-Gen Driverless EVs, Integrating Advanced Battery And Chassis Tech | 'Elon Musk's Tesla moves to launch robotaxi service in California' | Tesla Seeks California Ride-Hailing Permit Amid Declining EV Sales | Elon Musk Out As Canadian Citizen? Nearly 1% Of Country's Population Signs Petition To Revoke Citizenship"
TSLA,2025-02-28,"Nvidia, AMD, Archer Aviation, Rocket Lab, And Tesla: Why Are These 5 Stocks On Investors' Radars Today | Waymo Offering 200,000 Robotaxi Rides Per Week, Says Alphabet CEO Sundar Pichai: '20x Growth In Less Than 2 Years' | Tesla Rival Xiaomi Slashes Luxury EV Price By 35% To Challenge Model S, Porsche In China | Nvidia, AMD, Archer Aviation, Rocket Lab, And Tesla: Why Are These 5 Stocks On Investors' Radars Today | Waymo Offering 200,000 Robotaxi Rides Per Week, Says Alphabet CEO Sundar Pichai: '20x Growth In Less Than 2 Years' | Tesla Rival Xiaomi Slashes Luxury EV Price By 35% To Challenge Model S, Porsche In China | Tesla Cybertruck Inventory Swells Despite Discounts, Falling Short of Elon Musk's Vision | Top 10 Trending Stocks On WallStreetBets As Of February 28, 2025 (Via Swaggy Stocks) | Tesla: The Only Magnificent Seven Stock In Freefall - Can It Reverse Course? | Polestar Secures New $450M Financing Deal To Boost Growth | 10 Consumer Discretionary Stocks With Whale Alerts In Today's Session | Tesla's Sharp Drop Sends Shockwaves Through These ETFs | Nvidia, Tesla Lead Tech Stock Rebound: What's Driving Markets Friday? | How I Saw This Tech Crash Coming a Mile Away – And You Could Have Too | Bitcoin, Magnificent 7 Lose Safe-Haven Status In 2025 As China ETFs, Dow Stocks Outperform"
TSLA,2025-03-01,"After FSD Rollout In China, Musk Says Rollout In Europe Delayed Owing To Lack Of Approvals | Tesla Owners Stay True To Their Cars, While GM Retains The Most Loyal Customers | Tesla Offers Deep Discounts Of Up To $7950 On The Model Y As The EV Giant Gears Up To Deliver The Refreshed Version | Here's The Mystery Donor Who Donated 10 Tesla Cybertrucks To Las Vegas Metropolitan Police Department: Report | Benzinga Bulls And Bears: Joby Aviation, Nvidia, Tesla — And Bitcoin Drops Below $80,000"
TSLA,2025-03-02,"Musk's DOGE Controversy, Trump's Trade Tariffs, And Ramaswamy's Gubernatorial Bid: This Week In Politics | Junk Bond Warning, Buffett's Tax Views, Trump's Trust, Musk's UBI Prediction, And Mortgage Rates: This Week In Economy | Tesla, Palantir And MicroStrategy Are Among Top 12 Large-Cap Losers Last Week (Feb 24-Feb 28): Are The Others In Your Portfolio? | Tesla Exec Says Cybercab Will Use No Paint Shop, Elon Musk Urges Retired Air Traffic Controllers To Return To Work, And More: This Week In Mobility | Elon Musk Claims Rival Billionaire Wants to 'Destroy' Trump To Suppress Jeffrey Epstein Client List | $21 Trillion Wealth-Creating Stocks Are Still Undervalued — Three Big Bargains To Buy Now"
TSLA,2025-03-03,"Tesla FSD 'Like a 12-Year-Old Driving' Compared To Waymo, Says Ross Gerber, Warning Uber 'Has Got To Be Hurting' | Nasdaq Jumps 300 Points As Nvidia, Tesla Stocks Surge: Investor Sentiment Improves, But Greed Index Remains In 'Extreme Fear' Zone | Elon Musk Calls SoftBank's Masayoshi Son 'Overleveraged' As $16 Billion AI Loan Fuels Debate About Viability Of OpenAI's Stargate Project | New Tesla Registrations Dip By 50% In EU In January Despite Rising Overall BEV Market Share | Tesla China Wholesale Numbers Are Unimportant, Says Researcher: Here's What Matters More | Billionaire Investor Howard Marks Warns Against AI's 'Powerful' Novelty And FOMO As Nvidia, Other AI-Linked Stocks Tumble In 2025: Says This Enthusiasm 'Sometimes Leads To Bubbles' | Elon Musk's Starlink Set For Speedy Vietnam License Amid Push By Prime Minister Chinh To Tackle Tariff Threats | Tesla Design Exec Says EV Giant Looking To Add Tech From Upcoming Roadster To Model S, X: 'There Is Always More Performance' | Tesla Falls Nearly 23% Destroying $354 Billion Of Investor Wealth In 2025: 'It's Only Going To Get Worse,' Says Top Investor | Tesla CEO Elon Musk Acknowledges Need For Protection Against Keying: 'Car Could Honk At People...' | Tesla Rival BYD More Than Doubles Passenger Vehicle Sales In February, Triples Production | US Stocks Likely To Open Higher As Wall Street Watches Trump Tariff Talks: 'March, April, May Tend To Be Solid Months In Post-Election Years,' Says Expert | Warren Buffett Says He Has Spoken To Elon Musk 'A Few Times,' But Repeatedly Dodges Questions About Tesla CEO's DOGE Efforts: 'Well, I Better Not Get Into All That' | Top 10 Trending Stocks On WallStreetBets As Of March 3, 2025 (Via Swaggy Stocks) | Musk Criticizes US Debt, Economic Policies: 'A Poorly Managed Business' | Comparing Tesla With Industry Competitors In Automobiles Industry | U.S. Commerce Secretary Lutnick Says President Trump Wants Automaker Manufacturing Jobs Back In U.S. | Morgan Stanley Reinstates Top Pick on Tesla, Maintains $430 Price Target | Tesla Rebounds While Tariffs Weigh On Manufacturing: What's Driving Markets Monday? | 10 Consumer Discretionary Stocks With Whale Alerts In Today's Session | Democratic Senator Blumenthal Asks State Department To Answer Questions On Reported Plan To Purchase Tesla Cybertrucks | Tesla Shares Decline Amid Concerns Over Trump's Tariff Plans | Polestar Vs. Tesla: Can Smaller EV Company Disrupt Giant Facing Boycotts, Protests With 'Trade In' Offer?"
TSLA,2025-03-04,"Nvidia, TSMC, Gitlab, AST Spacemobile, And Tesla: Why These 5 Stocks Are On Investors' Radars Today | Tesla Chair Robyn Denholm Sells Over $30 Million Worth Of Stock As Automaker Grapples With Macroeconomic Uncertainties, Increased Competitive Heat | Tesla Rival BYD Raises $5.64 Billion Through Share Placement, Wants To Use Funds For Global Domination | Tesla Supercharger In Littleton, Massachusetts Set On Fire: Elon Musk-Led EV Giant Says No Customers Were Using Them"
