,Ticker,Date,headline
0,MSFT,2025-01-01,"Industry Comparison: Evaluating Microsoft Against Competitors In Software Industry | 10 Information Technology Stocks With Whale Alerts In Today's Session | Warren Buffett Says Buy S&P 500, But This Tech Investor Warns Of A 'Rude Awakening'"
1,MSFT,2025-01-02,"Nvidia's Investments In Elon Musk's xAI, Perplexity, OpenAI, And Other Startups Crossed $1 Billion Mark In 2024 | Alibaba Leverages Scale and Deep Pockets to Slash AI LLM Prices To Gain Market Share | Broadcom Thrives with 114% Stock Surge in AI Boom, While Intel Faces Steep Decline | Comparing Microsoft With Industry Competitors In Software Industry | World's Top 10 Richest People Gained More Wealth In 2024 Than Costco And Nike's Combined Valuation: How Elon Musk, Warren Buffett And Others Fared | Elon Musk Gets Support From 'Godfather Of AI' Geoffrey Hinton In Battle Against OpenAI"
2,MSFT,2025-01-03,"Jim Cramer Warns 'Day Is Not Near Enough To Justify The Current Valuations' Of Quantum Computing, Nuclear Power Stocks | Microsoft's Copilot Plus Set To Expand To Mini PCs At CES As Windows-Maker Looks To Take On Apple's Mac Mini | Bill Gates And Jeff Bezos Backed Mining Startup Raises $537 Million, Targets Going Public In Few Years | Top 10 Trending Stocks On WallStreetBets As Of January 3, 2025 (Via Swaggy Stocks) | Apple, Microsoft, Nvidia Push Vanguard's Low-Cost S&P 500 ETF Higher | Nvidia's $2 Trillion AI Rally In 2024 Fueled by Chips, Startups, and Robotics"
3,MSFT,2025-01-04,"Microsoft To Invest $80 Billion In AI Data Centers For Fiscal 2025 | EXCLUSIVE: Top 20 Most-Searched Tickers On Benzinga Pro In 2024 — Where Do Tesla, Nvidia, GameStop, Trump Media Stocks Rank? | Consumer Tech News (Dec 30-Jan 3): Apple Stops Selling iPhone 14, iPhone 14 Plus, iPhone SE, Trump Seeks A 'Political Resolution' Of TikTok Ban & More | Microsoft Highlights 6 AI Trends For 2025"
4,MSFT,2025-01-05,"Microsoft's $80 Billion Investment Outlay, Musk's Battle With OpenAI, And Nvidia's Billion-Dollar Bet: This Week In Artificial Intelligence"
5,MSFT,2025-01-06,"Microsoft Pauses Construction On $3.3 Billion Data Center Expected To Be Used By ChatGPT-Parent OpenAI For Massive Super Computer | Microsoft May Have Given Bitcoin a Miss, but Did You Know One of Its Largest Shareholders Is Betting Big on the Top Crypto? | Short-Seller Jim Chanos Warns Of Overbuilding Data Center Capacity, Compares AI Boom To Fiber Optic Bubble Of 2000s | Commercial Metals, Boeing And 3 Stocks To Watch Heading Into Monday | Piper Sandler Maintains Overweight on Microsoft, Raises Price Target to $520 | OpenAI CEO Sam Altman Says Company Losing Money On ChatGPT Pro Plan | AI Chip Stocks Nvidia, Broadcom, AMD, Taiwan Semi, Micron, Super Micro Surge Premarket: Whats Going On? | Inquiry Into Microsoft's Competitor Dynamics In Software Industry | Benzinga Market Summary: AI And Chip Stocks Rise Amid Microsoft AI Investment Plans, Fubo and Hulu + Live TV To Combine, Natural Gas Continues Higher | 10 Information Technology Stocks Whale Activity In Today's Session | AI, Quantum, And Robotics in Focus – All Eyes On Nvidia CEO Keynote | Israel Englander's Millennium Management Dumps Nvidia, Loads Up On Broadcom — Here's What The $70 Billion Hedge Fund Sees | AMD and Nvidia Overtake Intel in Key Markets, Challenging Its Leadership | Benzinga Market Summary: Bitcoin Rises, Trudeau To Resign As Liberal Party Leader, Tech Stocks Rise Amid CES 2025 And Microsoft AI Investment Plans"
6,MSFT,2025-01-07,"Ambarella Launches N1-655 edge GenAI System-On-Chip (SoC) To Support Large-Language Models | Software IP Licensor Ceva Says Its NeuPro-Nano Embedded AI NPUs Gain Traction In AIoT And MCU Markets | Taiwan Semiconductor Ramps Up Production in Japan, US, and Germany to Diversify Away from China | Nvidia Highlights AI Chips Powering PUBG, Robotics 'ChatGPT Moment,' Automotive Expansion And More At CES Event | Inquiry Into Microsoft's Competitor Dynamics In Software Industry | Microsoft Bets Big On India's AI Future With $3B Investment | 'AI Startup Anthropic Raising Funding Valuing it at $60 Billion' - WSJ | 3 Digital Infrastructure ETFs In Focus As Trump Reveals Billion-Dollar Data Center Construction Plan"
7,MSFT,2025-01-08,"Sony Was The First Japanese Company To List On US Markets, Co-Founder Akio Morita Championed 'Workers As Family' Philosophy — Does His Vision Still Resonate Today? | Amazon AWS To Invest $11 Billion In Georgia To Boost AI And Cloud Infrastructure: 'Expect To Create More Than 550 Well-Paying Jobs' | Sam Altman's Sister Files Lawsuit Against OpenAI CEO Alleging Sexual Abuse — Family Respond: 'Deeply Hurtful And Entirely Untrue' | OpenAI CEO Sam Altman Predicts AGI Will Arrive During The Trump Presidency, Says CHIPS Act Not Effective Enough | Jeff Bezos-Backed Anthropic Set To Become One Of The Top 5 US Startups As It Reportedly Eyes $60 Billion Valuation With $2 Billion Funding Round | Microsoft CEO Satya Nadella Draws Attention To AI-Powered Agriculture For 'Healthier, More Sustainable Harvests' Amid $80 Billion Investment Push | Dell Simplifies PC Lineup With Apple-Like Branding: XPS, Inspiron Brands Are Gone For Good | Nvidia Teams Up With MediaTek to Challenge Intel and AMD in Desktop CPU Market | Sony Was The First Japanese Company To List On US Markets, Co-Founder Akio Morita Championed 'Workers As Family' Philosophy — Does His Vision Still Resonate Today? | Amazon AWS To Invest $11 Billion In Georgia To Boost AI And Cloud Infrastructure: 'Expect To Create More Than 550 Well-Paying Jobs' | Sam Altman's Sister Files Lawsuit Against OpenAI CEO Alleging Sexual Abuse — Family Respond: 'Deeply Hurtful And Entirely Untrue' | OpenAI CEO Sam Altman Predicts AGI Will Arrive During The Trump Presidency, Says CHIPS Act Not Effective Enough | Jeff Bezos-Backed Anthropic Set To Become One Of The Top 5 US Startups As It Reportedly Eyes $60 Billion Valuation With $2 Billion Funding Round | Microsoft CEO Satya Nadella Draws Attention To AI-Powered Agriculture For 'Healthier, More Sustainable Harvests' Amid $80 Billion Investment Push | Dell Simplifies PC Lineup With Apple-Like Branding: XPS, Inspiron Brands Are Gone For Good | Nvidia Teams Up With MediaTek to Challenge Intel and AMD in Desktop CPU Market | Here's How Much $100 Invested In Microsoft 5 Years Ago Would Be Worth Today"
8,MSFT,2025-01-09,"Blackstone Invests $300 Million In AI Data Firm That Powers Elon Musk's xAI Supercomputer | Microsoft Plans To Slash Jobs Again: 'When People Are Not Performing, We Take The Appropriate Action' (UPDATED) | Inquiry Into Microsoft's Competitor Dynamics In Software Industry | 10 Information Technology Stocks With Whale Alerts In Today's Session | Bitcoin ETFs Quadruple SPY Returns, Magnificent 7 Plays Catch-Up"
9,MSFT,2025-01-10,Performance Comparison: Microsoft And Competitors In Software Industry | 10 Information Technology Stocks Whale Activity In Today's Session | Check Out What Whales Are Doing With MSFT | Semiconductor ETF Faces Key Resistance In AI-Driven Surge: Analyst
10,MSFT,2025-01-12,"Consumer Tech News (Jan 6-10): Microsoft Pauses Ambitious Data Center Project, Blackstone Makes $300 Million Investment In AI & More"
11,MSFT,2025-01-13,"Competitor Analysis: Evaluating Microsoft And Competitors In Software Industry | 'Microsoft Says Jay Parikh To Lead New Core AI – Platform And Tools Org' - Microsoft Blog | PUBG Developer Krafton Invests $136 Million in Game Studios, Expands AI Team for Future Gaming Innovations | Looking At Microsoft's Recent Unusual Options Activity | 'HCLTech and Microsoft expand partnership to revolutionise contact centers with Generative AI' - CNBC"
12,MSFT,2025-01-14,"Elon Musk Emerges As Potential TikTok US Buyer As Ban Deadline Looms, Company Terms It 'Pure Fiction' | Meta Investors Push Mark Zuckerberg To Replace $72B Cash With Bitcoin To Combat Inflation: Here's What It Means For Investors | US Semiconductor Sanctions Spell Trouble for Nvidia, But May Benefit Big Tech | Insights Into Microsoft's Performance Versus Peers In Software Sector | Pearson And Microsoft Announce Multi-Year Partnership To Transform The Future Of Learning And Work With AI | Microsoft Launches CoreAI Division: Ex-Meta Exec To Supercharge Copilot And AI Innovations | ""Microsoft Plans To Pause Hiring In Part Of Its Consulting Business In The U.S. According To An Internal Memo, As The Company Seeks Ways to Reel In Expenses"" -CNBC Report"
13,MSFT,2025-01-15,"Microsoft, Applied Digital, Rigetti Computing, Eli Lilly, Tesla: Why These 5 Stocks Are On Investors' Radars Today | QUBT, QBTS Up 12%, RGTI Gains 3% In Wednesday Premarket: Quantum Computing Stocks Gain Momentum After Microsoft Says 'We Are Right On The Cusp Of Seeing Quantum Computers Solve Meaningful Problems' | NVIDIA Announces First-Ever Quantum Day At GTC 2025, Days After Jensen Huang Said Quantum Computing Is 20 Years Away | Microsoft To Cut Costs, Pause Hiring In US Consulting, Tighten Spending | What's Going On With Quantum Computing Stock Today? | Understanding Microsoft's Position In Software Industry Compared To Competitors | 10 Information Technology Stocks Whale Activity In Today's Session | Trump Considers Executive Order To 'Save' TikTok From Being Banned In 4 Days"
14,MSFT,2025-01-16,"Elon Musk Buying TikTok Could Hurt Tesla Stock, Warns Gary Black — But Wedbush's Dan Ives Thinks It Makes Sense | French AI Startup, Founded By Google And Meta Veterans, Signs Million-Dollar Content Moderation Deal With AFP To Counter Big Tech's Pullback | Microsoft Launches 365 Copilot Chat For Business With Pay-As-You-Go Plan | Quantum Computing Stocks Continue Their Wild Surge In Thursday Premarket: QUBT Up 15%, QBTS Climbs 9%, RGTI Gains Over 3% | SentinelOne Brings The Power Of Purple AI To Zscaler, Okta, Palo Alto Networks, Proofpoint, Fortinet And Microsoft Data | Analyzing Microsoft In Comparison To Competitors In Software Industry | Meta Boosts Green Energy With New Solar Deal, Supports AI Data Center Growth | Bond Rally Drives Stock Market, Taiwan Semi Results Show AI Demand, Manipulators Having A Heyday With Quantum Computing | Billionaire Investor Who Predicted The Dot-Com Crash 25 Years Ago Warns Of Another Market Storm Brewing In The US | Nvidia Suffers $10 Billion Setback, AI Chip Sanctions Spell Trouble For 3 ETFs"
15,MSFT,2025-01-17,"Tesla's Drop Against Modestly Lower Nasdaq Comes As Investors Weigh Elon Musk's $40-50 Billion TikTok Deal, Gary Black Says TSLA Share Swap Unlikely Due To This Upcoming Milestone | Tesla's Drop Against Modestly Lower Nasdaq Comes As Investors Weigh Elon Musk's $40-50 Billion TikTok Deal, Gary Black Says TSLA Share Swap Unlikely Due To This Upcoming Milestone | Jim Cramer Questions Nvidia's Trading Pattern Amid Positive TSMC Earnings And Biden's China Export Regulations | Sony Cancels Two Live-Service Games, Stays Committed to Long-Term Monetization | Quantum Computing Stock Drops Over 3% During Friday Premarket Amid Fraud Allegations | Sector Crosscurrents Drive Potential Opportunities In Direxion's Tech Bull And Bear 3X ETFs | Taiwan Semi Chief To Skip Trump Inauguration, Calls US Semiconductor Sanctions 'Manageable' | Quantum Computing Stocks Are 'Totally Divorced From Reality,' Says Analyst Flagging Inflated Valuations | Cantor Fitzgerald Initiates Coverage On Microsoft with Overweight Rating, Announces Price Target of $509 | Market Analysis: Microsoft And Competitors In Software Industry | OpenAI's Sam Altman On o3-Mini Model, Says 'Have Now Finalized A Version And Are Beginning The Release Process; Planning To Ship In About A Couple Of Weeks'"
16,MSFT,2025-01-19,"Consumer Tech News (Jan 13-17): Meta Plans Performance Based Job Cuts, Youtuber MrBeast Aims To Buy TikTok To Prevent Shutdown & More | Nvidia's $10 Billion Setback, OpenAI Controversy, And Microsoft's AI Chat Launch: This Week In Artificial Intelligence | Peter Lynch's Advice: 'Don't Invest in a Company Before You Look At the Financials. If You Made It Through Fifth Grade, You Can Handle the Math' | Trump Said He Will Use Emergency Powers To Allow People To Build Big AI Plants | IonQ, H&E Equipment Services And ImmunityBio Are Among Top Mid Cap Gainers Last Week (Jan 13-Jan 17): Are The Others In Your Portfolio?"
17,MSFT,2025-01-20,Apple's Making Your Mac's Mail Much Smarter: Here's What's Coming | Comparative Study: Microsoft And Industry Competitors In Software Industry
18,MSFT,2025-01-21,"Huawei Wants To Take Nvidia's Place In AI In China, Shifts Focus to Inference Over Training | Evaluating Microsoft Against Peers In Software Industry | 10 Information Technology Stocks Whale Activity In Today's Session | Softbank CEO Masayoshi Son Is Expected At The White House Tuesday Afternoon, Along With Sam Altman Of OpenAI And Larry Ellison Of Oracle | 'Trump To Announce Private Sector AI Infrastructure Investment; OpenAI, Softbank And Oracle Are Planning A Joint Venture Called Stargate' - CBS News"
19,MSFT,2025-01-22,"Elon Musk Says Project Stargate Doesn't 'Actually Have The Money' After Trump Announces $500 Billion AI Investment Led By SoftBank, Oracle And OpenAI | US Stocks Likely To Open Higher As President Trump Announces $500 Billion AI Project: Oracle, Netflix, Nvidia Among Top Stocks To Watch | Morgan Stanley Maintains Overweight on Microsoft, Lowers Price Target to $540 | Forecasting The Future: 15 Analyst Projections For Microsoft | Anthropic Gains Big With Google Backing, Aims for $60 Billion Valuation and Surging AI Revenue | Tech Stocks Rise After Trump Announces AI Infrastructure Investment | Industry Comparison: Evaluating Microsoft Against Competitors In Software Industry | 'OpenAI Is Preparing To Release A New ChatGPT Feature This Week That Will Automate Complex Tasks Typically Done Through The Web Browser, Such As Making Restaurant Reservations Or Planning Trips, According To A Person With Direct Knowledge Of The Plans' - The Information | Stargate Adds Fuel To AI Frenzy, Chinese Stocks Sink On Trump Tariff Talk | OpenAI Tells Indian Court Any Order To Remove ChatGPT Training Data Inconsistent With Certain U.S. Obligations; Indian Courts Have No Jurisdiction To Hear Any Copyright Case Against OpenAI, Company Says | 'JPMorgan Lends $2.3B for Blue Owl-Tied Oracle Data Center' - Bloomberg News | 10 Information Technology Stocks With Whale Alerts In Today's Session | Microsoft Invests In Carbon Credits To Restore Amazon Rainforest, Faces Challenges From Data Center Growth, Trump's Fossil Fuel Focus | Marc Benioff Trashes Microsoft Copilot, Says Salesforce Is Becoming A Digital Labor Provider: 'This Is What AI Was Meant To Be' | SoftBank's Role in $500 Billion Stargate AI Venture Seen as Major Growth Driver, Analyst Says | Watching Kopin; Shares See Volume As Traders Circulate Article 'Army Kickstarts Possible Recompete Of Microsoft's $22 Billion IVAS Production Deal', ""Kopin Has Also Said It's Interested In Completing, While Companies Like Palantir May Also Be Eyeing A Bid."" | S&P 500 Hits Fresh Records At 6,100: Strong Earnings, Trump's AI Wager Fuel Bull Run | Christopher Young Informs Microsoft Of His Decision To Resign; He Will Cease To Serve As Executive Vice President, Business Development, Strategy, And Ventures, Effective Immediately - Filing"
20,MSFT,2025-01-23,"Microsoft's LinkedIn Hit With Lawsuit For Violating User Privacy, Allegedly Sharing Private Data For AI Model Training | Satya Nadella Stands Firm After Elon Musk Questions Stargate's $100 Billion Funding Potential: 'All I Know Is, I'm Good For My $80 Billion' | TikTok-Parent ByteDance Plans $12 Billion AI Chip Investment In 2025 To Bolster Global AI Ambitions Amid US Export Controls: Report | PLTR Stock Is Up 166% In Last 6 Months. Now Dan Ives Sees Room For 17% More Growth: 'Our Recent Checks And Growing Confidence…Is Key To The Bull Thesis' | Tesla, Nvidia ETFs In The Works To Tap Rising Interest In Same-Day Stock Options | Walmart Boosts Regional Manager Pay As Retailers Struggle To Find Leaders | Analyzing Microsoft In Comparison To Competitors In Software Industry | Stargate Project: Microsoft Gains, Oracle Waits, Data Centers Face Long-Term Questions | Salesforce's AI Agents Pivot Is Already Showing Results | President Trump Says We Need Double The Energy We Have In U.S. For AI To Be As Big As We Want It; Am Going To Give Emergency Declarations So Building Can Start; We Are Going To Allow Very Rapid Plant Building, They Can Fuel It With Anything They Want | Microsoft's LinkedIn Hit With Lawsuit For Violating User Privacy, Allegedly Sharing Private Data For AI Model Training | Satya Nadella Stands Firm After Elon Musk Questions Stargate's $100 Billion Funding Potential: 'All I Know Is, I'm Good For My $80 Billion' | TikTok-Parent ByteDance Plans $12 Billion AI Chip Investment In 2025 To Bolster Global AI Ambitions Amid US Export Controls: Report | PLTR Stock Is Up 166% In Last 6 Months. Now Dan Ives Sees Room For 17% More Growth: 'Our Recent Checks And Growing Confidence…Is Key To The Bull Thesis' | Tesla, Nvidia ETFs In The Works To Tap Rising Interest In Same-Day Stock Options | Walmart Boosts Regional Manager Pay As Retailers Struggle To Find Leaders | Analyzing Microsoft In Comparison To Competitors In Software Industry | Stargate Project: Microsoft Gains, Oracle Waits, Data Centers Face Long-Term Questions | Salesforce's AI Agents Pivot Is Already Showing Results | President Trump Says We Need Double The Energy We Have In U.S. For AI To Be As Big As We Want It; Am Going To Give Emergency Declarations So Building Can Start; We Are Going To Allow Very Rapid Plant Building, They Can Fuel It With Anything They Want | Sam Altman Posts On X ""big news: the free tier of chatgpt is going to get o3-mini! (and the plus tier will get tons of o3-mini usage)"" | Micron Technology Shares Are Falling: What's Going On?"
21,MSFT,2025-01-24,"Elon Musk Or Larry Ellison? Dan Ives On Who Could Win TikTok's Billion-Dollar Soap Opera: 'Someone Hand Picked From Beijing But Also Trump's White House' | Xbox Developer Direct Drops Big Surprises — Ninja Gaiden 4, Doom: The Dark Ages, And New Game Pass Titles: What You Need To Know | Nvidia, Microsoft, Or Oracle: Which Stock Among These Stargate AI Project Beneficiaries Are The Least Expensive To Own? | Tevogen Bio On Thursday Reported On Its Recent Fireside Chat With Microsoft Discussing The  Future Of AI-Driven Drug Development During the J.P. Morgan Healthcare Conference | OpenAI Wrestles With Microsoft Stake Valuation As It Looks To Transition To For-Profit Entity Amid Trump's $500 Billion Stargate AI Project: Report | OpenAI Debuts 'Operator' AI Agent That Performs Web Tasks, But Early Error Has Sam Altman Scrambling For A Quick Fix | Understanding Microsoft's Position In Software Industry Compared To Competitors | Guggenheim Reiterates Neutral on Microsoftto Neutral | Check Out What Whales Are Doing With MSFT | OpenAI Posts On X ""Canvas update: today we're rolling out a few highly-requested updates to canvas in ChatGPT...."" | 'Japan's SoftBank To Sound Out Apollo, Brookfield On Stargate Funding' - Nikkei | 'LinkedIn Takes Legal Action To Defend Member Privacy' - Pressroom"
22,MSFT,2025-01-25,"Benzinga Bulls And Bears: Amazon, Tesla, Meta And Dogecoin ETF Hopes Rise With New Fund Filing | Consumer Tech News (Jan 20-Jan 24): Trump Revokes Biden's AI Policies, Meta Launches New 'Edits' App To Lure TikTok Users & More"
23,MSFT,2025-01-26,Bill Gates: 'I Would Probably Be Diagnosed on the Autism Spectrum' if Growing Up Today | Remote Work Vs. Return-To-Office: Can Veeva's Flexibility Outshine JPMorgan's Office Mandate?
24,MSFT,2025-01-27,"Nvidia Stock Slides Overnight On Robinhood As China's DeepSeek Sparks Doubts Over GPU Spending Frenzy — Chamath Palihapitiya Highlights Report Indicating AI Holy Grail Cracked | Reported Friday, Tevogen Bio Expands Collaboration With Microsoft To Advance AI-Powered PredicTcell Technology On Azure | Nvidia, AMD, Broadcom, SMCI, TSMC And Other Tech Giants Lead Monday Pre-Market Selloff As Nasdaq 100 Futures Plummet Over 650 Points Amid Reports Of Chinese AI Startup DeepSeek Overtaking ChatGPT | Aurora Mobile Partners With China's DeepSeek To Boost AI Capabilities | Satya Nadella Said 'We Should Take Development Out Of China Very, Very Seriously.' Now, DeepSeek's R1 Has Emerged As A ChatGPT Killer, Outperforming OpenAI With 50x Lower Costs: Here's More | US Stock Futures Tumble As DeepSeek Buzz Jolts Big Tech: Expert Says The Chinese AI Model Is Yet To Prove Its Viability At Lower Cost In Long Term | Google Wants To Indulge In Workforce Training and Global Policy Discussions On AI | Top 10 Trending Stocks On WallStreetBets As Of January 27, 2025 (Via Swaggy Stocks) | In-Depth Analysis: Microsoft Versus Competitors In Software Industry | Market Clubhouse Morning Memo - January 27th, 2025 (Trade Strategy For SPY, QQQ, AAPL, MSFT, NVDA, GOOGL, META and TSLA) | China's DeepSeek AI Rattles Tech Stocks, Analyst Ives Says Market Plunge 'Golden Buying Opportunity' | What's Going On With Tevogen Bio Stock Today? | DeepSeek Sparks AI Carnage As Magnificent Seven, Broadcom Lose Nearly $900 Billion In Value: Why This Expert Is Still 'Bullish' On US Tech | DeepSeek Says Due To Large-Scale Malicious Attacks On DeepSeek's Services, We Are Temporarily Limiting Registrations To Ensure Continued Service | Trump's Executive Orders Fuel Tech, Weaken Energy Stocks In His First Week: Immigration, Tariff Reforms On Cards But Experts Say 'Don't Play Politics With Your Portfolio' (CORRECTED) | 10 Information Technology Stocks With Whale Alerts In Today's Session | DeepSeek R1 Vs. OpenAI: What Consumers Need To Know About AI's Latest Challenger | Taiwan Semiconductor Partners with MTR to Tackle Carbon Emissions | Piper Sandler Maintains Overweight on Microsoft, Maintains $520 Price Target"
25,MSFT,2025-01-28,"Amid Nvidia And Chinese AI Anxieties, Top Analyst Predicts Higher AI Infrastructure Demand Despite Market Jitters: 'The Market Is Overreacting To DeepSeek's Success' | Nvidia Says DeepSeek An 'Illustration' Of How New AI Models Can Be Created While Being Export-Control Compliant Amid $600 Billion Market Value Plunge | Chamath Palihapitiya Warns Of AI Shift: 'The Battle Is Now More About AI Inference Vs Training' As DeepSeek Sparks Nvidia Selloff | Amid Nvidia And Chinese AI Anxieties, Top Analyst Predicts Higher AI Infrastructure Demand Despite Market Jitters: 'The Market Is Overreacting To DeepSeek's Success' | Nvidia Says DeepSeek An 'Illustration' Of How New AI Models Can Be Created While Being Export-Control Compliant Amid $600 Billion Market Value Plunge | Chamath Palihapitiya Warns Of AI Shift: 'The Battle Is Now More About AI Inference Vs Training' As DeepSeek Sparks Nvidia Selloff | Fundstrat's Tom Lee Sees Nvidia's 17% Plunge As An 'Opportunity,' Calls Nasdaq's Over 600 Points Plunge Drop A Market 'Overreaction' | Microsoft's AI Revenue Set To Surpass $10 Billion: Piper Sandler Maintains Overweight Rating | Microsoft Eyes TikTok US Deal, Trump Says Acquisition Talks Are Underway | Microsoft Gears Up For Q2 Earnings: Will The Bullish Trend Hold? | 'OpenAI launches ChatGPT Gov for U.S. government agencies' - CNBC | Comparative Study: Microsoft And Industry Competitors In Software Industry | OpenAI Launches 'ChatGPT Gov' For US Agencies As DeepSeek Threat Heats Up AI Race | Wall Street Comes To Nvidia's Defense After Biggest Loss Ever, Many Momos Wiped Out | Microsoft Unusual Options Activity For January 28 | Should Astera Labs Investors Worry About DeepSeek? | 10 Information Technology Stocks Whale Activity In Today's Session | Not Just DeepSeek - Alibaba Unveils AI Model To Rival OpenAI's Operator | How DeepSeek's Breakthrough Is Changing The Landscape For Multi-Industrials | Sam Altman Posts On X ""next phase of the msft x oai partnership is gonna be much better than anyone is ready for!!"" | Microsoft, Amazon Web Services Could Face Cloud Services Investigation From UK Regulators | Microsoft Q2 Earnings Preview: Street 'Too Optimistic' On Near-Term AI Returns? | EXCLUSIVE: Will DeepSeek Hurt Magnificent 7 Stocks Valuation? 57% Say This | Magnificent 7 Earnings Ahead: 3 ETFs To Ride The Wave"
26,MSFT,2025-01-29,"Dan Ives Expects Meta And Microsoft To Stand Firm On $60 - $80 Billion AI Spending Plans Amid DeepSeek's Disruptive AI Model | Nvidia Supplier ASML Beats Q4 Earnings Estimates, CEO Says 'AI Is Key Driver For Growth:' Buy, Sell, Or Hold? Here's What Technical Analysis Suggests | Tesla, Starbucks And 3 Stocks To Watch Heading Into Wednesday | Earnings Scheduled For January 29, 2025 | Nasdaq Jumps 2% After Nvidia, Other Tech Stocks Bounce Back From DeepSeek Hit: Greed Index Remains In 'Fear' Zone | OpenAI Alleges DeepSeek Used Proprietary Models Without Permission As Microsoft Investigates AI Security Risks: 'There's Substantial Evidence' | Black Swan Author Nassim Taleb Says Nvidia Stock's 17% Drop On Monday Is 'Just The Beginning' Of Market Rout | US Futures Point To Cautious Start As Investors Await Fed's Rate Decision: Tesla, Microsoft, Meta Among Stocks In Focus Ahead Of Earnings | DeepSeek's AI Breakthrough Benefits Microsoft, But Oracle Faces Cloud Growth Challenges: Analyst | EXCLUSIVE: Nvidia Hardest Hit Among Mag 7 Stocks By DeepSeek, Poll Shows — And This Stock Ranked Second | Top 10 Trending Stocks On WallStreetBets As Of January 29, 2025 (Via Swaggy Stocks) | Cantor Fitzgerald Reiterates Overweight on Microsoft, Maintains $509 Price Target | Analyzing Microsoft In Comparison To Competitors In Software Industry | Microsoft Earnings Are Imminent; These Most Accurate Analysts Revise Forecasts Ahead Of Earnings Call | 10 Information Technology Stocks With Whale Alerts In Today's Session | Stocks Tick Down Ahead Of Fed Meeting, Nvidia Jitters Resume, Trump Media Rallies: What's Driving Markets Wednesday? | 'OpenAI Says DeepSeek May Have Improperly Harvested Its Data' - NY Times | AI ETFs In Focus As Alibaba Challenges DeepSeek With New Model | Why Nvidia, Broadcom, Marvell Are This Analyst's Top AI Bets In 'Sputnik Moment' | Microsoft Q2 2025 GAAP EPS $3.23 Beats $3.11 Estimate, Sales $69.6B Beat $68.780B Estimate | Microsoft Reports Q2 Highlights: Productivity And Business Processes Revenue Hits $29.4B, Up 14%, Intelligent Cloud Grew 19% To $25.5B, Azure Revenue Up 31%, More Personal Computing Flat At $14.7B | Microsoft Shares Slide After Q2 Results, Cloud Revenue Misses Expectations: Details"
27,MSFT,2025-01-30,"MrBeast And Group Of Investors, Including Roblox CEO, Lock In Over $20 Billion For TikTok Takeover | Tesla, Meta, Microsoft, IBM, Nvidia: Why These 5 Stocks Are On Investors' Radars Today | Microsoft's $13 Billion Run Rate And OpenAI Azure Deal Spark Surge In Enterprise Demand For AI Solutions: Just 'First Tranche' Of Future Growth Potential | Microsoft CEO Satya Nadella Accepts DeepSeek AI Has Some 'Real Innovations' — But Won't Say If They Mark A Turning Point For AI Cost Reduction | SoftBank Eyes Historic $25 Billion Investment In OpenAI, Set To Dethrone Microsoft As Biggest Investor In ChatGPT-Parent | Tesla, Apple And 3 Stocks To Watch Heading Into Thursday | US Stocks Set For Gains Ahead Of Q1 GDP, Apple Earnings: Expert Says 'Higher January' Bodes Well For The Rest Of The Year | MrBeast And Group Of Investors, Including Roblox CEO, Lock In Over $20 Billion For TikTok Takeover | Tesla, Meta, Microsoft, IBM, Nvidia: Why These 5 Stocks Are On Investors' Radars Today | Microsoft's $13 Billion Run Rate And OpenAI Azure Deal Spark Surge In Enterprise Demand For AI Solutions: Just 'First Tranche' Of Future Growth Potential | Microsoft CEO Satya Nadella Accepts DeepSeek AI Has Some 'Real Innovations' — But Won't Say If They Mark A Turning Point For AI Cost Reduction | SoftBank Eyes Historic $25 Billion Investment In OpenAI, Set To Dethrone Microsoft As Biggest Investor In ChatGPT-Parent | Tesla, Apple And 3 Stocks To Watch Heading Into Thursday | US Stocks Set For Gains Ahead Of Q1 GDP, Apple Earnings: Expert Says 'Higher January' Bodes Well For The Rest Of The Year | Mizuho Maintains Outperform on Microsoft, Lowers Price Target to $500 | MSFT Stock Declines Over 4% In Premarket After Q2 Results, CEO Satya Nadella Says DeepSeek Has Some 'Real Innovations' | Meta Platforms To Rally Over 29%? Here Are 10 Top Analyst Forecasts For Thursday | Morgan Stanley Maintains Overweight on Microsoft, Lowers Price Target to $530 | UPS, Whirlpool, Microsoft And Other Big Stocks Moving Lower In Thursday's Pre-Market Session | Why VOO Investors Should Keep Calm Despite AI Stock Turbulence | Top 10 Trending Stocks On WallStreetBets As Of January 30, 2025 (Via Swaggy Stocks) | Insights Into Microsoft's Performance Versus Peers In Software Sector | Meta Vs. Microsoft: Can Their AI Infrastructure Plans Hold Up Against DeepSeek? | RBC Capital Reiterates Outperform on Microsoft, Maintains $500 Price Target | CORRECTION: Microsoft ticker Is 'MSFT' | Amazon AI-Powered AWS Boom: Can It Outshine Microsoft Azure? | Wall Street Remains Flat, Microsoft Eyes Heaviest Drop Since Late 2022, Gold Sets Fresh Records: What's Driving Markets Thursday? | 'OpenAI in Talks for Funding Round Valuing It Up to $340 Billion, Sources Say' | Microsoft Analysts Weigh Azure Weakness Against AI Strength: 'Most Compelling Investment Opportunities' | Amazon Cuts More Jobs in Cost-Saving Push: Report | 3 ETFs To Navigate Utility Stock Volatility As DeepSeek Challenges Power Demand Forecasts | UBS Maintains Buy on Microsoft, Lowers Price Target to $510"
28,MSFT,2025-01-31,"SoftBank May Lead OpenAI's $40 Billion Funding Round At A $300 Billion Valuation Despite DeepSeek Disruption: Report | Sam Altman Thanks Satya Nadella, Jensen Huang As OpenAI Deploys NVIDIA's GB200 On Microsoft Azure, Boosting Performance By 30X | Dow Jumps Over 150 Points As Investors Monitor Earnings Reports; Investor Sentiment Improves, Fear & Greed Index Remains In 'Neutral' Zone | China's DeepSeek-R1 Lands On Microsoft Azure And AWS — The Same Model That Shook Silicon Valley | US Stock Futures Climb After Apple Beats Q1 Expectations: Expert Says Tech Stocks Hold Above Key Level Despite DeepSeek Impact | Inquiry Into Microsoft's Competitor Dynamics In Software Industry | 5 ETFs To Watch During Microsoft's Post-Earnings Drop | Humanoid Robots Bigger Than Evs, Retail Investors Buy $1B Nvidia But Institutions Sell, Microsoft Offers DeepSeek | 10 Information Technology Stocks With Whale Alerts In Today's Session | Deal Dispatch: Sage And Silvus Are Up For Sale, MrBeast Secures $20B For TikTok | EXCLUSIVE: This 'Magnificent 7' Stock Will Feel The Pinch Of Fed's Rate Decision, Poll Shows | Stocks Trim DeepSeek Losses, Fed Holds Steady, Trump Slaps 25% Tariffs On Canada, Mexico: This Week In The Markets"
29,MSFT,2025-02-01,"OpenAI Launches o3-mini Model, Makes It Free After DeepSeek's Launch"
30,MSFT,2025-02-02,"Bill Gates' Early Departure From Harvard: Not Surprising, Says Former Professor: 'I Just Wish I'd Invested In Him' | Consumer Tech News (Jan 27-Jan 31): China's DeepSeek Launch Gets Mixed Reaction From Experts, Tech Biggies Reported Earnings & More"
31,MSFT,2025-02-03,"14 Million Job Seekers Didn't Hear Back From Potential Employers In Just A Single Quarter Last Year: Now LinkedIn Is Moving To Change That With AI Help | TikTok Ban Exposes 'Techno-Feudal' Power: Influencers With Massive Following Should Be Able To Carry Followers Across Platforms, Says Economist | Nvidia, SMCI, Broadcom, And Other Tech Stocks Slide In Monday Pre-Market As Trump Imposes Tariffs On Imports From China, Mexico, And Canada | Analyzing Microsoft In Comparison To Competitors In Software Industry | AMD Reports Q4 Earnings This Week: What's Going On With The Chip Stock? | 10 Information Technology Stocks With Whale Alerts In Today's Session | Dan Loeb's Third Point Trims Amazon, Microsoft, Meta As Tech Stocks Climb | Chevron, Exxon And Shell Shift Focus To Powering AI Growth"
32,MSFT,2025-02-04,"Nvidia, TSMC Stocks Fell As Trump Hit Mexico, Canada, And China With Tariffs—But Top Analyst Sees Only 'Limited' Supply Chain Impact On Chips | Windows 11 Disaster? Microsoft Quietly Removes Workaround For Unsupported PCs, Potentially Leaving Millions Unable To Upgrade | Nvidia, TSMC Stocks Fell As Trump Hit Mexico, Canada, And China With Tariffs—But Top Analyst Sees Only 'Limited' Supply Chain Impact On Chips | Windows 11 Disaster? Microsoft Quietly Removes Workaround For Unsupported PCs, Potentially Leaving Millions Unable To Upgrade | Bill Gates Says Nvidia's Jensen Huang 'Could Be Wrong' About Quantum Computing: QUBT, RGTI, IONQ React In Tuesday Premarket | Sam Altman in Korea: OpenAI Seeks AI Deals With Samsung, SK Hynix, and SoftBank Amid Global AI Boom | Performance Comparison: Microsoft And Competitors In Software Industry | Check Out What Whales Are Doing With MSFT | Nvidia Still A Top Pick As Microsoft, Meta Stick With GPUs Despite DeepSeek Challenge: Analyst | Judge Yvonne Gonzalez Rogers Says Has 'Significant Concerns' About Microsoft Having Had Two People On OpenAI Board"
33,MSFT,2025-02-05,"Sundar Pichai Downplays DeepSeek Threat — Google's Gemini Still Leads In Cost, Performance, And Latency | Expect Weak Stock Returns For Next 3 Months, Cautions Top Analyst Amid Trump's Trade And Immigration Policies | Google-Parent Alphabet Plunges 7% In Wednesday Pre-Market: What's Going On? | Africa's $1.8 Billion Gaming Boom: Why Microsoft Can't Ignore Mobile | OpenAI Says Deep Research Now Rolled Out To 100% Of Pro Users | Competitor Analysis: Evaluating Microsoft And Competitors In Software Industry | Trump Pushes For TikTok Deal, China Could Oblige If It Weren't For Those Tariffs — Here's What We Know"
34,MSFT,2025-02-06,"Microsoft Poaches Top DeepMind AI Talent Behind Google's Podcasting Feature—Mustafa Suleyman's Zurich AI Lab Expands | DeepSeek's AI Model Drives Surge In Chinese Tech Stocks, Closing Gap With US 'Magnificent Seven' | Market Analysis: Microsoft And Competitors In Software Industry | 'OpenAI Eyeing More Data Centers in Texas, Other States For Stargate; Focus on facilities that use as much power as nuclear reactor; Stargate's backers plan to invest $500 billion in US projects' - Bloomberg News | 10 Information Technology Stocks With Whale Alerts In Today's Session | Trump Focused On 10-Year Yield And Not On The Fed, Slower AI Growth Fears Weigh On Arm Stock | OpenAI Exec Says Texas Will Be The Flagship Of Stargate Project; Around 16 States Have Indicated Interest In Building Data Centers In OpenAI's Stargate Project; Construction Is Underway At Our First Site In Abilene, Texas; More Site Announcements Coming Later In The Spring; Data Center Campuses Aimed At Being One Gigawatt And Will Create Thousands Of Jobs; Handover Of First Tranche Of Data Center Compute In Abilene Later This Year | OpenAI Exec Says Right Now There's About $175B In Capital Already Waiting To Be Allocated For AI Infrastructure; We're Trying To Anchor Somewhere Between 5 And 10 As A Campus Footprint | Bill Gates Reflects On LSD, Cannabis, Risk-Taking And Influence Of Paul Allen And Jimi Hendrix"
35,MSFT,2025-02-07,Google's Quantum Computing Chief Challenges Nvidia's Jensen Huang's 20-Year Timeline: 'Within Five Years We'll See Real-World Applications That Are Possible Only On Quantum Computers' | Amazon Declines Nearly 3% In Friday Pre-Market: What's Going On? | Inquiry Into Microsoft's Competitor Dynamics In Software Industry | Big Tech's 2025 AI Bill Is $320 Billion And Counting: Can Investors Stomach It? | Broadcom's Trillion-Dollar Run: Analyst Expects ASIC To Take 10%-15% Market Share Backed By AI Compute Demand
36,MSFT,2025-02-08,"Bill Gates Says Steve Jobs Once Told Him, I Wish You'd 'Take Acid' That Would Enhance Microsoft's Product Design More: 'I Envy Those Skills. I'm Not In His League' | Bill Gates Says Steve Jobs Once Told Him, I Wish You'd 'Take Acid' That Would Enhance Microsoft's Product Design More: 'I Envy Those Skills. I'm Not In His League'"
37,MSFT,2025-02-09,"Consumer Tech News (Feb 3-Feb 7): Meta Plans Not To Comply With The EU AI Code Of Practice, Apple Raises AppleCare+ Service' Subscription Cost & More"
38,MSFT,2025-02-10,"Google DeepMind CEO Calls DeepSeek AI 'Best Work' From China, But Says Hype Is Overblown: 'There's No Actual New Scientific Advance' | Sam Altman's OpenAI Set To Finalize In-House AI Chip, Reducing Dependence On Nvidia: Report | Comparative Study: Microsoft And Industry Competitors In Software Industry | ""Microsoft Hit by French Antitrust Probe Over Rivals' Bing Access"" - Bloomberg News | Microsoft To Adjust Office-Teams Pricing In Bid To Avoid EU Antitrust Fine; Regulators Give Third Parties Until This Week To Provide Feedback, Sources Say | 'OpenAI Has Spoken To Government Officials About DeepSeek Probe' - Bloomberg News | Microsoft Confirms Being Targeted By French Antitrust Probe, Adding Company ""Fully Cooperating"" With The Investigation | 10 Information Technology Stocks With Whale Alerts In Today's Session | JD Vance 'Quarterbacking' TikTok Deal: Will His Venture Capital Experience Secure A Win? | ""Elon Musk-Led Group Makes $97.4B Bid For Control Of OpenAI; Bid Complicates Sam Altman's Plans To Make OpenAI A For-Profit Company"" - WSJ | Taiwan Semiconductor's Trillion-Dollar Valuation: The Chipmaker Enabling AI Boom | Elon Musk Co-Founded OpenAI, Now He's Bidding $97.4B To Take Back The Company | Behind Marvell Tech's Multi-Fold Growth: R&D, Acquisitions And AI Infrastructure"
39,MSFT,2025-02-11,"Bill Gates Challenges Elon Musk-Led DOGE Approach To Shutting Down USAID, Says It's A Test Of American Values To Take Half A Percent Of Budget To Keep 'Tens Of Millions Of Africans Alive' | Sam Altman Says Elon Musk's $97B Bid For OpenAI Is A Move To 'Slow Down A Competitor' | Investigating Microsoft's Standing In Software Industry Compared To Competitors | OpenAI's Sam Altman At Paris AI Meeting To Reuters: When Asked To Comment About Musk's Offer To Buy OpenAI, Altman Said: ""I Have Nothing To Say. I Mean, It's Ridiculous, The Company Is Not For Sale. It's Another One Of Musk's Tactics To Try To Mess With Us"" | Here's How Much You Would Have Made Owning Microsoft Stock In The Last 10 Years | Bill Gates Challenges Elon Musk-Led DOGE Approach To Shutting Down USAID, Says It's A Test Of American Values To Take Half A Percent Of Budget To Keep 'Tens Of Millions Of Africans Alive' | Sam Altman Says Elon Musk's $97B Bid For OpenAI Is A Move To 'Slow Down A Competitor' | Investigating Microsoft's Standing In Software Industry Compared To Competitors | OpenAI's Sam Altman At Paris AI Meeting To Reuters: When Asked To Comment About Musk's Offer To Buy OpenAI, Altman Said: ""I Have Nothing To Say. I Mean, It's Ridiculous, The Company Is Not For Sale. It's Another One Of Musk's Tactics To Try To Mess With Us"" | Here's How Much You Would Have Made Owning Microsoft Stock In The Last 10 Years"
40,MSFT,2025-02-12,"Meta's AI Push Could Add $100 Per Share While Tesla Faces EV Headwinds: Top Analyst | Trump White House Boasts Apple's 'Gulf Of Mexico' Rename, But Pinch To Zoom And You Might Be Surprised | Time To Trim Big Tech? This Analyst Says Reducing 'Mag 7' Exposure Is Now 'Prudent' | Insights Into Microsoft's Performance Versus Peers In Software Sector | Softbank-Backed Arm Holdings 155% Post-IPO Surge Bolstered by AI Growth and Smartphone Integration | Super Micro Rides AI Server Boom, Analysts See Big 2026 Growth Despite Near-Term Challenges | Congress Member Josh Gottheimer Dumps Nvidia, Microsoft, Loads Up On Tesla Stocks Instead"
41,MSFT,2025-02-13,"Bill Gates Has A Soft Spot For Intel, But Says The Chip Giant Has Lost Its Way — Questions Whether The Company Can Recover After CEO Exit And Falling Behind In AI | WSP Global And Microsoft Announced A Multi-year, Global Strategic Partnership To Accelerate The Digitalization Of The Architecture, Engineering, And Construction Industry. This 7-year Partnership Represents A Potential Combined Financial Commitment And Investment Exceeding $1B | Datadog Q4 Earnings: Margins Shrink, Outlook Lags Expectations | Investigating Microsoft's Standing In Software Industry Compared To Competitors | CyberArk Q4 Revenue Surges 41%, Subscription And Strong ARR Clock Strong Growth"
42,MSFT,2025-02-14,"Apple, Tesla And Other MAG 7 Peers Too Expensive? Top Hedge Fund Challenges 'Overvaluation' Concerns, Says They Are Fairly Priced If They Sustain 20% Earnings Growth Rate | Claudia Sheinbaum Says Mexican Government May Sue Google Over 'Gulf Of Mexico' Name Change | Evaluating Microsoft Against Peers In Software Industry | Reported Feb. 13, 2025: 'DeepSeek Reportedly Exploring In-House Chip Development' - DigiTimes Asia | 'Musk's xAI Discussing $10B Raise At $75B Valuation; Sequoia, Andreessen Horowitz, Valor In Talks To Participate; Company Last Fundraised At $51B Valuation Per Pitchbook' - Bloomberg News | Soros Fund Management Reports Share Stake Of 53,300 Shares In Microsoft | Third Point Cuts Share Stake In Microsoft Corp By 31% To 600,000 Shares"
43,MSFT,2025-02-15,"Jeff Bezos-Backed Anthropic Fights US Proposal Blocking Google From Investing In AI Startups, Says It Would Benefit Rivals OpenAI, Mark Zuckerberg's Meta | Billionaire Investor Dan Loeb Boosts Stake In Mark Zuckerberg's Meta, Elon Musk's Tesla, But Sold These Three Mag 7 Stocks In Q4 | Bill Gates Wanted A Friend To 'Take Charge' Of Microsoft Due To Regret Over Leaving Harvard, But Here's Why He Panicked And Dropped Out | David Tepper's Appaloosa Revamps Portfolio, Cuts Down On Semiconductor Stocks"
44,MSFT,2025-02-17,"AI Adoption To Boost Chinese Stocks By Up To $200 Billion, Predicts Goldman Sachs: EPS To Rise By 2.5% Annually Over Next 10 Years | Billionaire Ray Dalio's Bridgewater Trims Holdings In 6 Of 'Magnificent 7' Stocks Amid Valuation Concerns, Adds This Automotive Stock After 3 Years | Microsoft's Opposition To Bitcoin Investments Aligns With The Stance Of The Company's Largest Shareholder, Vanguard: Here's More | Microsoft Commits $700 Million To Boost Poland's Cybersecurity Infrastructure As Part Of The 2023 Polish Data Center Project | Market Analysis: Microsoft And Competitors In Software Industry"
45,MSFT,2025-02-18,"After Google Stands Firm On 'Gulf of America' Label, Mexico Says It's Waiting For A New Response Or 'Will Proceed To Court' | Billionaire Investor Stanley Druckenmiller Dumps Broadcom, Bets Big On Tesla, Amazon And Other Big Tech Stocks In Q4 | GOP Megadonor Ken Griffin's Citadel Scores 77% Return On Palantir Despite Trimming Stake, Doubles Down On These 4 'Mag 7' Stocks | Sam Altman's OpenAI Reportedly Considers Special Voting Rights To Thwart Elon Musk's Acquisition Attempt And Defend Future Unsolicited Bids | Bill Gates Hopes Elon Musk Will Rethink Slashing USAID: Their Work Is Something 'Every Taxpayer Would Be Proud Of' | Evaluating Microsoft Against Peers In Software Industry | AMD Closing Competitive GPU Gap With Nvidia, Gains Market Share From Intel In Client And Server Markets: Analyst | Nasdaq-100 Hits Record High, Meta's Rally Powers Tech Surge | Marjorie Taylor Greene Discloses New Stock Trades: Is Palantir Purchase Conflict Of Interest For Committee Assignments?"
46,MSFT,2025-02-19,"Vivek Ramaswamy Foresees Bitcoin As A 'More Common' Corporate Treasury Holding As Era Of Easy Money Ends | Trump Announces 25% Tariff On Auto Imports, Chips And Pharmaceuticals, Shaking Global Trade: Nvidia, Apple, TSMC And Others In Focus | 5 Top Tech Stocks Hedge Funds Have Been Bullish On In Q4 (Hint: It's Not Nvidia) | 'DeepSeek Weighs Raising Outside Money For First Time' - The Information | Market Analysis: Microsoft And Competitors In Software Industry | 'Muse Is Xbox's Generative AI Model For Gameplay Ideation; In Partnership With Xbox Games Studios' Ninja Theory, Microsoft Research Developed A Generative Ai Model For Gameplay Named Muse' - VentureBeat | 'Microsoft Announces Quantum Computing Breakthrough With New Majorana 1 Chip; Microsoft Has Spent 17 Years Researching A New Material And Architecture For Quantum Computing' - The Verge | Watching Shares Of Quantum Computing Stocks; Shares Move Higher After The Verge Reported 'Microsoft Announces Quantum Computing Breakthrough With New Majorana 1 Chip' | Vivek Ramaswamy Foresees Bitcoin As A 'More Common' Corporate Treasury Holding As Era Of Easy Money Ends | Trump Announces 25% Tariff On Auto Imports, Chips And Pharmaceuticals, Shaking Global Trade: Nvidia, Apple, TSMC And Others In Focus | 5 Top Tech Stocks Hedge Funds Have Been Bullish On In Q4 (Hint: It's Not Nvidia) | 'DeepSeek Weighs Raising Outside Money For First Time' - The Information | Market Analysis: Microsoft And Competitors In Software Industry | 'Muse Is Xbox's Generative AI Model For Gameplay Ideation; In Partnership With Xbox Games Studios' Ninja Theory, Microsoft Research Developed A Generative Ai Model For Gameplay Named Muse' - VentureBeat | 'Microsoft Announces Quantum Computing Breakthrough With New Majorana 1 Chip; Microsoft Has Spent 17 Years Researching A New Material And Architecture For Quantum Computing' - The Verge | Watching Shares Of Quantum Computing Stocks; Shares Move Higher After The Verge Reported 'Microsoft Announces Quantum Computing Breakthrough With New Majorana 1 Chip' | Microsoft Joins Quantum Computing Battle with Majorana 1, Challenging Google, Nvidia's Advances"
47,MSFT,2025-02-20,"Top Analyst Predicts Apple Will Hit $4 Trillion First Followed By Nvidia — Says AI Demand Is 'Exploding' Despite Tariffs And DeepSeek Fears: 'The Bears Can't See AI In The Spreadsheets...' | Microsoft CEO Satya Nadella Warns Of Dot-com-Like AI Bubble, Pushes For Measuring AI Impact With GDP Growth: 'Self-Claiming AGI Milestone Is Just Nonsensical Benchmark Hacking' | 'Pharma Bro' Martin Shkreli Slams Microsoft's Quantum 'Breakthrough,' Predicts IONQ And RGTI Will Plummet As Tech Falls Behind | Meta Remains Tiger Global's Top Holding as Fund Makes Aggressive Tech Bets | Quantum Computing Stocks RGTI, QUBT, IONQ, QBTS Cheer Microsoft's 'Majorana 1' Launch: Satya Nadella Calls It A 'Physics And Fabrication Breakthrough' | Top 10 Trending Stocks On WallStreetBets As Of February 20, 2025 (Via Swaggy Stocks) | Performance Comparison: Microsoft And Competitors In Software Industry | 'Salesforce In Talks With Microsoft, Oracle And Google About Cloud Deal To Handle AI' - The Information | Microsoft's Quantum Leap: Will Majorana 1 Lift MSFT Stock? | Salesforce CEO Benioff: 'The story in @TheInformation
 is incorrect. In 2024, Salesforce explored a fourth deployment option for our customers, alongside our existing choices: our proprietary data centers, AWS, and Alibaba. Last year, we decided to extend our partnership with Google, giving customers the option to deploy Salesforce's customers 360 apps, Hyperforce, Agentforce, and Data Cloud on Google's platform in future Salesforce releases.' | ""Microsoft Prepares For OpenAI's GPT-5 Model; GPT-4.5 Could Arrive As Soon As Next Week, As Microsoft Gets Ready To Host OpenAI's Latest Models"" - The Verge | U.S. FTC Says It Launches Inquiry On Tech Censorship"
48,MSFT,2025-02-21,"What To Expect From Zoom Q4 Earnings? | Top Holders Of Quantum Computing Stocks In Q4: BlackRock, Vanguard, UBS, State Street Pour Money In Rigetti, D-Wave, IonQ, QUBT | Institutional Investors Load Up On Technology And Financial Stocks In Q4 While Reducing Positions In Healthcare Sector Amid Political Uncertainty | Taiwan Semiconductor Too Big For The Index, Regulator Considers Lifting Weight Cap | SPY: How High or Low Could It Potentially Go Today? | Investigating Microsoft's Standing In Software Industry Compared To Competitors | Microsoft's Quantum Leap Hits A Technical Snag: Death Cross Looms Large | OpenAI Expands Operator AI Agent To Multiple Countries"
49,MSFT,2025-02-23,"Consumer Tech News (Feb 17-Feb 21): Mexico Warns Alphabet Over Naming of the ""Gulf of Mexico"" On Maps, Apple Launches iPhone 16E & More"
50,MSFT,2025-02-24,"Nvidia Set For 'Clear Beat And Raise Special' As AI Demand Surges, Says Dan Ives | Google, Microsoft, And Meta Linked To $5.4 Billion In Health Costs As AI Data Centers Fuel Pollution Crisis In The US: Report | Microsoft Pulls Plug On AI Data Center Leases, Says Analyst: Oversupply Situation Likely | Apple Commits $500 Billion In US Investment For AI Push, Boost US Manufacturing Tech | Microsoft To Jefferies Says 'Strongly Refute' Any Change To Data Center Strategy | Competitor Analysis: Evaluating Microsoft And Competitors In Software Industry | Microsoft Cancels Some Data Center Leases, Raises Questions on AI Expansion Strategy | US Lawmakers Demand EU Clarify Big Tech Regulations That 'May Target American Companies' | 'Microsoft Quietly Launches Free, Ad-Supported Version Of Office Apps For Windows With Limited Functionality' - Windows Central | Palantir Extends Losses, Microsoft Slides: What's Driving Markets Monday? | ""AI Startup Anthropic Finalizing $3.5B Funding Round; Company behind Claude chatbot is valued at $61.5 billion after overcoming investor fears sparked by the success of China's DeepSeek"" - WSJ | EXCLUSIVE: 3 ETFs Positioned For Microsoft's Quantum Breakthrough"
51,MSFT,2025-02-25,"Microsoft Data Center Lease Cancellation Spurred AI Spending Cut Fears 'More Smoke Than Fire,' Says Top Analyst — Redmond Reaffirms $80 Billion Investment Plan | Exploring The Competitive Space: Microsoft Versus Industry Peers In Software | 10 Information Technology Stocks With Whale Alerts In Today's Session | Smart Money Is Betting Big In MSFT Options | Microsoft Trades At Discount To Oracle Despite Strong Cloud Position: Analyst"
52,MSFT,2025-02-26,"Meta Gears Up For AI Dominance With $200 Billion Data Center Project: Report | Billionaire Ray Dalio Says AI Risks 'Totalitarian Control Or Anarchy' As It Could Reshape World In Next 5 Years: Here Are AI-Linked ETFs For Investors To Consider | Amazon's $25 Billion Robotics Push Targets Cost Savings, AI Growth And Temu Competition: Report | Meta Gears Up For AI Dominance With $200 Billion Data Center Project: Report | Billionaire Ray Dalio Says AI Risks 'Totalitarian Control Or Anarchy' As It Could Reshape World In Next 5 Years: Here Are AI-Linked ETFs For Investors To Consider | Amazon's $25 Billion Robotics Push Targets Cost Savings, AI Growth And Temu Competition: Report | 'BNY, America's Oldest Bank, Signs Multiyear Deal With OpenAI; The Bank Wants To Combine Its Internal AI Platform With Cutting-Edge Tech From OpenAI' - WSJ | Snowflake Securely Integrates Microsoft Azure OpenAI Service To Provide Access To The Latest OpenAI Models | $100 Invested In Microsoft 15 Years Ago Would Be Worth This Much Today | Snowflake Beats Q4 Estimates, Expands Microsoft Partnership To Include OpenAI Models"
53,MSFT,2025-02-27,"Snowflake Expands Microsoft, OpenAI Partnership: Will Include Other Prominent Models Like Anthropic's Claude, Meta's Llama, And DeepSeek | Wall Street Journal Reported Microsoft Urges Trump Administration To Lift AI Chip Export Limits for Allies, Calls For Simplified Control Rules | Nvidia Dominance Continues As AI Demand Grows: Can Arista, Cisco Keep Up? | February Fever: Retail Investors 'Buy-The-Dip' As Hedge Funds Rebuild Magnificent Seven Bets | Performance Comparison: Microsoft And Competitors In Software Industry | AI Investment Surges As Investors Prioritize Efficiency And Early Market Entry, Says INSART CEO | 10 Information Technology Stocks Whale Activity In Today's Session | Snowflake Shares Rise After Company Beats Q4 Estimates, Expands Microsoft Partnership | Amazon Unveils Ocelot Quantum Chip After Microsoft, Aims to Slash Error Correction Costs by 90% | Microsoft Introduces GPT-4.5 In Preview On Azure OpenAI Service"
54,MSFT,2025-02-28,"Google Implements Layoffs In HR And Cloud Divisions As AI Investment Accelerates: Report | Sam Altman Calls It 'Magic' As OpenAI Rolls Out GPT-4.5: 'Feels Like Talking To A Thoughtful Person To Me' | SoundHound AI Says Polaris Speech Recognition Model Outperforms Google, OpenAI: Company Forays Into Energy Sector With 7-Figure Deal | 'This Is As Good As It Gets For Nvidia:' Analyst Says Jensen Huang-Led Chipmaker's Explosive Growth May Have Peaked As NVDA Stock Falls 13% This Year | Activist Investor ValueAct, Once Linked To Steve Ballmer's Microsoft Exit, Bought Meta, Visa, Sold Spotify In Q3: A Smart Bet? | Microsoft Urges Trump To Avoid This Critical Mistake In Global AI Race, Cautions It Will 'Give China A Strategic Advantage' | Microsoft Regarding UK's Probe Into Cloud Computing Market Says CMA Fundamentally Misjudges AI Technology Driving Competitive Dynamic In Cloud Computing | TikTok Invests $8.8 Billion in Thailand Data Centers, Bypassing US-China Tech Tensions | IonQ CEO Fires Back At Nvidia's Jensen Huang: 'We Remain The 800 Pound Guerrilla' | Microsoft To Shut Down Skype In May -XDA Report | Tesla: The Only Magnificent Seven Stock In Freefall - Can It Reverse Course? | Performance Comparison: Microsoft And Competitors In Software Industry | Nvidia-Backed CoreWeave Eyes $4 Billion IPO: Is This AI's Next Big Test? | Bitcoin, Magnificent 7 Lose Safe-Haven Status In 2025 As China ETFs, Dow Stocks Outperform"
55,MSFT,2025-03-01,"This Bill Gates 'Mistake' Cost Microsoft A $400 Billion Opportunity, According To Android Co-Founder: 'Sorry, Bill'"
56,MSFT,2025-03-02,"$21 Trillion Wealth-Creating Stocks Are Still Undervalued — Three Big Bargains To Buy Now | Goodbye, Skype: Microsoft Teams Takes Over, Offering Free Calls and More"
57,MSFT,2025-03-03,"China's DeepSeek Reports 545% Theoretical Daily Profit Margin, Even Though ChatGPT-Maker OpenAI Is Yet To Turn A Profit | Elon Musk Calls SoftBank's Masayoshi Son 'Overleveraged' As $16 Billion AI Loan Fuels Debate About Viability Of OpenAI's Stargate Project | Billionaire Investor Howard Marks Warns Against AI's 'Powerful' Novelty And FOMO As Nvidia, Other AI-Linked Stocks Tumble In 2025: Says This Enthusiasm 'Sometimes Leads To Bubbles' | Musk Criticizes US Debt, Economic Policies: 'A Poorly Managed Business' | Assessing Microsoft's Performance Against Competitors In Software Industry | Microsoft Unveils Dragon Copilot, AI Assistant Merging Dragon Medical One And DAX To Enhance Clinical Workflows, Boost Efficiency, Patient Experience, And Financial Impact; Part Of Microsoft Cloud For Healthcare | Kyndryl Announces Collaboration With Microsoft To Enable AI-powered Healthcare | Tevogen Bio To Receive $8M Of Non-Dilutive Grant Funding, Reiterates Efficient Operations Following Review Of Its Progress, Particularly In Tevogen.AI. | Microsoft Unveils AI-Powered Dragon Copilot To Ease Clinician Workloads | Intel Gains Traction With 18A Process As Nvidia, Broadcom Consider Manufacturing Contracts"
58,MSFT,2025-03-04,"Nvidia-Backed CoreWeave Files For IPO Amid Explosive AI Growth, Revenue Surges 737% To $1.9 Billion | 74% Of DeepSeek's Output Mimics OpenAI's ChatGPT, New Study Reveals: 'It Does Raise Questions About Its Development' | From 'Mag7 To Meh7:' No Tech Giant Ranks Among S&P 500's Top 50 Performers In 2025, Experts Say 'Struggle… Is Justified' | Microsoft Adds Paragon Partition Manager Driver To Blocklist As Ransomware Hackers Exploit Windows-Signed Driver For Attacks | Taiwan Semiconductor, Intel Navigate Shift As Trump Looks To Slash Chips Act Workforce By 40% | Accenture M&A: Acquires AI Firm Halfspace, Altus Consulting In UK To Expand Advanced AI Solutions in Europe | Nvidia-Backed CoreWeave Files For IPO Amid Explosive AI Growth, Revenue Surges 737% To $1.9 Billion | 74% Of DeepSeek's Output Mimics OpenAI's ChatGPT, New Study Reveals: 'It Does Raise Questions About Its Development' | From 'Mag7 To Meh7:' No Tech Giant Ranks Among S&P 500's Top 50 Performers In 2025, Experts Say 'Struggle… Is Justified' | Microsoft Adds Paragon Partition Manager Driver To Blocklist As Ransomware Hackers Exploit Windows-Signed Driver For Attacks | Taiwan Semiconductor, Intel Navigate Shift As Trump Looks To Slash Chips Act Workforce By 40% | Accenture M&A: Acquires AI Firm Halfspace, Altus Consulting In UK To Expand Advanced AI Solutions in Europe | CoreWeave's IPO: 3 Major Red Flags Investors Can't Ignore | Insights Into Microsoft's Performance Versus Peers In Software Sector | Dan Loeb's Third Point Slashes Microsoft Stake, Analysts Blame 'Disappointing' Azure | Investors Shouldn't 'Run To The Hills' Over Tariffs: Dan Ives Points To 8 AI  Stocks 'To Own' | Microsoft CFO Amy Hood Says AI Infrastructure Supply Will Be In ""Good Balance"" With Demand By End Of Current Fiscal Year | Amazon To Launch AI Reasoning Model In June, Reinforcing AWS's AI Dominance | 10 Information Technology Stocks Whale Activity In Today's Session"
59,MSFT,2025-03-05,"Big Tech Slide An Opportunity To Buy Amid Selloff? Analyst Highlights Bigger Fundamental Concerns Amid The Possibility Of Technical Bounce Back | Investigating Microsoft's Standing In Software Industry Compared To Competitors | 'OpenAI Plots Charging $20,000 A Month For PhD-Level Agents' - The Information | Analysts Highlight Credo Hyperscaler Partnerships With Amazon, Microsoft, xAI Amid AI Boom"
60,MSFT,2025-03-06,"Microsoft Dodges UK Competition Crackdown Over OpenAI Deal, Watchdog Director Says Partnership Doesn't Get 'A Clean Bill Of Health' | Bitcoin, Ethereum Rise But A Spot ETF Filing Has Sent This L1 Token Flying 13% | Microsoft May Have Given Bitcoin Investments A Miss But A Large MSFT Stock Holder Is A Strong Crypto, Blockchain Advocate | BioNexus Stock Pops As It Embraces Ethereum-Focused Treasury Strategy, Says It Is First On Nasdaq To Do So | US Indicts 12 Chinese Nationals Over Alleged Global Hacking Operation Targeting Critics: '...Been Paying Hackers-For-Hire To Inflict Digital Harm On Americans' | Melinda French Gates Reveals An IBM Manager Inspired Her To Join Bill Gates Co-Founded 'Little Company' Microsoft | ChatGPT Parent OpenAI's Specialized AI Agents Could Cost Up To $20 Thousand Per Month: report | How To Trade SPY When Market Reacts To Key Catalysts | Apple's Foldable AI iPhone Could Cost Over $2,000, 20 Million Units Shipped By 2027: Analyst | In-Depth Analysis: Microsoft Versus Competitors In Software Industry | Microsoft Says To Invest Additional 5.4 Billion Rand In South Africa AI Infrastructure | SPY ETF Has Ruled For Decades, But Is It Still The Best Bet? | Bloomberg: 'OpenAI, Oracle Eye Nvidia Chips Worth Billions for Stargate Site'"
61,MSFT,2025-03-07,"Nvidia, Meta And Amazon-Backed Scale AI Reportedly Faces US Labor Probe Over Fair Pay Practices | Jim Cramer Says Market Isn't 'Oversold Enough' For A Powerful Bounce Back Led By Broadcom's Strong Earnings | Microsoft Pours $297 Million Into AI And Cloud Expansion In South Africa | ""Microsoft's AI Guru Wants Independence From OpenAI. That's Easier Said Than Done"" - The Information | Market Analysis: Microsoft And Competitors In Software Industry | 'U.S. Likely To Ban Chinese App DeepSeek From Government Devices' - Wall Street Journal | Stifel Maintains Buy on Microsoft, Lowers Price Target to $475 | 10 Information Technology Stocks Whale Activity In Today's Session | 15 Analysts Assess Microsoft: What You Need To Know"
62,MSFT,2025-03-08,"Google's Monopoly Fight Just Got More Intense: Justice Department Reaffirms Plan To Split Up The Tech Giant In Historic Antitrust Battle | Amazon Execs Question Microsoft's Quantum Computing Breakthrough, Says It's Necessary To 'Push Back' Against Satya Nadella's Comments: Report | Benzinga Bulls And Bears: Broadcom, ChargePoint, BigBear.ai — And Tariff Whiplash Confounds Markets"
63,MSFT,2025-03-10,"Mark Zuckerberg's Meta Platforms A Lucrative Bet As 'Investors Favor Less Leveraged Tech Stocks,' Says Expert Amid Mag7's 2025 Underperformance | Alphabet's Legal Headache Isn't Going Away - And Apple Could Be The Wild Card, Says Analyst | Investigating Microsoft's Standing In Software Industry Compared To Competitors | 'OpenAI Signs 5-Year Cloud Computing Contract Worth $11.9BWith Coreweave, Sources Say' | What's Going On With Microsoft Shares Monday? | Magnificent 7 Sheds Over $750 Billion In Market Cap In One Day: Is Big Tech's Honeymoon Over? (CORRECTED)"
64,MSFT,2025-03-11,"Tesla's 101x Valuation Raises Alarm As Gordon Johnson Warns Of Sales Slump, Dan Ives Sees AI Upside Despite Elon Musk's DOGE Distractions | OpenAI Secures Near-$12 Billion CoreWeave Deal, Taking Stake In Cloud Firm Ahead Of $35 Billion IPO To Reportedly Reduce Microsoft Dependence | Tesla's 101x Valuation Raises Alarm As Gordon Johnson Warns Of Sales Slump, Dan Ives Sees AI Upside Despite Elon Musk's DOGE Distractions | OpenAI Secures Near-$12 Billion CoreWeave Deal, Taking Stake In Cloud Firm Ahead Of $35 Billion IPO To Reportedly Reduce Microsoft Dependence | China Is 'Very Sneaky,' Will Source Nvidia Chips From 3rd Parties, Says Expert Amid Blackwell Chipmaker's 22% YTD Decline | Traders Await Pivotal February Inflation Data As Stagflation Fears Weigh On Wall Street: What To Expect | Assessing Microsoft's Performance Against Competitors In Software Industry | 'Google, Anthropic Discuss AI Data Security Deals With Snowflake, Databricks; Snowflake Is In Talks With Google About Making Its Gemini Models Available Securely For Customers To Build AI Applications; Snowflake Expects Deals For OpenAI And Anthropic Models To Boost Revenue' - The Information | $1000 Invested In Microsoft 15 Years Ago Would Be Worth This Much Today"
65,MSFT,2025-03-12,"Ronald Reagan Warned That Tariffs Destroy Prosperity — Trump Is Doubling Them Anyway, And Now US Tech Giants Like Apple And Nvidia Are Bracing For Impact | Microsoft Weighs Natural Gas With Carbon Capture For AI Data Centers, But Cost Is Key | AMD Gears Up For Breakout Year In Artificial Intelligence GPUs Business: Analyst | Warren Buffett Rakes In $607 Million While Elon Musk, Jeff Bezos, And Other Top Moneybags Bleed $67 Billion In A Day Amid Market Wipeout | Palantir CEO Becomes Top-Earning Tech Boss As AI Stock Soars 216%: Report | Microsoft Options Trading: A Deep Dive into Market Sentiment | Performance Comparison: Microsoft And Competitors In Software Industry | Magnificent 7 Stocks Add $250 Billion In Value After Benign Inflation As Traders Rush To Buy Dips | Trump's FTC Moves Ahead With Broad Microsoft Antitrust Probe"
66,MSFT,2025-03-13,"Sam Altman Warns AI Will Be Deflationary, But Says OpenAI's Biggest Constraint Isn't Data Or Demand, It's GPUs | DA Davidson Upgrades Microsoft to Buy, Raises Price Target to $450 | Sam Altman's OpenAI Urges Trump Administration For Rapid AI Advancement And Reduced Regulation | Smart ETF Picks For A Cooling Inflation Era | NVIDIA And Microsoft Partner To Bring Neutral Shading Support To Microsoft DirectX, Giving Developers Access To AI Tensor Cores In NVIDIA GeForce RTX GPUs | Microsoft To Rally More Than 17%? Here Are 10 Top Analyst Forecasts For Thursday | NVIDIA & Microsoft Unlock RTX Neural Shaders For Next-Gen Graphics: Details | Evaluating Microsoft Against Peers In Software Industry | Live On CNBC, Kevin Simpson Announces Bought More Microsoft | 10 Information Technology Stocks With Whale Alerts In Today's Session | Nvidia Stock Reached All-Time Highs After Jensen Huang's CES Keynote — Will Next Week's GTC Spark Another Surge?"
67,MSFT,2025-03-14,"SoftBank To Build $676 Million AI Data Center In Japan, Linked To OpenAI Partnership | Exploring The Competitive Space: Microsoft Versus Industry Peers In Software | Unpacking the Latest Options Trading Trends in Microsoft | Deal Dispatch: Trump M&A Boom Is A Bust, Purple Mattress Considers Sale, Celtics Auction Heats Up"
68,MSFT,2025-03-15,Apple Scrambles To Fix Siri's AI Failures After Public Misstep—Top Executive Admits Marketing It Too Soon Made Things Worse
69,MSFT,2025-03-16,"Consumer Tech News (Mar 10-Mar 14): Manus AI Creating Hype, Tesla Eyes Affordable Version Model Y In China & More | Consumer Tech News (Mar 10-Mar 14): Manus AI Creating Hype, Tesla Eyes Affordable Version Model Y In China & More"
