,Model,Accuracy_x,Confusion Matrix_x,Start_x,End_x,Duration_x,Exposure Time [%]_x,Equity Final [$]_x,Equity Peak [$]_x,Return [%]_x,Buy & Hold Return [%]_x,Return (Ann.) [%]_x,Volatility (Ann.) [%]_x,CAGR [%]_x,Sharpe Ratio_x,Sortino Ratio_x,Calmar Ratio_x,Alpha [%]_x,Beta_x,Max. Drawdown [%]_x,Avg. Drawdown [%]_x,Max. Drawdown Duration_x,Avg. Drawdown Duration_x,# Trades_x,Win Rate [%]_x,Best Trade [%]_x,Worst Trade [%]_x,Avg. Trade [%]_x,Max. Trade Duration_x,Avg. Trade Duration_x,Profit Factor_x,Expectancy [%]_x,SQN_x,Kelly Criterion_x,_strategy_x,_equity_curve_x,_trades_x,Accuracy_y,Confusion Matrix_y,Start_y,End_y,Duration_y,Exposure Time [%]_y,Equity Final [$]_y,Equity Peak [$]_y,Return [%]_y,Buy & Hold Return [%]_y,Return (Ann.) [%]_y,Volatility (Ann.) [%]_y,CAGR [%]_y,Sharpe Ratio_y,Sortino Ratio_y,Calmar Ratio_y,Alpha [%]_y,Beta_y,Max. Drawdown [%]_y,Avg. Drawdown [%]_y,Max. Drawdown Duration_y,Avg. Drawdown Duration_y,# Trades_y,Win Rate [%]_y,Best Trade [%]_y,Worst Trade [%]_y,Avg. Trade [%]_y,Max. Trade Duration_y,Avg. Trade Duration_y,Profit Factor_y,Expectancy [%]_y,SQN_y,Kelly Criterion_y,_strategy_y,_equity_curve_y,_trades_y
0,Logistic Regression,0.8508217446270544,"[[429  18]
 [100 244]]",2022-01-03 00:00:00,2025-02-27 00:00:00,1151 days 00:00:00,34.260429835651074,16523.63140869141,21593.770507812504,65.23631408691409,-33.76597544070364,17.350498180280848,35.026659477504985,11.622573018049476,0.49535121073774624,0.9881657052019792,0.7179013833184619,75.66761670431086,0.30892940249024214,-24.168358751558706,-7.646029021752578,357 days 00:00:00,58 days 00:00:00,9,33.33333333333333,65.15986122632557,-13.742911622048148,5.736815638175186,136 days 00:00:00,43 days 00:00:00,3.014558758405231,7.940331181125945,0.7660097150695107,0.19475525861770343,MyStrategy,"                  Equity  DrawdownPct DrawdownDuration
Date                                                  
2022-01-03  10000.000000     0.000000              NaT
2022-01-04  10000.000000     0.000000              NaT
2022-01-05  10000.000000     0.000000              NaT
2022-01-06  10000.000000     0.000000              NaT
2022-01-07  10000.000000     0.000000              NaT
...                  ...          ...              ...
2025-02-21  16523.631409     0.234796              NaT
2025-02-24  16523.631409     0.234796              NaT
2025-02-25  16523.631409     0.234796              NaT
2025-02-26  16523.631409     0.234796              NaT
2025-02-27  16523.631409     0.234796         357 days

[791 rows x 3 columns]","   Size  EntryBar  ExitBar  EntryPrice   ExitPrice  ...   ExitTime Duration   Tag  Entry_get_signal Exit_get_signal
0    94       105      111  105.800003   91.260002  ... 2022-06-13  10 days  None                 1               0
1    95       142      164   90.419998   90.050003  ... 2022-08-29  32 days  None                 1               0
2   123       217      241   69.580002   66.250000  ... 2022-12-16  35 days  None                 1               0
3   117       259      323   69.839996   91.610001  ... 2023-04-18  95 days  None                 1               0
4   109       340      371   98.160004  108.570000  ... 2023-06-27  47 days  None                 1               0
5   109       447      448  108.650002  105.419998  ... 2023-10-16   3 days  None                 0               0
6   102       463      556  112.599998  185.970001  ... 2024-03-21 136 days  None                 1               0
7   106       630      637  177.970001  163.410004  ... 2024-07-18   9 days  None                 1               0
8   104       686      700  167.059998  158.070007  ... 2024-10-16  20 days  None                 1               0

[9 rows x 15 columns]",0.8508217446270544,"[[429  18]
 [100 244]]",2022-01-03 00:00:00,2025-02-27 00:00:00,1151 days 00:00:00,33.37547408343868,15865.93144226075,20782.230392456062,58.65931442260749,-33.76597544070364,15.841757655161759,33.92560412290298,10.634338396521237,0.46695580122233044,0.9218805288987411,0.6348407434236454,68.77133041948886,0.29947353407986277,-24.953908234888054,-7.455108194354898,357 days 00:00:00,62 days 00:00:00,9,33.33333333333333,66.25245861432025,-13.742911622048148,5.240434378892522,135 days 00:00:00,42 days 00:00:00,2.6530174792580468,7.5840204056612865,0.7038908326190546,0.18010222527907005,MyStrategy,"                  Equity  DrawdownPct DrawdownDuration
Date                                                  
2022-01-03  10000.000000     0.000000              NaT
2022-01-04  10000.000000     0.000000              NaT
2022-01-05  10000.000000     0.000000              NaT
2022-01-06  10000.000000     0.000000              NaT
2022-01-07  10000.000000     0.000000              NaT
...                  ...          ...              ...
2025-02-21  15865.931442     0.236563              NaT
2025-02-24  15865.931442     0.236563              NaT
2025-02-25  15865.931442     0.236563              NaT
2025-02-26  15865.931442     0.236563              NaT
2025-02-27  15865.931442     0.236563         357 days

[791 rows x 3 columns]","   Size  EntryBar  ExitBar  EntryPrice   ExitPrice  ...   ExitTime Duration   Tag  Entry_get_signal Exit_get_signal
0    92       105      111  105.800003   91.260002  ... 2022-06-13  10 days  None                 1               0
1    94       143      164   90.699997   90.050003  ... 2022-08-29  31 days  None                 1               0
2   112       220      241   73.660004   66.250000  ... 2022-12-16  30 days  None                 1               0
3   109       259      323   69.839996   91.610001  ... 2023-04-18  95 days  None                 1               0
4   104       341      371   96.830002  108.570000  ... 2023-06-27  46 days  None                 1               0
5   104       447      448  108.650002  105.419998  ... 2023-10-16   3 days  None                 0               0
6    98       464      556  111.860001  185.970001  ... 2024-03-21 135 days  None                 1               0
7   102       630      637  177.970001  163.410004  ... 2024-07-18   9 days  None                 1               0
8   100       687      700  167.479996  158.070007  ... 2024-10-16  19 days  None                 1               0

[9 rows x 15 columns]"
1,Random Forest,0.7901390644753477,"[[420  27]
 [139 205]]",2022-01-03 00:00:00,2025-02-27 00:00:00,1151 days 00:00:00,31.858407079646017,14268.129745483408,14523.490463256845,42.68129745483408,-33.76597544070364,11.989906782356874,30.38066269606968,8.092890383333785,0.39465586719765655,0.747873265188932,0.36860854474983884,51.484922246869814,0.26072472887672854,-32.52747922730328,-9.71853661442671,287 days 00:00:00,106 days 00:00:00,20,35.0,53.357011559345956,-10.905006478244516,1.8053571240680188,98 days 00:00:00,18 days 00:00:00,2.007064800014448,2.529412320788569,0.7625444944531715,0.15918748590477605,MyStrategy,"                  Equity  DrawdownPct DrawdownDuration
Date                                                  
2022-01-03  10000.000000     0.000000              NaT
2022-01-04  10000.000000     0.000000              NaT
2022-01-05  10000.000000     0.000000              NaT
2022-01-06  10000.000000     0.000000              NaT
2022-01-07  10000.000000     0.000000              NaT
...                  ...          ...              ...
2025-02-21  14268.129745     0.017583              NaT
2025-02-24  14268.129745     0.017583              NaT
2025-02-25  14268.129745     0.017583              NaT
2025-02-26  14268.129745     0.017583              NaT
2025-02-27  14268.129745     0.017583         142 days

[791 rows x 3 columns]","    Size  EntryBar  ExitBar  EntryPrice   ExitPrice  ...   ExitTime Duration   Tag  Entry_get_signal Exit_get_signal
0     81        59       61  122.279999  116.309998  ... 2022-03-31   2 days  None                 1               0
1     92       102      111  102.430000   91.260002  ... 2022-06-13  13 days  None                 1               0
2     97       140      141   87.000000   86.940002  ... 2022-07-27   1 days  None                 0               1
3     93       142      164   90.419998   90.050003  ... 2022-08-29  32 days  None                 1               0
4    112       218      235   75.220001   70.139999  ... 2022-12-08  24 days  None                 1               0
5    112       259      285   69.839996   76.930000  ... 2023-02-22  40 days  None                 1               0
6    107       292      323   80.400002   91.610001  ... 2023-04-18  46 days  None                 1               0
7    102       339      369   96.419998  109.309998  ... 2023-06-23  44 days  None                 1               0
8     97       375      381  115.160004  112.889999  ... 2023-07-12   9 days  None                 1               1
9     94       382      389  115.760002  110.620003  ... 2023-07-24  11 days  None                 1               0
10    87       396      397  119.489998  108.949997  ... 2023-08-03   1 days  None                 0               0
11    83       400      401  114.940002  112.889999  ... 2023-08-09   1 days  None                 0               0
12    86       445      448  109.139999  105.419998  ... 2023-10-16   5 days  None                 1               0
13    87       450      451  103.379997  103.809998  ... 2023-10-19   1 days  None                 0               1
14    89       452      453  102.279999  100.809998  ... 2023-10-23   3 days  None                 0               0
15    79       463      529  112.599998  172.679993  ... 2024-02-12  98 days  None                 1               1
16    81       530      531  167.940002  173.470001  ... 2024-02-14   1 days  None                 0               0
17    73       553      554  193.289993  183.160004  ... 2024-03-19   1 days  None                 0               0
18    83       612      613  160.500000  160.320007  ... 2024-06-12   1 days  None                 0               0
19    84       691      696  159.710007  169.759995  ... 2024-10-10   7 days  None                 1               0

[20 rows x 15 columns]",0.7901390644753477,"[[420  27]
 [139 205]]",2022-01-03 00:00:00,2025-02-27 00:00:00,1151 days 00:00:00,30.467762326169407,16510.148979187026,16805.029808044448,65.10148979187026,-33.76597544070364,17.31998465208524,30.783886548567924,11.602625983501657,0.5626315125856313,1.1688069691456509,0.6447178833397679,73.4372371644757,0.24686825313972713,-26.864439624916635,-9.322023763816283,252 days 00:00:00,96 days 00:00:00,18,38.88888888888889,53.357011559345956,-10.905006478244516,2.8331639748166992,98 days 00:00:00,19 days 00:00:00,2.793833446655438,3.579233237331499,1.1186946020133732,0.2523689643992547,MyStrategy,"                  Equity  DrawdownPct DrawdownDuration
Date                                                  
2022-01-03  10000.000000     0.000000              NaT
2022-01-04  10000.000000     0.000000              NaT
2022-01-05  10000.000000     0.000000              NaT
2022-01-06  10000.000000     0.000000              NaT
2022-01-07  10000.000000     0.000000              NaT
...                  ...          ...              ...
2025-02-21  16510.148979     0.017547              NaT
2025-02-24  16510.148979     0.017547              NaT
2025-02-25  16510.148979     0.017547              NaT
2025-02-26  16510.148979     0.017547              NaT
2025-02-27  16510.148979     0.017547         142 days

[791 rows x 3 columns]","    Size  EntryBar  ExitBar  EntryPrice   ExitPrice  ...   ExitTime Duration   Tag  Entry_get_signal Exit_get_signal
0     81        60       61  123.040001  116.309998  ... 2022-03-31   1 days  None                 0               0
1     92       102      111  102.430000   91.260002  ... 2022-06-13  13 days  None                 1               0
2     96       140      141   87.000000   86.940002  ... 2022-07-27   1 days  None                 0               1
3     93       142      164   90.419998   90.050003  ... 2022-08-29  32 days  None                 1               0
4    109       220      235   73.660004   70.139999  ... 2022-12-08  22 days  None                 1               0
5    113       259      285   69.839996   76.930000  ... 2023-02-22  40 days  None                 1               0
6    109       292      323   80.400002   91.610001  ... 2023-04-18  46 days  None                 1               0
7    103       341      369   96.830002  109.309998  ... 2023-06-23  42 days  None                 1               0
8     97       376      381  116.099998  112.889999  ... 2023-07-12   7 days  None                 1               1
9     94       383      389  116.169998  110.620003  ... 2023-07-24  10 days  None                 1               0
10    89       400      401  114.940002  112.889999  ... 2023-08-09   1 days  None                 0               0
11    94       445      448  109.139999  105.419998  ... 2023-10-16   5 days  None                 1               0
12    94       450      451  103.379997  103.809998  ... 2023-10-19   1 days  None                 0               1
13    97       452      453  102.279999  100.809998  ... 2023-10-23   3 days  None                 0               0
14    87       463      529  112.599998  172.679993  ... 2024-02-12  98 days  None                 1               1
15    87       530      531  167.940002  173.470001  ... 2024-02-14   1 days  None                 0               0
16    96       612      613  160.500000  160.320007  ... 2024-06-12   1 days  None                 0               0
17    97       691      696  159.710007  169.759995  ... 2024-10-10   7 days  None                 1               0

[18 rows x 15 columns]"
2,XGBoost,0.8520859671302149,"[[367  80]
 [ 37 307]]",2022-01-03 00:00:00,2025-02-27 00:00:00,1151 days 00:00:00,52.08596713021492,9657.881584167484,12773.67168426514,-3.4211841583251594,-33.76597544070364,-1.1028886633688728,35.240584397172924,-0.7592501271167729,-0.03129598110346175,-0.047577736201997824,-0.026731584926895445,11.358063419267586,0.4376964498936674,-41.25788524642336,-17.33739854868114,471 days 00:00:00,164 days 00:00:00,26,30.76923076923077,72.2582463854895,-14.663669431139748,-0.1314485090608719,140 days 00:00:00,22 days 00:00:00,1.2318841903358413,0.9655796793159588,-0.05663079968380675,-0.01144658909081786,MyStrategy,"                  Equity  DrawdownPct DrawdownDuration
Date                                                  
2022-01-03  10000.000000     0.000000              NaT
2022-01-04  10000.000000     0.000000              NaT
2022-01-05   9533.099060     0.046690              NaT
2022-01-06   9538.699188     0.046130              NaT
2022-01-07   9542.199402     0.045780              NaT
...                  ...          ...              ...
2025-02-21   9657.881584     0.243923              NaT
2025-02-24   9657.881584     0.243923              NaT
2025-02-25   9657.881584     0.243923              NaT
2025-02-26   9657.881584     0.243923              NaT
2025-02-27   9657.881584     0.243923         357 days

[791 rows x 3 columns]","    Size  EntryBar  ExitBar  EntryPrice   ExitPrice  ...   ExitTime Duration   Tag  Entry_get_signal Exit_get_signal
0     70         2        4  142.820007  136.279999  ... 2022-01-07   2 days  None                 1               0
1     79        22       24  120.320000  123.559998  ... 2022-02-07   4 days  None                 1               1
2     80        25       26  122.379997  129.600006  ... 2022-02-09   1 days  None                 0               1
3     80        27       29  128.839996  115.510002  ... 2022-02-14   4 days  None                 1               0
4     76        59       62  122.279999  110.480003  ... 2022-04-01   3 days  None                 1               0
5     84        94       95  100.000000   96.690002  ... 2022-05-19   1 days  None                 0               0
6     79       102      112  102.430000   87.410004  ... 2022-06-14  14 days  None                 1               0
7     77       137      165   89.599998   90.059998  ... 2022-08-30  40 days  None                 1               0
8    100       217      237   69.580002   68.540001  ... 2022-12-12  31 days  None                 1               1
9     91       238      241   74.870003   66.250000  ... 2022-12-16   3 days  None                 1               0
10    91       256      327   66.669998   88.110001  ... 2023-04-24 104 days  None                 1               0
11    84       338      369   94.889999  109.309998  ... 2023-06-23  45 days  None                 1               0
12    81       374      381  113.029999  112.889999  ... 2023-07-12  12 days  None                 1               1
13    79       382      390  115.760002  111.139999  ... 2023-07-25  12 days  None                 1               0
14    78       393      394  113.379997  114.160004  ... 2023-07-31   3 days  None                 0               1
15    78       395      404  114.260002  106.750000  ... 2023-08-14  13 days  None                 1               0
16    75       406      409  110.089996  106.199997  ... 2023-08-21   5 days  None                 1               0
17    72       412      413  111.059998  101.169998  ... 2023-08-25   1 days  None                 0               0
18    69       421      430  106.139999  102.360001  ... 2023-09-20  13 days  None                 1               0
19    64       445      454  109.139999  100.970001  ... 2023-10-24  13 days  None                 1               0
20    60       461      556  107.959999  185.970001  ... 2024-03-21 140 days  None                 1               0
21    67       597      616  165.550003  158.000000  ... 2024-06-17  28 days  None                 1               0
22    68       623      637  157.179993  163.410004  ... 2024-07-18  21 days  None                 1               0
23    71       660      670  156.490005  140.509995  ... 2024-09-04  15 days  None                 1               0
24    65       679      705  153.550003  153.000000  ... 2024-10-23  36 days  None                 1               0
25    65       710      711  153.009995  147.800003  ... 2024-10-31   1 days  None                 0               0

[26 rows x 15 columns]",0.8520859671302149,"[[367  80]
 [ 37 307]]",2022-01-03 00:00:00,2025-02-27 00:00:00,1151 days 00:00:00,50.695322376738304,10495.421157836918,13622.830673217777,4.9542115783691765,-33.76597544070364,1.5524076337888992,35.227895979279936,1.0642861429499106,0.04406756607610009,0.06981793799150397,0.03753686694035876,19.173929428072533,0.421125635024955,-41.35687819272383,-14.297794380692386,471 days 00:00:00,127 days 00:00:00,24,33.33333333333333,72.2582463854895,-14.663669431139748,0.17446014079220973,140 days 00:00:00,23 days 00:00:00,1.3151168683469456,1.3385718586336628,0.07909491160468712,0.017230191005503603,MyStrategy,"                  Equity  DrawdownPct DrawdownDuration
Date                                                  
2022-01-03  10000.000000     0.000000              NaT
2022-01-04  10000.000000     0.000000              NaT
2022-01-05   9539.769073     0.046023              NaT
2022-01-06   9545.289200     0.045471              NaT
2022-01-07   9548.739410     0.045126              NaT
...                  ...          ...              ...
2025-02-21  10495.421158     0.229571              NaT
2025-02-24  10495.421158     0.229571              NaT
2025-02-25  10495.421158     0.229571              NaT
2025-02-26  10495.421158     0.229571              NaT
2025-02-27  10495.421158     0.229571         357 days

[791 rows x 3 columns]","    Size  EntryBar  ExitBar  EntryPrice   ExitPrice  ...   ExitTime Duration   Tag  Entry_get_signal Exit_get_signal
0     69         2        4  142.820007  136.279999  ... 2022-01-07   2 days  None                 1               0
1     77        22       24  120.320000  123.559998  ... 2022-02-07   4 days  None                 1               1
2     79        25       26  122.379997  129.600006  ... 2022-02-09   1 days  None                 0               1
3     78        27       29  128.839996  115.510002  ... 2022-02-14   4 days  None                 1               0
4     75        60       62  123.040001  110.480003  ... 2022-04-01   2 days  None                 1               0
5     81        94       95  100.000000   96.690002  ... 2022-05-19   1 days  None                 0               0
6     79       102      112  102.430000   87.410004  ... 2022-06-14  14 days  None                 1               0
7     77       137      165   89.599998   90.059998  ... 2022-08-30  40 days  None                 1               0
8     91       220      237   73.660004   68.540001  ... 2022-12-12  26 days  None                 1               1
9     90       239      241   70.930000   66.250000  ... 2022-12-16   2 days  None                 1               0
10    90       256      327   66.669998   88.110001  ... 2023-04-24 104 days  None                 1               0
11    84       338      369   94.889999  109.309998  ... 2023-06-23  45 days  None                 1               0
12    80       375      381  115.160004  112.889999  ... 2023-07-12   9 days  None                 1               1
13    78       382      390  115.760002  111.139999  ... 2023-07-25  12 days  None                 1               0
14    75       395      404  114.260002  106.750000  ... 2023-08-14  13 days  None                 1               0
15    72       406      409  110.089996  106.199997  ... 2023-08-21   5 days  None                 1               0
16    71       421      430  106.139999  102.360001  ... 2023-09-20  13 days  None                 1               0
17    69       445      454  109.139999  100.970001  ... 2023-10-24  13 days  None                 1               0
18    64       461      556  107.959999  185.970001  ... 2024-03-21 140 days  None                 1               0
19    72       597      616  165.550003  158.000000  ... 2024-06-17  28 days  None                 1               0
20    72       623      637  157.179993  163.410004  ... 2024-07-18  21 days  None                 1               0
21    76       660      670  156.490005  140.509995  ... 2024-09-04  15 days  None                 1               0
22    70       680      705  150.899994  153.000000  ... 2024-10-23  35 days  None                 1               0
23    65       710      711  153.009995  147.800003  ... 2024-10-31   1 days  None                 0               0

[24 rows x 15 columns]"
3,SVM,0.8394437420986094,"[[434  13]
 [114 230]]",2022-01-03 00:00:00,2025-02-27 00:00:00,1151 days 00:00:00,32.4905183312263,12895.5007095337,15873.030372619638,28.955007095337002,-33.76597544070364,8.438588125406632,30.031703843368398,5.725402546574054,0.28098932279761546,0.5074584250624999,0.32578319235733716,38.1342662851674,0.27184937115025976,-25.902466190308303,-10.288733949007826,357 days 00:00:00,83 days 00:00:00,14,28.57142857142857,51.32308541825328,-11.925021370824274,1.8487596381451699,87 days 00:00:00,26 days 00:00:00,1.8519290481528667,2.883671392099286,0.4853627597717931,0.10153437645566205,MyStrategy,"                 Equity  DrawdownPct DrawdownDuration
Date                                                 
2022-01-03  10000.00000     0.000000              NaT
2022-01-04  10000.00000     0.000000              NaT
2022-01-05  10000.00000     0.000000              NaT
2022-01-06  10000.00000     0.000000              NaT
2022-01-07  10000.00000     0.000000              NaT
...                 ...          ...              ...
2025-02-21  12895.50071     0.187584              NaT
2025-02-24  12895.50071     0.187584              NaT
2025-02-25  12895.50071     0.187584              NaT
2025-02-26  12895.50071     0.187584              NaT
2025-02-27  12895.50071     0.187584         357 days

[791 rows x 3 columns]","    Size  EntryBar  ExitBar  EntryPrice   ExitPrice  ...   ExitTime Duration   Tag  Entry_get_signal Exit_get_signal
0     94       105      108  105.800003  104.570000  ... 2022-06-08   5 days  None                 1               0
1    103       145      165   95.709999   90.059998  ... 2022-08-30  28 days  None                 1               0
2    123       218      241   75.220001   66.250000  ... 2022-12-16  32 days  None                 1               0
3    117       259      263   69.839996   68.010002  ... 2023-01-20   7 days  None                 1               1
4    110       264      325   72.220001   88.830002  ... 2023-04-20  87 days  None                 1               0
5     99       340      370   98.160004  110.949997  ... 2023-06-26  46 days  None                 1               0
6     92       396      397  119.489998  108.949997  ... 2023-08-03   1 days  None                 0               0
7     93       447      448  108.650002  105.419998  ... 2023-10-16   3 days  None                 0               0
8     87       464      522  111.860001  169.270004  ... 2024-02-01  86 days  None                 1               0
9     82       524      541  179.089996  179.820007  ... 2024-02-29  24 days  None                 1               1
10    75       542      551  197.910004  192.919998  ... 2024-03-14  13 days  None                 1               0
11    81       630      636  177.970001  169.800003  ... 2024-07-17   8 days  None                 1               0
12    82       687      689  167.479996  164.479996  ... 2024-10-01   4 days  None                 1               0
13    81       692      700  166.529999  158.070007  ... 2024-10-16  12 days  None                 1               0

[14 rows x 15 columns]",0.8394437420986094,"[[434  13]
 [114 230]]",2022-01-03 00:00:00,2025-02-27 00:00:00,1151 days 00:00:00,31.22629582806574,14270.051261901863,18003.771156311042,42.700512619018625,-33.76597544070364,11.994711413634285,29.463244113195834,8.096077342926144,0.4071076276445118,0.7836948770520863,0.48275240466165836,51.05923713968539,0.24754873542289643,-24.8465078533185,-7.759399730703791,357 days 00:00:00,66 days 00:00:00,13,30.76923076923077,51.32308541825328,-10.0597383840765,2.7779960609921384,86 days 00:00:00,27 days 00:00:00,2.2280653789698306,3.8245523439032882,0.6624323422039254,0.14226319066080637,MyStrategy,"                  Equity  DrawdownPct DrawdownDuration
Date                                                  
2022-01-03  10000.000000     0.000000              NaT
2022-01-04  10000.000000     0.000000              NaT
2022-01-05  10000.000000     0.000000              NaT
2022-01-06  10000.000000     0.000000              NaT
2022-01-07  10000.000000     0.000000              NaT
...                  ...          ...              ...
2025-02-21  14270.051262     0.207385              NaT
2025-02-24  14270.051262     0.207385              NaT
2025-02-25  14270.051262     0.207385              NaT
2025-02-26  14270.051262     0.207385              NaT
2025-02-27  14270.051262     0.207385         357 days

[791 rows x 3 columns]","    Size  EntryBar  ExitBar  EntryPrice   ExitPrice  ...   ExitTime Duration   Tag  Entry_get_signal Exit_get_signal
0     92       105      108  105.800003  104.570000  ... 2022-06-08   5 days  None                 1               0
1    102       145      165   95.709999   90.059998  ... 2022-08-30  28 days  None                 1               0
2    121       220      241   73.660004   66.250000  ... 2022-12-16  30 days  None                 1               0
3    118       259      263   69.839996   68.010002  ... 2023-01-20   7 days  None                 1               1
4    107       265      325   73.750000   88.830002  ... 2023-04-20  86 days  None                 1               0
5    101       341      370   96.830002  110.949997  ... 2023-06-26  45 days  None                 1               0
6    103       447      448  108.650002  105.419998  ... 2023-10-16   3 days  None                 0               0
7     97       464      522  111.860001  169.270004  ... 2024-02-01  86 days  None                 1               0
8     94       525      541  173.149994  179.820007  ... 2024-02-29  23 days  None                 1               1
9     83       544      551  200.500000  192.919998  ... 2024-03-14   9 days  None                 1               0
10    92       630      636  177.970001  169.800003  ... 2024-07-17   8 days  None                 1               0
11    93       687      689  167.479996  164.479996  ... 2024-10-01   4 days  None                 1               0
12    90       693      700  171.080002  158.070007  ... 2024-10-16   9 days  None                 1               0

[13 rows x 15 columns]"
4,Naive Bayes,0.8407079646017699,"[[418  29]
 [ 97 247]]",2022-01-03 00:00:00,2025-02-27 00:00:00,1151 days 00:00:00,38.179519595448795,9273.664794921866,12755.60240173339,-7.263352050781341,-33.76597544070364,-2.37370320969138,29.647852856822578,-1.6373957816253726,-0.08006324171786162,-0.1175856107708276,-0.07043740808406147,4.005647212103266,0.33373830063562276,-33.69946842533662,-16.938329844143837,470 days 00:00:00,159 days 00:00:00,27,37.03703703703704,24.870901702941328,-10.905006478244516,-0.28195005923288274,43 days 00:00:00,15 days 00:00:00,1.016903675803806,0.05274952357475977,-0.17995697208317044,-0.03671554425176704,MyStrategy,"                  Equity  DrawdownPct DrawdownDuration
Date                                                  
2022-01-03  10000.000000     0.000000              NaT
2022-01-04  10000.000000     0.000000              NaT
2022-01-05  10000.000000     0.000000              NaT
2022-01-06  10000.000000     0.000000              NaT
2022-01-07  10000.000000     0.000000              NaT
...                  ...          ...              ...
2025-02-21   9273.664795     0.272973              NaT
2025-02-24   9273.664795     0.272973              NaT
2025-02-25   9273.664795     0.272973              NaT
2025-02-26   9273.664795     0.272973              NaT
2025-02-27   9273.664795     0.272973         357 days

[791 rows x 3 columns]","    Size  EntryBar  ExitBar  EntryPrice   ExitPrice  ...   ExitTime Duration   Tag  Entry_get_signal Exit_get_signal
0     77        26       29  129.600006  115.510002  ... 2022-02-14   5 days  None                 1               0
1     74        57       62  119.919998  110.480003  ... 2022-04-01   7 days  None                 1               0
2     88        87       88   92.870003   89.180000  ... 2022-05-10   1 days  None                 0               0
3     78        94       95  100.000000   96.690002  ... 2022-05-19   1 days  None                 0               0
4     74       102      111  102.430000   91.260002  ... 2022-06-13  13 days  None                 1               0
5     79       136      141   85.389999   86.940002  ... 2022-07-27   7 days  None                 1               1
6     76       142      159   90.419998   94.400002  ... 2022-08-22  25 days  None                 1               0
7    103       217      234   69.580002   69.529999  ... 2022-12-07  26 days  None                 1               0
8    103       258      263   70.070000   68.010002  ... 2023-01-20   8 days  None                 1               1
9     97       264      284   72.220001   77.150002  ... 2023-02-21  29 days  None                 1               0
10    90       295      316   82.790001   91.470001  ... 2023-04-06  29 days  None                 1               0
11    87       338      367   94.889999  118.489998  ... 2023-06-21  43 days  None                 1               0
12    89       384      388  115.949997  110.970001  ... 2023-07-21   4 days  None                 1               0
13    82       396      397  119.489998  108.949997  ... 2023-08-03   1 days  None                 0               0
14    85       443      450  106.010002  103.379997  ... 2023-10-18   9 days  None                 1               0
15    81       461      484  107.959999  120.690002  ... 2023-12-06  34 days  None                 1               0
16    75       486      503  129.539993  134.300003  ... 2024-01-04  27 days  None                 1               0
17    69       506      531  145.949997  173.470001  ... 2024-02-14  36 days  None                 1               1
18    67       532      535  179.139999  162.740005  ... 2024-02-21   6 days  None                 1               0
19    60       537      552  181.860001  184.830002  ... 2024-03-15  21 days  None                 1               0
20    66       596      608  168.429993  162.070007  ... 2024-06-05  19 days  None                 1               0
21    66       611      612  162.479996  160.500000  ... 2024-06-11   1 days  None                 0               0
22    60       629      637  174.899994  163.410004  ... 2024-07-18  10 days  None                 1               0
23    63       660      665  156.490005  150.130005  ... 2024-08-27   7 days  None                 1               0
24    62       678      680  151.699997  150.899994  ... 2024-09-18   2 days  None                 1               0
25    60       682      700  156.000000  158.070007  ... 2024-10-16  26 days  None                 1               0
26    62       710      711  153.009995  147.800003  ... 2024-10-31   1 days  None                 0               0

[27 rows x 15 columns]",0.8407079646017699,"[[418  29]
 [ 97 247]]",2022-01-03 00:00:00,2025-02-27 00:00:00,1151 days 00:00:00,36.91529709228824,9458.144088745106,12966.522842407216,-5.418559112548937,-33.76597544070364,-1.759140505071377,28.607385740995976,-1.2122831753940355,-0.06149252927192263,-0.09165052955653517,-0.04873229905432214,5.007824170711354,0.3087837134031576,-36.098040503085116,-11.678677850846615,471 days 00:00:00,111 days 00:00:00,26,38.46153846153847,24.870901702941328,-10.905006478244516,-0.23739032937074578,43 days 00:00:00,15 days 00:00:00,1.0316857688073726,0.09821163178563169,-0.13947533397822928,-0.029955922055681927,MyStrategy,"                  Equity  DrawdownPct DrawdownDuration
Date                                                  
2022-01-03  10000.000000     0.000000              NaT
2022-01-04  10000.000000     0.000000              NaT
2022-01-05  10000.000000     0.000000              NaT
2022-01-06  10000.000000     0.000000              NaT
2022-01-07  10000.000000     0.000000              NaT
...                  ...          ...              ...
2025-02-21   9458.144089     0.270572              NaT
2025-02-24   9458.144089     0.270572              NaT
2025-02-25   9458.144089     0.270572              NaT
2025-02-26   9458.144089     0.270572              NaT
2025-02-27   9458.144089     0.270572         357 days

[791 rows x 3 columns]","    Size  EntryBar  ExitBar  EntryPrice   ExitPrice  ...   ExitTime Duration   Tag  Entry_get_signal Exit_get_signal
0     77        26       29  129.600006  115.510002  ... 2022-02-14   5 days  None                 1               0
1     73        57       62  119.919998  110.480003  ... 2022-04-01   7 days  None                 1               0
2     86        87       88   92.870003   89.180000  ... 2022-05-10   1 days  None                 0               0
3     77        94       95  100.000000   96.690002  ... 2022-05-19   1 days  None                 0               0
4     74       102      111  102.430000   91.260002  ... 2022-06-13  13 days  None                 1               0
5     79       136      141   85.389999   86.940002  ... 2022-07-27   7 days  None                 1               1
6     75       143      159   90.699997   94.400002  ... 2022-08-22  24 days  None                 1               0
7     94       220      234   73.660004   69.529999  ... 2022-12-07  21 days  None                 1               0
8     96       259      263   69.839996   68.010002  ... 2023-01-20   7 days  None                 1               1
9     87       265      284   73.750000   77.150002  ... 2023-02-21  28 days  None                 1               0
10    84       295      316   82.790001   91.470001  ... 2023-04-06  29 days  None                 1               0
11    80       338      367   94.889999  118.489998  ... 2023-06-21  43 days  None                 1               0
12    82       384      388  115.949997  110.970001  ... 2023-07-21   4 days  None                 1               0
13    85       443      450  106.010002  103.379997  ... 2023-10-18   9 days  None                 1               0
14    82       461      484  107.959999  120.690002  ... 2023-12-06  34 days  None                 1               0
15    77       486      503  129.539993  134.300003  ... 2024-01-04  27 days  None                 1               0
16    70       506      531  145.949997  173.470001  ... 2024-02-14  36 days  None                 1               1
17    68       532      535  179.139999  162.740005  ... 2024-02-21   6 days  None                 1               0
18    61       537      552  181.860001  184.830002  ... 2024-03-15  21 days  None                 1               0
19    68       597      608  165.550003  162.070007  ... 2024-06-05  16 days  None                 1               0
20    66       611      612  162.479996  160.500000  ... 2024-06-11   1 days  None                 0               0
21    61       630      637  177.970001  163.410004  ... 2024-07-18   9 days  None                 1               0
22    64       660      665  156.490005  150.130005  ... 2024-08-27   7 days  None                 1               0
23    63       678      680  151.699997  150.899994  ... 2024-09-18   2 days  None                 1               0
24    61       682      700  156.000000  158.070007  ... 2024-10-16  26 days  None                 1               0
25    58       710      711  153.009995  147.800003  ... 2024-10-31   1 days  None                 0               0

[26 rows x 15 columns]"
5,Gradient Boosting,0.8255372945638433,"[[424  23]
 [115 229]]",2022-01-03 00:00:00,2025-02-27 00:00:00,1151 days 00:00:00,34.639696586599236,11874.261611938477,14485.411758422852,18.742616119384767,-33.76597544070364,5.625427205548661,30.47314193694061,3.832754621156953,0.18460279603559096,0.31791884054286823,0.19769147038354307,28.422317653197446,0.28667027703112513,-28.45558887611447,-12.627929927902503,357 days 00:00:00,111 days 00:00:00,22,31.818181818181817,19.271762763499535,-11.546241720250128,0.791560942025682,59 days 00:00:00,18 days 00:00:00,1.4502609367795591,1.1508796309510971,0.48722932463262575,0.08200758468649746,MyStrategy,"                  Equity  DrawdownPct DrawdownDuration
Date                                                  
2022-01-03  10000.000000     0.000000              NaT
2022-01-04  10000.000000     0.000000              NaT
2022-01-05  10000.000000     0.000000              NaT
2022-01-06  10000.000000     0.000000              NaT
2022-01-07  10000.000000     0.000000              NaT
...                  ...          ...              ...
2025-02-21  11874.261612     0.180261              NaT
2025-02-24  11874.261612     0.180261              NaT
2025-02-25  11874.261612     0.180261              NaT
2025-02-26  11874.261612     0.180261              NaT
2025-02-27  11874.261612     0.180261         357 days

[791 rows x 3 columns]","    Size  EntryBar  ExitBar  EntryPrice   ExitPrice  ...   ExitTime Duration   Tag  Entry_get_signal Exit_get_signal
0     94       105      109  105.800003  101.570000  ... 2022-06-09   6 days  None                 1               1
1     97       110      112   98.820000   87.410004  ... 2022-06-14   4 days  None                 1               0
2     94       137      139   89.599998   86.570000  ... 2022-07-25   4 days  None                 1               0
3     90       142      164   90.419998   90.050003  ... 2022-08-29  32 days  None                 1               0
4    108       218      234   75.220001   69.529999  ... 2022-12-07  23 days  None                 1               1
5    107       235      236   70.139999   69.489998  ... 2022-12-09   1 days  None                 0               0
6    115       252      253   65.000000   64.150002  ... 2023-01-05   1 days  None                 0               0
7    110       256      284   66.669998   77.150002  ... 2023-02-21  42 days  None                 1               0
8    104       293      317   82.029999   91.320000  ... 2023-04-10  35 days  None                 1               1
9     99       318      323   96.059998   91.610001  ... 2023-04-18   7 days  None                 1               0
10   102       325      327   88.830002   88.110001  ... 2023-04-24   4 days  None                 1               0
11    94       338      369   94.889999  109.309998  ... 2023-06-23  45 days  None                 1               0
12    90       378      379  114.160004  113.000000  ... 2023-07-10   3 days  None                 0               0
13    88       383      388  116.169998  110.970001  ... 2023-07-21   7 days  None                 1               0
14    81       396      397  119.489998  108.949997  ... 2023-08-03   1 days  None                 0               0
15    87       452      453  102.279999  100.809998  ... 2023-10-23   3 days  None                 0               0
16    78       463      503  112.599998  134.300003  ... 2024-01-04  59 days  None                 1               1
17    76       504      535  136.779999  162.740005  ... 2024-02-21  47 days  None                 1               0
18    68       537      555  181.860001  182.029999  ... 2024-03-20  26 days  None                 1               0
19    70       630      635  177.970001  179.690002  ... 2024-07-16   7 days  None                 1               0
20    75       687      690  167.479996  159.309998  ... 2024-10-02   5 days  None                 1               1
21    75       691      700  159.710007  158.070007  ... 2024-10-16  13 days  None                 1               0

[22 rows x 15 columns]",0.8255372945638433,"[[424  23]
 [115 229]]",2022-01-03 00:00:00,2025-02-27 00:00:00,1151 days 00:00:00,32.99620733249052,12878.402023315428,15715.912185668943,28.78402023315428,-33.76597544070364,8.392760353534978,30.223787835127897,5.694694364799813,0.2776872442103504,0.5026125607821424,0.34819498044577274,37.935644980377695,0.27103096024264317,-24.103622466901275,-11.442740002474903,357 days 00:00:00,90 days 00:00:00,19,36.84210526315789,19.271762763499535,-11.546241720250128,1.3364209542885197,59 days 00:00:00,19 days 00:00:00,1.7295637205008898,1.673841920396158,0.7906043627143073,0.1474391856884152,MyStrategy,"                  Equity  DrawdownPct DrawdownDuration
Date                                                  
2022-01-03  10000.000000      0.00000              NaT
2022-01-04  10000.000000      0.00000              NaT
2022-01-05  10000.000000      0.00000              NaT
2022-01-06  10000.000000      0.00000              NaT
2022-01-07  10000.000000      0.00000              NaT
...                  ...          ...              ...
2025-02-21  12878.402023      0.18055              NaT
2025-02-24  12878.402023      0.18055              NaT
2025-02-25  12878.402023      0.18055              NaT
2025-02-26  12878.402023      0.18055              NaT
2025-02-27  12878.402023      0.18055         357 days

[791 rows x 3 columns]","    Size  EntryBar  ExitBar  EntryPrice   ExitPrice  ...   ExitTime Duration   Tag  Entry_get_signal Exit_get_signal
0     92       105      109  105.800003  101.570000  ... 2022-06-09   6 days  None                 1               1
1     97       110      112   98.820000   87.410004  ... 2022-06-14   4 days  None                 1               0
2     93       138      139   90.199997   86.570000  ... 2022-07-25   3 days  None                 0               0
3     90       142      164   90.419998   90.050003  ... 2022-08-29  32 days  None                 1               0
4    106       220      234   73.660004   69.529999  ... 2022-12-07  21 days  None                 1               1
5    109       235      236   70.139999   69.489998  ... 2022-12-09   1 days  None                 0               0
6    113       256      284   66.669998   77.150002  ... 2023-02-21  42 days  None                 1               0
7    108       294      317   81.070000   91.320000  ... 2023-04-10  34 days  None                 1               1
8    103       318      323   96.059998   91.610001  ... 2023-04-18   7 days  None                 1               0
9    105       325      327   88.830002   88.110001  ... 2023-04-24   4 days  None                 1               0
10    98       338      369   94.889999  109.309998  ... 2023-06-23  45 days  None                 1               0
11    93       384      388  115.949997  110.970001  ... 2023-07-21   4 days  None                 1               0
12   100       452      453  102.279999  100.809998  ... 2023-10-23   3 days  None                 0               0
13    90       463      503  112.599998  134.300003  ... 2024-01-04  59 days  None                 1               1
14    83       506      535  145.949997  162.740005  ... 2024-02-21  43 days  None                 1               0
15    74       537      555  181.860001  182.029999  ... 2024-03-20  26 days  None                 1               0
16    75       630      635  177.970001  179.690002  ... 2024-07-16   7 days  None                 1               0
17    81       687      690  167.479996  159.309998  ... 2024-10-02   5 days  None                 1               1
18    81       691      700  159.710007  158.070007  ... 2024-10-16  13 days  None                 1               0

[19 rows x 15 columns]"
6,K-Nearest Neighbors,0.7673830594184576,"[[416  31]
 [153 191]]",2022-01-03 00:00:00,2025-02-27 00:00:00,1151 days 00:00:00,30.214917825537295,9448.05158996582,11498.191421508789,-5.5194841003417965,-33.76597544070364,-1.7925497721092754,25.63442091927873,-1.235372009444946,-0.06992745331575495,-0.1075363528710104,-0.04670817480191563,2.6324488886476756,0.24142447782398777,-38.377645448816764,-15.028827671599974,660 days 00:00:00,267 days 00:00:00,17,47.05882352941176,33.534638230842305,-17.381851473720623,-0.34970949668438056,71 days 00:00:00,20 days 00:00:00,1.0701284577785564,0.2845732548747439,-0.14220179713506054,-0.048517954236399485,MyStrategy,"                 Equity  DrawdownPct DrawdownDuration
Date                                                 
2022-01-03  10000.00000     0.000000              NaT
2022-01-04  10000.00000     0.000000              NaT
2022-01-05  10000.00000     0.000000              NaT
2022-01-06  10000.00000     0.000000              NaT
2022-01-07  10000.00000     0.000000              NaT
...                 ...          ...              ...
2025-02-21   9448.05159     0.178301              NaT
2025-02-24   9448.05159     0.178301              NaT
2025-02-25   9448.05159     0.178301              NaT
2025-02-26   9448.05159     0.178301              NaT
2025-02-27   9448.05159     0.178301         399 days

[791 rows x 3 columns]","    Size  EntryBar  ExitBar  EntryPrice   ExitPrice  ...   ExitTime Duration   Tag  Entry_get_signal Exit_get_signal
0     83        57       62  119.919998  110.480003  ... 2022-04-01   7 days  None                 1               0
1     90       103      104  102.129997  100.779999  ... 2022-06-02   1 days  None                 0               1
2     85       105      112  105.800003   87.410004  ... 2022-06-14  11 days  None                 1               0
3     78       144      166   95.589996   86.279999  ... 2022-08-31  30 days  None                 1               0
4    109       215      229   62.279999   73.379997  ... 2022-11-30  21 days  None                 1               1
5    102       230      235   78.309998   70.139999  ... 2022-12-08   7 days  None                 1               0
6     97       265      267   73.750000   76.500000  ... 2023-01-26   2 days  None                 1               0
7    100       269      270   74.230003   72.260002  ... 2023-01-31   1 days  None                 0               0
8     86       272      284   84.290001   77.150002  ... 2023-02-21  19 days  None                 1               0
9     77       296      299   85.290001   83.669998  ... 2023-03-14   5 days  None                 1               1
10    75       300      328   86.769997   86.900002  ... 2023-04-25  41 days  None                 1               0
11    66       340      371   98.160004  108.570000  ... 2023-06-27  47 days  None                 1               1
12    66       372      379  108.209999  113.000000  ... 2023-07-10  12 days  None                 1               0
13    70       444      446  107.489998  108.400002  ... 2023-10-12   2 days  None                 1               0
14    67       463      510  112.599998  150.360001  ... 2024-01-16  71 days  None                 1               1
15    63       511      535  158.449997  162.740005  ... 2024-02-21  35 days  None                 1               0
16    51       544      555  200.500000  182.029999  ... 2024-03-20  15 days  None                 1               0

[17 rows x 15 columns]",0.7673830594184576,"[[416  31]
 [153 191]]",2022-01-03 00:00:00,2025-02-27 00:00:00,1151 days 00:00:00,29.70922882427307,9722.706170654297,11808.025994873047,-2.7729382934570275,-33.76597544070364,-0.8918923041976057,25.608897949098296,-0.6137920770349359,-0.034827437946388075,-0.05433724792812102,-0.024664175014986616,5.265082921756292,0.23805091102221737,-36.161448889154734,-11.428032833590422,639 days 00:00:00,178 days 00:00:00,17,41.17647058823529,33.534638230842305,-17.89036430574169,-0.2332357408088792,71 days 00:00:00,19 days 00:00:00,1.0991370724005625,0.38717797144195304,-0.07150152425039873,-0.02121646427197188,MyStrategy,"                  Equity  DrawdownPct DrawdownDuration
Date                                                  
2022-01-03  10000.000000     0.000000              NaT
2022-01-04  10000.000000     0.000000              NaT
2022-01-05  10000.000000     0.000000              NaT
2022-01-06  10000.000000     0.000000              NaT
2022-01-07  10000.000000     0.000000              NaT
...                  ...          ...              ...
2025-02-21   9722.706171     0.176602              NaT
2025-02-24   9722.706171     0.176602              NaT
2025-02-25   9722.706171     0.176602              NaT
2025-02-26   9722.706171     0.176602              NaT
2025-02-27   9722.706171     0.176602         399 days

[791 rows x 3 columns]","    Size  EntryBar  ExitBar  EntryPrice   ExitPrice  ...   ExitTime Duration   Tag  Entry_get_signal Exit_get_signal
0     82        57       62  119.919998  110.480003  ... 2022-04-01   7 days  None                 1               0
1     90       103      104  102.129997  100.779999  ... 2022-06-02   1 days  None                 0               1
2     83       105      111  105.800003   86.871997  ... 2022-06-13  10 days  None                 1               0
3     77       145      166   95.709999   86.279999  ... 2022-08-31  29 days  None                 1               0
4    106       215      229   62.279999   73.379997  ... 2022-11-30  21 days  None                 1               1
5    103       231      235   75.050003   70.139999  ... 2022-12-08   6 days  None                 1               0
6     97       265      267   73.750000   76.500000  ... 2023-01-26   2 days  None                 1               0
7    102       269      270   74.230003   72.260002  ... 2023-01-31   1 days  None                 0               0
8     89       272      284   84.290001   77.150002  ... 2023-02-21  19 days  None                 1               0
9     80       296      299   85.290001   83.669998  ... 2023-03-14   5 days  None                 1               1
10    77       300      328   86.769997   86.900002  ... 2023-04-25  41 days  None                 1               0
11    69       340      371   98.160004  108.570000  ... 2023-06-27  47 days  None                 1               1
12    68       372      379  108.209999  113.000000  ... 2023-07-10  12 days  None                 1               0
13    71       445      446  109.139999  108.400002  ... 2023-10-12   1 days  None                 0               0
14    69       463      510  112.599998  150.360001  ... 2024-01-16  71 days  None                 1               1
15    65       511      535  158.449997  162.740005  ... 2024-02-21  35 days  None                 1               0
16    51       544      555  200.500000  182.029999  ... 2024-03-20  15 days  None                 1               0

[17 rows x 15 columns]"
7,Decision Tree,0.797724399494311,"[[416  31]
 [129 215]]",2022-01-03 00:00:00,2025-02-27 00:00:00,1151 days 00:00:00,35.27180783817952,10835.560325622564,13530.24985504151,8.355603256225642,-33.76597544070364,2.589542414921131,28.920269257375686,1.7724809723473678,0.08954074361740967,0.14401482557892412,0.09199760712249862,17.85745221085274,0.28140306419736855,-28.147932276902033,-9.494517577394614,652 days 00:00:00,151 days 00:00:00,33,33.33333333333333,27.42035293543248,-13.941120483666204,0.2384373025116071,72 days 00:00:00,12 days 00:00:00,1.2587288368808742,0.5046071607930022,0.21333758462076938,0.0408966574468253,MyStrategy,"                  Equity  DrawdownPct DrawdownDuration
Date                                                  
2022-01-03  10000.000000      0.00000              NaT
2022-01-04  10000.000000      0.00000              NaT
2022-01-05  10000.000000      0.00000              NaT
2022-01-06  10000.000000      0.00000              NaT
2022-01-07  10000.000000      0.00000              NaT
...                  ...          ...              ...
2025-02-21  10835.560326      0.19916              NaT
2025-02-24  10835.560326      0.19916              NaT
2025-02-25  10835.560326      0.19916              NaT
2025-02-26  10835.560326      0.19916              NaT
2025-02-27  10835.560326      0.19916         357 days

[791 rows x 3 columns]","    Size  EntryBar  ExitBar  EntryPrice   ExitPrice  ...   ExitTime Duration   Tag  Entry_get_signal Exit_get_signal
0     90        62       65  110.480003  104.449997  ... 2022-04-06   5 days  None                 1               0
1     92       102      103  102.430000  102.129997  ... 2022-06-01   1 days  None                 0               0
2     92       109      112  101.570000   87.410004  ... 2022-06-14   5 days  None                 1               0
3     93       140      142   87.000000   90.419998  ... 2022-07-28   2 days  None                 1               0
4     88       145      161   95.709999   92.209999  ... 2022-08-24  22 days  None                 1               0
5    116       217      234   69.580002   69.529999  ... 2022-12-07  26 days  None                 1               0
6    122       241      243   66.250000   63.759998  ... 2022-12-20   4 days  None                 1               0
7    111       258      262   70.070000   68.970001  ... 2023-01-19   7 days  None                 1               0
8    104       265      270   73.750000   72.260002  ... 2023-01-31   7 days  None                 1               1
9     96       271      284   78.470001   77.150002  ... 2023-02-21  20 days  None                 1               0
10    90       293      294   82.029999   81.070000  ... 2023-03-07   1 days  None                 0               0
11    86       296      297   85.290001   84.470001  ... 2023-03-10   1 days  None                 0               0
12    80       301      319   89.720001   94.970001  ... 2023-04-12  27 days  None                 1               0
13    83       321      322   91.820000   90.230003  ... 2023-04-17   3 days  None                 0               0
14    85       327      329   88.110001   86.510002  ... 2023-04-26   2 days  None                 1               0
15    78       338      339   94.889999   96.419998  ... 2023-05-10   1 days  None                 0               0
16    74       344      368  101.790001  112.239998  ... 2023-06-22  36 days  None                 1               1
17    76       369      370  109.309998  110.949997  ... 2023-06-26   3 days  None                 0               0
18    73       378      381  114.160004  112.889999  ... 2023-07-12   5 days  None                 1               1
19    72       382      384  115.760002  115.949997  ... 2023-07-17   4 days  None                 1               0
20    75       388      389  110.970001  110.620003  ... 2023-07-24   3 days  None                 0               0
21    69       396      397  119.489998  108.949997  ... 2023-08-03   1 days  None                 0               0
22    67       401      402  112.889999  111.300003  ... 2023-08-10   1 days  None                 0               0
23    69       444      445  107.489998  109.139999  ... 2023-10-11   1 days  None                 0               0
24    75       453      454  100.809998  100.970001  ... 2023-10-24   1 days  None                 0               0
25    67       463      464  112.599998  111.860001  ... 2023-11-07   1 days  None                 0               1
26    66       465      505  113.550003  140.360001  ... 2024-01-08  61 days  None                 1               1
27    64       506      556  145.949997  185.970001  ... 2024-03-21  72 days  None                 1               0
28    73       601      602  161.410004  169.419998  ... 2024-05-28   4 days  None                 0               0
29    77       613      616  160.320007  158.000000  ... 2024-06-17   5 days  None                 1               0
30    70       629      637  174.899994  163.410004  ... 2024-07-18  10 days  None                 1               0
31    78       667      669  146.589996  146.410004  ... 2024-09-03   5 days  None                 1               0
32    68       686      702  167.059998  157.410004  ... 2024-10-18  22 days  None                 1               0

[33 rows x 15 columns]",0.797724399494311,"[[416  31]
 [129 215]]",2022-01-03 00:00:00,2025-02-27 00:00:00,1151 days 00:00:00,33.37547408343868,10240.750267028812,13014.810218811039,2.4075026702881224,-33.76597544070364,0.7607842529452791,26.926717811364902,0.5222126360760138,0.028253879966914367,0.044909111987580616,0.021700298187646894,10.925130658753856,0.2522547587414888,-35.05870040893553,-12.087940474554399,654 days 00:00:00,176 days 00:00:00,31,32.25806451612903,27.42035293543248,-13.941120483666204,0.0642371021769339,72 days 00:00:00,12 days 00:00:00,1.159478128325629,0.3484118610441422,0.06341971154426479,0.012324484521757217,MyStrategy,"                  Equity  DrawdownPct DrawdownDuration
Date                                                  
2022-01-03  10000.000000     0.000000              NaT
2022-01-04  10000.000000     0.000000              NaT
2022-01-05  10000.000000     0.000000              NaT
2022-01-06  10000.000000     0.000000              NaT
2022-01-07  10000.000000     0.000000              NaT
...                  ...          ...              ...
2025-02-21  10240.750267     0.213146              NaT
2025-02-24  10240.750267     0.213146              NaT
2025-02-25  10240.750267     0.213146              NaT
2025-02-26  10240.750267     0.213146              NaT
2025-02-27  10240.750267     0.213146         357 days

[791 rows x 3 columns]","    Size  EntryBar  ExitBar  EntryPrice   ExitPrice  ...   ExitTime Duration   Tag  Entry_get_signal Exit_get_signal
0     90        64       65  109.690002  104.449997  ... 2022-04-06   1 days  None                 0               0
1     93       102      103  102.430000  102.129997  ... 2022-06-01   1 days  None                 0               0
2     93       109      112  101.570000   87.410004  ... 2022-06-14   5 days  None                 1               0
3     93       140      142   87.000000   90.419998  ... 2022-07-28   2 days  None                 1               0
4     87       145      161   95.709999   92.209999  ... 2022-08-24  22 days  None                 1               0
5    107       220      234   73.660004   69.529999  ... 2022-12-07  21 days  None                 1               0
6    116       241      243   66.250000   63.759998  ... 2022-12-20   4 days  None                 1               0
7    105       259      262   69.839996   68.970001  ... 2023-01-19   6 days  None                 1               0
8     96       265      270   73.750000   72.260002  ... 2023-01-31   7 days  None                 1               1
9     85       272      284   84.290001   77.150002  ... 2023-02-21  19 days  None                 1               0
10    77       296      297   85.290001   84.470001  ... 2023-03-10   1 days  None                 0               0
11    73       301      319   89.720001   94.970001  ... 2023-04-12  27 days  None                 1               0
12    75       321      322   91.820000   90.230003  ... 2023-04-17   3 days  None                 0               0
13    77       327      329   88.110001   86.510002  ... 2023-04-26   2 days  None                 1               0
14    70       338      339   94.889999   96.419998  ... 2023-05-10   1 days  None                 0               0
15    65       345      368  103.980003  112.239998  ... 2023-06-22  35 days  None                 1               1
16    66       369      370  109.309998  110.949997  ... 2023-06-26   3 days  None                 0               0
17    65       378      381  114.160004  112.889999  ... 2023-07-12   5 days  None                 1               1
18    63       383      384  116.169998  115.949997  ... 2023-07-17   3 days  None                 0               0
19    66       388      389  110.970001  110.620003  ... 2023-07-24   3 days  None                 0               0
20    64       401      402  112.889999  111.300003  ... 2023-08-10   1 days  None                 0               0
21    67       444      445  107.489998  109.139999  ... 2023-10-11   1 days  None                 0               0
22    72       453      454  100.809998  100.970001  ... 2023-10-24   1 days  None                 0               0
23    65       463      464  112.599998  111.860001  ... 2023-11-07   1 days  None                 0               1
24    64       465      505  113.550003  140.360001  ... 2024-01-08  61 days  None                 1               1
25    61       506      556  145.949997  185.970001  ... 2024-03-21  72 days  None                 1               0
26    71       601      602  161.410004  169.419998  ... 2024-05-28   4 days  None                 0               0
27    75       613      616  160.320007  158.000000  ... 2024-06-17   5 days  None                 1               0
28    66       630      637  177.970001  163.410004  ... 2024-07-18   9 days  None                 1               0
29    74       667      669  146.589996  146.410004  ... 2024-09-03   5 days  None                 1               0
30    64       687      702  167.479996  157.410004  ... 2024-10-18  21 days  None                 1               0

[31 rows x 15 columns]"
8,AdaBoost,0.8584070796460177,"[[394  53]
 [ 59 285]]",2022-01-03 00:00:00,2025-02-27 00:00:00,1151 days 00:00:00,45.259165613147914,10093.539741516117,14256.899482727054,0.9353974151611691,-33.76597544070364,0.2970579376468274,33.558125952627016,0.20405196544119875,0.008852041918734527,0.013933627721537408,0.007669296411886044,13.998530604768211,0.3868726734267512,-38.73340156555176,-15.935501745876458,506 days 00:00:00,143 days 00:00:00,21,23.809523809523807,72.2582463854895,-14.663669431139748,0.0501036666310295,140 days 00:00:00,24 days 00:00:00,1.2884308802890014,1.3665967952026394,0.014439080782919597,0.0024227467669590552,MyStrategy,"                  Equity  DrawdownPct DrawdownDuration
Date                                                  
2022-01-03  10000.000000     0.000000              NaT
2022-01-04  10000.000000     0.000000              NaT
2022-01-05   9533.099060     0.046690              NaT
2022-01-06   9538.699188     0.046130              NaT
2022-01-07   9542.199402     0.045780              NaT
...                  ...          ...              ...
2025-02-21  10093.539742     0.292024              NaT
2025-02-24  10093.539742     0.292024              NaT
2025-02-25  10093.539742     0.292024              NaT
2025-02-26  10093.539742     0.292024              NaT
2025-02-27  10093.539742     0.292024         357 days

[791 rows x 3 columns]","    Size  EntryBar  ExitBar  EntryPrice   ExitPrice  ...   ExitTime Duration   Tag  Entry_get_signal Exit_get_signal
0     70         2        4  142.820007  136.279999  ... 2022-01-07   2 days  None                 1               0
1     78        59       63  122.279999  109.970001  ... 2022-04-04   6 days  None                 1               0
2     83       102      112  102.430000   87.410004  ... 2022-06-14  14 days  None                 1               0
3     81       137      139   89.599998   86.570000  ... 2022-07-25   4 days  None                 1               1
4     81       140      162   87.000000   93.139999  ... 2022-08-25  30 days  None                 1               1
5     78       163      164   96.290001   90.050003  ... 2022-08-29   3 days  None                 0               0
6    102       217      237   69.580002   68.540001  ... 2022-12-12  31 days  None                 1               1
7     93       238      240   74.870003   67.599998  ... 2022-12-15   2 days  None                 1               0
8     90       259      323   69.839996   91.610001  ... 2023-04-18  95 days  None                 1               0
9     87       338      369   94.889999  109.309998  ... 2023-06-23  45 days  None                 1               0
10    82       375      381  115.160004  112.889999  ... 2023-07-12   9 days  None                 1               1
11    80       382      390  115.760002  111.139999  ... 2023-07-25  12 days  None                 1               0
12    75       396      397  119.489998  108.949997  ... 2023-08-03   1 days  None                 0               0
13    71       400      402  114.940002  111.300003  ... 2023-08-10   2 days  None                 1               0
14    72       445      453  109.139999  100.809998  ... 2023-10-23  12 days  None                 1               0
15    67       461      556  107.959999  185.970001  ... 2024-03-21 140 days  None                 1               0
16    76       598      615  164.000000  158.500000  ... 2024-06-14  24 days  None                 1               0
17    69       629      637  174.899994  163.410004  ... 2024-07-18  10 days  None                 1               0
18    72       660      670  156.490005  140.509995  ... 2024-09-04  15 days  None                 1               0
19    66       679      702  153.550003  157.410004  ... 2024-10-18  31 days  None                 1               0
20    68       710      711  153.009995  147.800003  ... 2024-10-31   1 days  None                 0               0

[21 rows x 15 columns]",0.8584070796460177,"[[394  53]
 [ 59 285]]",2022-01-03 00:00:00,2025-02-27 00:00:00,1151 days 00:00:00,43.742098609355246,10990.720405578613,15470.05005645752,9.907204055786133,-33.76597544070364,3.0552879337114813,33.4336238466399,2.089780391954177,0.09138369049451814,0.15060200174502827,0.0783300663616492,22.38815316994801,0.3696309362091329,-39.00530250549317,-15.30079319022602,506 days 00:00:00,143 days 00:00:00,20,25.0,72.2582463854895,-14.663669431139748,0.4454419220108363,140 days 00:00:00,24 days 00:00:00,1.3860804701102583,1.8104846650167083,0.14387871143704198,0.02524635013832402,MyStrategy,"                  Equity  DrawdownPct DrawdownDuration
Date                                                  
2022-01-03  10000.000000     0.000000              NaT
2022-01-04  10000.000000     0.000000              NaT
2022-01-05   9539.769073     0.046023              NaT
2022-01-06   9545.289200     0.045471              NaT
2022-01-07   9548.739410     0.045126              NaT
...                  ...          ...              ...
2025-02-21  10990.720406     0.289548              NaT
2025-02-24  10990.720406     0.289548              NaT
2025-02-25  10990.720406     0.289548              NaT
2025-02-26  10990.720406     0.289548              NaT
2025-02-27  10990.720406     0.289548         357 days

[791 rows x 3 columns]","    Size  EntryBar  ExitBar  EntryPrice   ExitPrice  ...   ExitTime Duration   Tag  Entry_get_signal Exit_get_signal
0     69         2        4  142.820007  136.279999  ... 2022-01-07   2 days  None                 1               0
1     77        60       63  123.040001  109.970001  ... 2022-04-04   5 days  None                 1               0
2     83       102      112  102.430000   87.410004  ... 2022-06-14  14 days  None                 1               0
3     81       137      139   89.599998   86.570000  ... 2022-07-25   4 days  None                 1               1
4     80       140      162   87.000000   93.139999  ... 2022-08-25  30 days  None                 1               1
5     77       163      164   96.290001   90.050003  ... 2022-08-29   3 days  None                 0               0
6     92       220      237   73.660004   68.540001  ... 2022-12-12  26 days  None                 1               1
7     91       239      240   70.930000   67.599998  ... 2022-12-15   1 days  None                 0               0
8     88       259      323   69.839996   91.610001  ... 2023-04-18  95 days  None                 1               0
9     86       338      369   94.889999  109.309998  ... 2023-06-23  45 days  None                 1               0
10    81       376      381  116.099998  112.889999  ... 2023-07-12   7 days  None                 1               1
11    79       383      390  116.169998  111.139999  ... 2023-07-25  11 days  None                 1               0
12    75       400      402  114.940002  111.300003  ... 2023-08-10   2 days  None                 1               0
13    78       446      453  108.400002  100.809998  ... 2023-10-23  11 days  None                 1               0
14    73       461      556  107.959999  185.970001  ... 2024-03-21 140 days  None                 1               0
15    81       598      615  164.000000  158.500000  ... 2024-06-14  24 days  None                 1               0
16    73       630      637  177.970001  163.410004  ... 2024-07-18   9 days  None                 1               0
17    77       660      670  156.490005  140.509995  ... 2024-09-04  15 days  None                 1               0
18    72       680      702  150.899994  157.410004  ... 2024-10-18  30 days  None                 1               0
19    68       710      711  153.009995  147.800003  ... 2024-10-31   1 days  None                 0               0

[20 rows x 15 columns]"
9,SGD Classifier,0.8609355246523388,"[[419  28]
 [ 82 262]]",2022-01-03 00:00:00,2025-02-27 00:00:00,1151 days 00:00:00,38.43236409608091,12423.111366271974,16365.03136444092,24.231113662719743,-33.76597544070364,7.1569385851036005,33.252013582226745,4.8650586229559645,0.21523323895576044,0.372506431661289,0.19164826118754325,35.47723818127019,0.33306085110142136,-37.34413524420115,-10.616478591628725,358 days 00:00:00,91 days 00:00:00,14,21.428571428571427,66.25245861432025,-14.412997147922624,1.5803873843805327,135 days 00:00:00,30 days 00:00:00,1.7180559090870566,3.127599688530326,0.36334296682087097,0.061142445673285445,MyStrategy,"                  Equity  DrawdownPct DrawdownDuration
Date                                                  
2022-01-03  10000.000000     0.000000              NaT
2022-01-04  10000.000000     0.000000              NaT
2022-01-05  10000.000000     0.000000              NaT
2022-01-06  10000.000000     0.000000              NaT
2022-01-07  10000.000000     0.000000              NaT
...                  ...          ...              ...
2025-02-21  12423.111366     0.240875              NaT
2025-02-24  12423.111366     0.240875              NaT
2025-02-25  12423.111366     0.240875              NaT
2025-02-26  12423.111366     0.240875              NaT
2025-02-27  12423.111366     0.240875         357 days

[791 rows x 3 columns]","    Size  EntryBar  ExitBar  EntryPrice   ExitPrice  ...   ExitTime Duration   Tag  Entry_get_signal Exit_get_signal
0     97       103      112  102.129997   87.410004  ... 2022-06-14  13 days  None                 1               0
1     94       143      166   90.699997   86.279999  ... 2022-08-31  33 days  None                 1               0
2    108       218      242   75.220001   65.120003  ... 2022-12-19  35 days  None                 1               0
3     98       261      263   71.870003   68.010002  ... 2023-01-20   2 days  None                 1               1
4     92       264      326   72.220001   89.800003  ... 2023-04-21  88 days  None                 1               0
5     84       340      373   98.160004  112.070000  ... 2023-06-29  49 days  None                 1               0
6     79       396      398  119.489998  114.480003  ... 2023-08-04   2 days  None                 1               1
7     78       399      400  116.360001  114.940002  ... 2023-08-08   1 days  None                 0               0
8     82       447      448  108.650002  105.419998  ... 2023-10-16   3 days  None                 0               0
9     77       464      556  111.860001  185.970001  ... 2024-03-21 135 days  None                 1               0
10    85       602      604  169.419998  167.899994  ... 2024-05-30   2 days  None                 1               0
11    86       609      617  165.460007  156.990005  ... 2024-06-18  12 days  None                 1               0
12    77       629      637  174.899994  163.410004  ... 2024-07-18  10 days  None                 1               0
13    81       682      705  156.000000  153.000000  ... 2024-10-23  33 days  None                 1               0

[14 rows x 15 columns]",0.8609355246523388,"[[419  28]
 [ 82 262]]",2022-01-03 00:00:00,2025-02-27 00:00:00,1151 days 00:00:00,37.16814159292036,14084.83975982666,18657.371208190918,40.8483975982666,-33.76597544070364,11.529560084187729,33.19069164062223,7.787339154471229,0.3473732999910328,0.6402787540596777,0.31629726398435254,51.29190664456121,0.3092909033424618,-36.45165923647732,-8.868572928353947,358 days 00:00:00,76 days 00:00:00,13,38.46153846153847,66.25245861432025,-13.266516450815914,2.6919311623833764,135 days 00:00:00,32 days 00:00:00,2.046746191155378,4.291698507076787,0.5513971320902816,0.16022953974500442,MyStrategy,"                 Equity  DrawdownPct DrawdownDuration
Date                                                 
2022-01-03  10000.00000     0.000000              NaT
2022-01-04  10000.00000     0.000000              NaT
2022-01-05  10000.00000     0.000000              NaT
2022-01-06  10000.00000     0.000000              NaT
2022-01-07  10000.00000     0.000000              NaT
...                 ...          ...              ...
2025-02-21  14084.83976     0.245079              NaT
2025-02-24  14084.83976     0.245079              NaT
2025-02-25  14084.83976     0.245079              NaT
2025-02-26  14084.83976     0.245079              NaT
2025-02-27  14084.83976     0.245079         357 days

[791 rows x 3 columns]","    Size  EntryBar  ExitBar  EntryPrice   ExitPrice  ...   ExitTime Duration   Tag  Entry_get_signal Exit_get_signal
0     98       104      112  100.779999   87.410004  ... 2022-06-14  12 days  None                 1               0
1     94       143      166   90.699997   86.279999  ... 2022-08-31  33 days  None                 1               0
2    108       220      242   73.660004   65.120003  ... 2022-12-19  33 days  None                 1               0
3    102       261      263   71.870003   68.010002  ... 2023-01-20   2 days  None                 1               1
4     90       265      326   73.750000   89.800003  ... 2023-04-21  87 days  None                 1               0
5     86       341      373   96.830002  112.070000  ... 2023-06-29  48 days  None                 1               0
6     88       397      398  108.949997  114.480003  ... 2023-08-04   1 days  None                 0               1
7     93       447      448  108.650002  105.419998  ... 2023-10-16   3 days  None                 0               0
8     88       464      556  111.860001  185.970001  ... 2024-03-21 135 days  None                 1               0
9     95       603      604  167.460007  167.899994  ... 2024-05-30   1 days  None                 0               0
10    99       609      617  165.460007  156.990005  ... 2024-06-18  12 days  None                 1               0
11    87       630      637  177.970001  163.410004  ... 2024-07-18   9 days  None                 1               0
12    91       682      705  156.000000  153.000000  ... 2024-10-23  33 days  None                 1               0

[13 rows x 15 columns]"
10,MLP,0.8457648546144121,"[[431  16]
 [106 238]]",2022-01-03 00:00:00,2025-02-27 00:00:00,1151 days 00:00:00,33.24905183312263,14746.629486083984,20126.440185546875,47.46629486083984,-33.76597544070364,13.17300014999645,32.919242547925045,8.876362664043658,0.40016109516550125,0.7549192491139212,0.46222545571481544,57.44812025534862,0.2956178598198012,-28.49907980430214,-7.977615529179569,357 days 00:00:00,66 days 00:00:00,9,44.44444444444444,54.83639907312337,-13.742911622048148,4.40194134764853,107 days 00:00:00,42 days 00:00:00,2.369590995490045,6.366253415464761,0.6368494089774834,0.2157000408706449,MyStrategy,"                  Equity  DrawdownPct DrawdownDuration
Date                                                  
2022-01-03  10000.000000     0.000000              NaT
2022-01-04  10000.000000     0.000000              NaT
2022-01-05  10000.000000     0.000000              NaT
2022-01-06  10000.000000     0.000000              NaT
2022-01-07  10000.000000     0.000000              NaT
...                  ...          ...              ...
2025-02-21  14746.629486     0.267301              NaT
2025-02-24  14746.629486     0.267301              NaT
2025-02-25  14746.629486     0.267301              NaT
2025-02-26  14746.629486     0.267301              NaT
2025-02-27  14746.629486     0.267301         357 days

[791 rows x 3 columns]","   Size  EntryBar  ExitBar  EntryPrice   ExitPrice  ...   ExitTime Duration   Tag  Entry_get_signal Exit_get_signal
0    94       105      111  105.800003   91.260002  ... 2022-06-13  10 days  None                 1               0
1    95       143      164   90.699997   90.050003  ... 2022-08-29  31 days  None                 1               0
2   113       218      241   75.220001   66.250000  ... 2022-12-16  32 days  None                 1               0
3   108       259      323   69.839996   91.610001  ... 2023-04-18  95 days  None                 1               0
4   100       340      370   98.160004  110.949997  ... 2023-06-26  46 days  None                 1               0
5   100       464      536  111.860001  173.199997  ... 2024-02-22 107 days  None                 1               1
6    95       537      555  181.860001  182.029999  ... 2024-03-20  26 days  None                 1               0
7    94       632      637  184.070007  163.410004  ... 2024-07-18   7 days  None                 1               0
8    92       686      701  167.059998  160.000000  ... 2024-10-17  21 days  None                 1               0

[9 rows x 15 columns]",0.8457648546144121,"[[431  16]
 [106 238]]",2022-01-03 00:00:00,2025-02-27 00:00:00,1151 days 00:00:00,32.743362831858406,15232.769531250004,20823.690078735355,52.32769531250003,-33.76597544070364,14.348490756727085,32.64474419098492,9.652267180728646,0.4395344828797746,0.8426058314127932,0.5014433335896139,62.09998792652444,0.28941241846205545,-28.614381318049443,-7.764280068268826,357 days 00:00:00,66 days 00:00:00,9,44.44444444444444,54.83639907312337,-13.742911622048148,4.774836475733424,107 days 00:00:00,42 days 00:00:00,2.5039709262501875,6.719322071291872,0.6863655825642722,0.22854313238813131,MyStrategy,"                  Equity  DrawdownPct DrawdownDuration
Date                                                  
2022-01-03  10000.000000     0.000000              NaT
2022-01-04  10000.000000     0.000000              NaT
2022-01-05  10000.000000     0.000000              NaT
2022-01-06  10000.000000     0.000000              NaT
2022-01-07  10000.000000     0.000000              NaT
...                  ...          ...              ...
2025-02-21  15232.769531     0.268488              NaT
2025-02-24  15232.769531     0.268488              NaT
2025-02-25  15232.769531     0.268488              NaT
2025-02-26  15232.769531     0.268488              NaT
2025-02-27  15232.769531     0.268488         357 days

[791 rows x 3 columns]","   Size  EntryBar  ExitBar  EntryPrice   ExitPrice  ...   ExitTime Duration   Tag  Entry_get_signal Exit_get_signal
0    92       105      111  105.800003   91.260002  ... 2022-06-13  10 days  None                 1               0
1    94       143      164   90.699997   90.050003  ... 2022-08-29  31 days  None                 1               0
2   112       220      241   73.660004   66.250000  ... 2022-12-16  30 days  None                 1               0
3   109       259      323   69.839996   91.610001  ... 2023-04-18  95 days  None                 1               0
4   104       341      370   96.830002  110.949997  ... 2023-06-26  45 days  None                 1               0
5   103       464      536  111.860001  173.199997  ... 2024-02-22 107 days  None                 1               1
6    98       537      555  181.860001  182.029999  ... 2024-03-20  26 days  None                 1               0
7    97       632      637  184.070007  163.410004  ... 2024-07-18   7 days  None                 1               0
8    95       687      701  167.479996  160.000000  ... 2024-10-17  20 days  None                 1               0

[9 rows x 15 columns]"
11,LGBMClassifier,0.8343868520859671,"[[430  17]
 [114 230]]",2022-01-03 00:00:00,2025-02-27 00:00:00,1151 days 00:00:00,33.6283185840708,16109.339187622067,20835.51000976562,61.09339187622067,-33.76597544070364,16.405007958227635,33.35835055180909,11.003739121309874,0.49178114885353524,0.9575815665378221,0.701775127475624,70.78326723054329,0.28697158094363323,-23.376445410994506,-9.027288291569269,357 days 00:00:00,66 days 00:00:00,19,52.63157894736842,53.81882708288741,-8.8208227499878,2.553785946049092,108 days 00:00:00,20 days 00:00:00,2.8006195745862317,3.2225302956273176,0.8890109886268153,0.2971249759242417,MyStrategy,"                  Equity  DrawdownPct DrawdownDuration
Date                                                  
2022-01-03  10000.000000     0.000000              NaT
2022-01-04  10000.000000     0.000000              NaT
2022-01-05  10000.000000     0.000000              NaT
2022-01-06  10000.000000     0.000000              NaT
2022-01-07  10000.000000     0.000000              NaT
...                  ...          ...              ...
2025-02-21  16109.339188     0.226832              NaT
2025-02-24  16109.339188     0.226832              NaT
2025-02-25  16109.339188     0.226832              NaT
2025-02-26  16109.339188     0.226832              NaT
2025-02-27  16109.339188     0.226832         357 days

[791 rows x 3 columns]","    Size  EntryBar  ExitBar  EntryPrice   ExitPrice  ...   ExitTime Duration   Tag  Entry_get_signal Exit_get_signal
0     94       105      109  105.800003  101.570000  ... 2022-06-09   6 days  None                 1               0
1    106       138      139   90.199997   86.570000  ... 2022-07-25   3 days  None                 0               0
2    101       142      162   90.419998   93.139999  ... 2022-08-25  28 days  None                 1               0
3    136       217      234   69.580002   69.529999  ... 2022-12-07  26 days  None                 1               0
4    135       258      284   70.070000   77.150002  ... 2023-02-21  40 days  None                 1               0
5    127       293      323   82.029999   91.610001  ... 2023-04-18  43 days  None                 1               0
6    129       326      327   89.800003   88.110001  ... 2023-04-24   3 days  None                 0               0
7    120       338      343   94.889999   97.389999  ... 2023-05-16   7 days  None                 1               1
8    115       344      369  101.790001  109.309998  ... 2023-06-23  37 days  None                 1               0
9    107       385      386  117.550003  121.300003  ... 2023-07-19   1 days  None                 0               0
10   108       396      397  119.489998  108.949997  ... 2023-08-03   1 days  None                 0               0
11   105       401      402  112.889999  111.300003  ... 2023-08-10   1 days  None                 0               0
12   103       463      536  112.599998  173.199997  ... 2024-02-22 108 days  None                 1               1
13    98       537      555  181.860001  182.029999  ... 2024-03-20  26 days  None                 1               0
14   112       613      616  160.320007  158.000000  ... 2024-06-17   5 days  None                 1               0
15   101       629      637  174.899994  163.410004  ... 2024-07-18  10 days  None                 1               0
16   104       685      690  158.500000  159.309998  ... 2024-10-02   7 days  None                 1               1
17   104       691      697  159.710007  164.190002  ... 2024-10-11   8 days  None                 1               1
18   101       698      700  167.770004  158.070007  ... 2024-10-16   2 days  None                 1               0

[19 rows x 15 columns]",0.8343868520859671,"[[430  17]
 [114 230]]",2022-01-03 00:00:00,2025-02-27 00:00:00,1151 days 00:00:00,32.364096080910244,16363.699943542477,21561.360008239742,63.63699943542477,-33.76597544070364,16.98744100733527,32.498053737032016,11.38513315719003,0.5227217957356575,1.0491190344958823,0.6852679084746135,72.77400107797251,0.2705978880602223,-24.78948860329505,-7.420382052729766,357 days 00:00:00,58 days 00:00:00,18,55.55555555555556,53.81882708288741,-8.181152699177485,2.7616782168532916,108 days 00:00:00,20 days 00:00:00,2.9233631193004914,3.459797935316686,0.9012897676344606,0.32772621196315044,MyStrategy,"                  Equity  DrawdownPct DrawdownDuration
Date                                                  
2022-01-03  10000.000000     0.000000              NaT
2022-01-04  10000.000000     0.000000              NaT
2022-01-05  10000.000000     0.000000              NaT
2022-01-06  10000.000000     0.000000              NaT
2022-01-07  10000.000000     0.000000              NaT
...                  ...          ...              ...
2025-02-21  16363.699944     0.241064              NaT
2025-02-24  16363.699944     0.241064              NaT
2025-02-25  16363.699944     0.241064              NaT
2025-02-26  16363.699944     0.241064              NaT
2025-02-27  16363.699944     0.241064         357 days

[791 rows x 3 columns]","    Size  EntryBar  ExitBar  EntryPrice   ExitPrice  ...   ExitTime Duration   Tag  Entry_get_signal Exit_get_signal
0     92       105      109  105.800003  101.570000  ... 2022-06-09   6 days  None                 1               0
1    105       138      139   90.199997   86.570000  ... 2022-07-25   3 days  None                 0               0
2    102       142      162   90.419998   93.139999  ... 2022-08-25  28 days  None                 1               0
3    124       220      234   73.660004   69.529999  ... 2022-12-07  21 days  None                 1               0
4    127       259      284   69.839996   77.150002  ... 2023-02-21  39 days  None                 1               0
5    122       294      323   81.070000   91.610001  ... 2023-04-18  42 days  None                 1               0
6    124       326      327   89.800003   88.110001  ... 2023-04-24   3 days  None                 0               0
7    115       338      343   94.889999   97.389999  ... 2023-05-16   7 days  None                 1               1
8    108       345      369  103.980003  109.309998  ... 2023-06-23  36 days  None                 1               0
9    100       385      386  117.550003  121.300003  ... 2023-07-19   1 days  None                 0               0
10   108       401      402  112.889999  111.300003  ... 2023-08-10   1 days  None                 0               0
11   107       463      536  112.599998  173.199997  ... 2024-02-22 108 days  None                 1               1
12   102       537      555  181.860001  182.029999  ... 2024-03-20  26 days  None                 1               0
13   115       614      616  160.399994  158.000000  ... 2024-06-17   4 days  None                 1               0
14   102       630      637  177.970001  163.410004  ... 2024-07-18   9 days  None                 1               0
15   106       685      690  158.500000  159.309998  ... 2024-10-02   7 days  None                 1               1
16   105       691      697  159.710007  164.190002  ... 2024-10-11   8 days  None                 1               1
17   103       698      700  167.770004  158.070007  ... 2024-10-16   2 days  None                 1               0

[18 rows x 15 columns]"
12,Actual,,,2022-01-03 00:00:00,2025-02-27 00:00:00,1151 days 00:00:00,44.879898862199745,25181.182426452644,27773.181938171394,151.81182426452645,-33.76597544070364,34.20739997888516,46.55112467579725,22.408514196323836,0.734835091893498,1.6971682509285726,1.6005292076902884,166.36734793737156,0.4310707297174352,-21.37255591120989,-6.9611387084823715,294 days 00:00:00,46 days 00:00:00,11,72.72727272727273,37.664844992035505,-8.481776014362552,8.771890516804493,103 days 00:00:00,46 days 00:00:00,5.942702517017408,9.80565265549863,2.0438774031289086,0.627352181683812,MyStrategy,"                  Equity  DrawdownPct DrawdownDuration
Date                                                  
2022-01-03  10000.000000     0.000000              NaT
2022-01-04  10000.000000     0.000000              NaT
2022-01-05  10000.000000     0.000000              NaT
2022-01-06  10000.000000     0.000000              NaT
2022-01-07  10000.000000     0.000000              NaT
...                  ...          ...              ...
2025-02-21  25181.182426     0.093327              NaT
2025-02-24  25181.182426     0.093327              NaT
2025-02-25  25181.182426     0.093327              NaT
2025-02-26  25181.182426     0.093327              NaT
2025-02-27  25181.182426     0.093327         142 days

[791 rows x 3 columns]","    Size  EntryBar  ExitBar  EntryPrice   ExitPrice  ...   ExitTime Duration   Tag  Entry_get_signal Exit_get_signal
0     81        25       42  122.379997  112.000000  ... 2022-03-04  24 days  None                 1               0
1     93        93      111   97.879997   91.260002  ... 2022-06-13  27 days  None                 1               0
2    100       136      164   85.389999   90.050003  ... 2022-08-29  40 days  None                 1               0
3    140       216      240   64.300003   67.599998  ... 2022-12-15  35 days  None                 1               0
4    135       258      328   70.070000   86.900002  ... 2023-04-25 103 days  None                 1               0
5    130       337      368   89.989998  112.239998  ... 2023-06-22  45 days  None                 1               0
6    136       444      455  107.489998  100.419998  ... 2023-10-25  15 days  None                 1               0
7    138       460      502   98.580002  135.710007  ... 2024-01-03  63 days  None                 1               0
8    125       510      551  150.360001  192.919998  ... 2024-03-14  58 days  None                 1               0
9    145       597      636  165.550003  169.800003  ... 2024-07-17  58 days  None                 1               0
10   160       681      704  153.809998  156.600006  ... 2024-10-22  33 days  None                 1               0

[11 rows x 15 columns]",,,2022-01-03 00:00:00,2025-02-27 00:00:00,1151 days 00:00:00,44.879898862199745,25181.182426452644,27773.181938171394,151.81182426452645,-33.76597544070364,34.20739997888516,46.55112467579725,22.408514196323836,0.734835091893498,1.6971682509285726,1.6005292076902884,166.36734793737156,0.4310707297174352,-21.37255591120989,-6.9611387084823715,294 days 00:00:00,46 days 00:00:00,11,72.72727272727273,37.664844992035505,-8.481776014362552,8.771890516804493,103 days 00:00:00,46 days 00:00:00,5.942702517017408,9.80565265549863,2.0438774031289086,0.627352181683812,MyStrategy,"                  Equity  DrawdownPct DrawdownDuration
Date                                                  
2022-01-03  10000.000000     0.000000              NaT
2022-01-04  10000.000000     0.000000              NaT
2022-01-05  10000.000000     0.000000              NaT
2022-01-06  10000.000000     0.000000              NaT
2022-01-07  10000.000000     0.000000              NaT
...                  ...          ...              ...
2025-02-21  25181.182426     0.093327              NaT
2025-02-24  25181.182426     0.093327              NaT
2025-02-25  25181.182426     0.093327              NaT
2025-02-26  25181.182426     0.093327              NaT
2025-02-27  25181.182426     0.093327         142 days

[791 rows x 3 columns]","    Size  EntryBar  ExitBar  EntryPrice   ExitPrice  ...   ExitTime Duration   Tag  Entry_get_signal Exit_get_signal
0     81        25       42  122.379997  112.000000  ... 2022-03-04  24 days  None                 1               0
1     93        93      111   97.879997   91.260002  ... 2022-06-13  27 days  None                 1               0
2    100       136      164   85.389999   90.050003  ... 2022-08-29  40 days  None                 1               0
3    140       216      240   64.300003   67.599998  ... 2022-12-15  35 days  None                 1               0
4    135       258      328   70.070000   86.900002  ... 2023-04-25 103 days  None                 1               0
5    130       337      368   89.989998  112.239998  ... 2023-06-22  45 days  None                 1               0
6    136       444      455  107.489998  100.419998  ... 2023-10-25  15 days  None                 1               0
7    138       460      502   98.580002  135.710007  ... 2024-01-03  63 days  None                 1               0
8    125       510      551  150.360001  192.919998  ... 2024-03-14  58 days  None                 1               0
9    145       597      636  165.550003  169.800003  ... 2024-07-17  58 days  None                 1               0
10   160       681      704  153.809998  156.600006  ... 2024-10-22  33 days  None                 1               0

[11 rows x 15 columns]"
