,Start,End,Duration,Exposure Time [%],Equity Final [$],Equity Peak [$],Commissions [$],Return [%],Buy & Hold Return [%],Return (Ann.) [%],Volatility (Ann.) [%],CAGR [%],Sharpe Ratio,Sortino Ratio,Calmar Ratio,Alpha [%],Beta,Max. Drawdown [%],Avg. Drawdown [%],Max. Drawdown Duration,Avg. Drawdown Duration,# Trades,Win Rate [%],Best Trade [%],Worst Trade [%],Avg. Trade [%],Max. Trade Duration,Avg. Trade Duration,Profit Factor,Expectancy [%],SQN,Kelly Criterion,_strategy,_equity_curve,_trades,Algorithm
0,2022-03-04,2025-02-27,1091 days,54.873164218958614,9565.934382528685,12249.298393518067,94.91413614807128,-4.340656174713149,45.43114893343242,-1.481960709612573,17.061993717545494,-1.019783413510389,-0.0868574173772328,-0.11762942950048777,-0.06157876526756514,-21.921150376637815,0.3869700550097099,-24.066099785751206,-6.941419689439337,344 days,89 days,24,25.0,20.464317707380864,-11.267103146342361,-0.08479233074653036,145 days,24 days,1.0687498671007607,0.17605098639979594,-0.049591797192145105,-0.007275328208813658,MyStrategy,"                  Equity  DrawdownPct DrawdownDuration
Date                                                  
2022-03-04  10000.000000     0.000000              NaT
2022-03-07  10000.000000     0.000000              NaT
2022-03-08  10000.000000     0.000000              NaT
2022-03-09  10000.000000     0.000000              NaT
2022-03-10  10000.000000     0.000000              NaT
...                  ...          ...              ...
2025-02-21   9895.934383     0.192122              NaT
2025-02-24   9957.934505     0.187061              NaT
2025-02-25   9955.533992     0.187257              NaT
2025-02-26   9688.334285     0.209070              NaT
2025-02-27   9565.934383     0.219063         226 days

[749 rows x 3 columns]","    Size  EntryBar  ExitBar  EntryPrice   ExitPrice    SL    TP          PnL  \
0     58        14       31  171.059998  165.020004  None  None  -350.319611   
1     66        87      124  145.669998  160.309998  None  None   966.239960   
2     70       163      165  150.960007  148.199997  None  None  -193.200684   
3     67       166      170  153.160004  142.089996  None  None  -741.690491   
4     63       177      186  152.220001  144.289993  None  None  -499.590500   
5     66       222      249  138.119995  144.380005  None  None   413.160645   
6     62       252      256  153.699997  147.809998  None  None  -365.179962   
7     60       258      357  151.190002  182.130005  None  None  1856.400146   
8     58       376      380  189.490005  178.350006  None  None  -646.119965   
9     57       405      407  181.419998  176.649994  None  None  -271.890244   
10    58       420      460  174.240005  184.220001  None  None   578.839752   
11    54       473      479  195.020004  187.039993  None  None  -430.920593   
12    54       485      488  189.389999  185.770004  None  None  -195.479736   
13    57       530      532  175.360001  169.610001  None  None  -327.750000   
14    56       541      542  173.330002  169.580002  None  None  -210.000000   
15    52       545      603  182.350006  219.190002  None  None  1915.679810   
16    50       605      607  224.369995  199.089996  None  None -1263.999939   
17    45       616      632  223.919998  218.919998  None  None  -225.000000   
18    44       634      637  222.500000  215.750000  None  None  -297.000000   
19    42       641      644  227.339996  227.300003  None  None    -1.679718   
20    42       645      650  228.460007  227.899994  None  None   -23.520538   
21    42       651      652  224.500000  224.300003  None  None    -8.399872   
22    42       654      670  227.779999  220.970001  None  None  -286.019897   
23    39       687      713  233.330002  244.309998  None  None   428.219833   

    ReturnPct  EntryTime   ExitTime Duration   Tag  Entry_get_signal  \
0   -0.035309 2022-03-24 2022-04-19  26 days  None                 1   
1    0.100501 2022-07-11 2022-08-31  51 days  None                 1   
2   -0.018283 2022-10-26 2022-10-28   2 days  None                 1   
3   -0.072277 2022-10-31 2022-11-04   4 days  None                 1   
4   -0.052096 2022-11-15 2022-11-29  14 days  None                 1   
5    0.045323 2023-01-23 2023-03-02  38 days  None                 1   
6   -0.038321 2023-03-07 2023-03-13   6 days  None                 1   
7    0.204643 2023-03-15 2023-08-07 145 days  None                 1   
8   -0.058789 2023-09-01 2023-09-08   7 days  None                 1   
9   -0.026293 2023-10-13 2023-10-17   4 days  None                 1   
10   0.057277 2023-11-03 2024-01-03  61 days  None                 1   
11  -0.040919 2024-01-23 2024-01-31   8 days  None                 1   
12  -0.019114 2024-02-08 2024-02-13   5 days  None                 1   
13  -0.032790 2024-04-15 2024-04-17   2 days  None                 1   
14  -0.021635 2024-04-30 2024-05-01   1 days  None                 0   
15   0.202029 2024-05-06 2024-07-30  85 days  None                 1   
16  -0.112671 2024-08-01 2024-08-05   4 days  None                 1   
17  -0.022329 2024-08-16 2024-09-10  25 days  None                 1   
18  -0.030337 2024-09-12 2024-09-17   5 days  None                 1   
19  -0.000176 2024-09-23 2024-09-26   3 days  None                 1   
20  -0.002451 2024-09-27 2024-10-04   7 days  None                 1   
21  -0.000891 2024-10-07 2024-10-08   1 days  None                 0   
22  -0.029897 2024-10-10 2024-11-01  22 days  None                 1   
23   0.047058 2024-11-26 2025-01-06  41 days  None                 1   

    Exit_get_signal  
0                 0  
1                 0  
2                 1  
3                 0  
4                 0  
5                 0  
6                 0  
7                 0  
8                 0  
9                 0  
10                0  
11                0  
12                0  
13                0  
14                0  
15                0  
16                0  
17                0  
18                0  
19                1  
20                1  
21                0  
22                0  
23                0  ",Logistic Regression
1,2022-03-04,2025-02-27,1091 days,48.06408544726302,12747.759698284919,12747.759698284919,122.9606081115723,27.47759698284919,45.43114893343242,8.510827935960318,17.89649046838588,5.767732569688033,0.47555848734670525,0.7653165566783475,0.28705984789467937,10.66383969229079,0.3700931560237362,-29.64827020699493,-6.002789412499487,317 days,89 days,30,50.0,45.720039753999366,-10.218082846577081,0.8656823348023535,189 days,16 days,1.7918700228383773,1.200247255387102,0.7275401218688051,0.20040744417998546,MyStrategy,"                  Equity  DrawdownPct DrawdownDuration
Date                                                  
2022-03-04  10000.000000          0.0              NaT
2022-03-07  10000.000000          0.0              NaT
2022-03-08  10000.000000          0.0              NaT
2022-03-09  10000.000000          0.0              NaT
2022-03-10  10000.000000          0.0              NaT
...                  ...          ...              ...
2025-02-21  12747.759698          0.0              NaT
2025-02-24  12747.759698          0.0              NaT
2025-02-25  12747.759698          0.0              NaT
2025-02-26  12747.759698          0.0              NaT
2025-02-27  12747.759698          0.0              NaT

[749 rows x 3 columns]","    Size  EntryBar  ExitBar  EntryPrice   ExitPrice    SL    TP          PnL  \
0     58        14       31  171.059998  165.020004  None  None  -350.319611   
1     57        32       34  168.759995  166.460007  None  None  -131.099304   
2     63        61       65  149.899994  144.350006  None  None  -349.649231   
3     62        67       68  147.080002  140.279999  None  None  -421.600189   
4     61        84       85  141.350006  143.289993  None  None   118.339218   
5     60        86      145  145.259995  141.279999  None  None  -238.799744   
6     56       163      164  150.960007  148.070007  None  None  -161.839966   
7     55       166      167  153.160004  155.080002  None  None   105.599899   
8     57       168      170  148.949997  142.089996  None  None  -391.020035   
9     59       171      172  137.110001  140.410004  None  None   194.700180   
10    57       175      204  145.820007  130.919998  None  None  -849.300522   
11    55       216      345  133.880005  195.089996  None  None  3366.549530   
12    55       346      347  194.100006  193.410004  None  None   -37.950134   
13    60       373      376  179.699997  189.490005  None  None   587.400513   
14    60       377      385  188.279999  176.479996  None  None  -708.000183   
15    62       396      415  171.220001  166.910004  None  None  -267.219849   
16    57       423      438  182.350006  189.839996  None  None   426.929443   
17    55       450      451  196.089996  196.160004  None  None     3.850403   
18    63       516      517  170.570007  170.000000  None  None   -35.910461   
19    62       519      522  171.750000  168.789993  None  None  -183.520416   
20    62       524      525  169.589996  169.029999  None  None   -34.719849   
21    61       531      532  171.750000  169.610001  None  None  -130.539963   
22    60       540      561  173.369995  189.610001  None  None   974.400330   
23    54       571      573  207.369995  213.850006  None  None   349.920593   
24    56       578      579  207.720001  209.149994  None  None    80.079590   
25    55       583      585  212.089996  220.000000  None  None   435.050201   
26    55       586      587  221.649994  227.089996  None  None   299.200134   
27    54       589      590  229.300003  231.389999  None  None   112.859802   
28    55       641      642  227.339996  228.649994  None  None    72.049866   
29    49       705      706  254.770004  255.490005  None  None    35.280060   

    ReturnPct  EntryTime   ExitTime Duration   Tag  Entry_get_signal  \
0   -0.035309 2022-03-24 2022-04-19  26 days  None                 1   
1   -0.013629 2022-04-20 2022-04-22   2 days  None                 1   
2   -0.037025 2022-06-01 2022-06-07   6 days  None                 1   
3   -0.046233 2022-06-09 2022-06-10   1 days  None                 0   
4    0.013725 2022-07-06 2022-07-07   1 days  None                 0   
5   -0.027399 2022-07-08 2022-09-30  84 days  None                 1   
6   -0.019144 2022-10-26 2022-10-27   1 days  None                 0   
7    0.012536 2022-10-31 2022-11-01   1 days  None                 0   
8   -0.046056 2022-11-02 2022-11-04   2 days  None                 1   
9    0.024068 2022-11-07 2022-11-08   1 days  None                 0   
10  -0.102181 2022-11-11 2022-12-23  42 days  None                 1   
11   0.457200 2023-01-12 2023-07-20 189 days  None                 1   
12  -0.003555 2023-07-21 2023-07-24   3 days  None                 0   
13   0.054480 2023-08-29 2023-09-01   3 days  None                 1   
14  -0.062673 2023-09-05 2023-09-15  10 days  None                 1   
15  -0.025172 2023-10-02 2023-10-27  25 days  None                 1   
16   0.041075 2023-11-08 2023-11-30  22 days  None                 1   
17   0.000357 2023-12-18 2023-12-19   1 days  None                 0   
18  -0.003342 2024-03-25 2024-03-26   1 days  None                 0   
19  -0.017234 2024-03-28 2024-04-03   6 days  None                 1   
20  -0.003302 2024-04-05 2024-04-08   3 days  None                 0   
21  -0.012460 2024-04-16 2024-04-17   1 days  None                 0   
22   0.093673 2024-04-29 2024-05-29  30 days  None                 1   
23   0.031249 2024-06-12 2024-06-14   2 days  None                 1   
24   0.006884 2024-06-24 2024-06-25   1 days  None                 0   
25   0.037296 2024-07-01 2024-07-03   2 days  None                 1   
26   0.024543 2024-07-05 2024-07-08   3 days  None                 0   
27   0.009115 2024-07-10 2024-07-11   1 days  None                 0   
28   0.005762 2024-09-23 2024-09-24   1 days  None                 0   
29   0.002826 2024-12-23 2024-12-24   1 days  None                 0   

    Exit_get_signal  
0                 1  
1                 0  
2                 0  
3                 0  
4                 1  
5                 0  
6                 0  
7                 1  
8                 1  
9                 0  
10                0  
11                1  
12                0  
13                1  
14                0  
15                0  
16                0  
17                0  
18                0  
19                0  
20                0  
21                0  
22                0  
23                0  
24                0  
25                1  
26                0  
27                0  
28                0  
29                0  ",Random Forest
2,2022-03-04,2025-02-27,1091 days,27.636849132176234,14093.88819336853,15375.36736512146,9.941782095336915,40.938881933685295,45.43114893343242,12.238333860062255,30.086406316587965,8.248840032634664,0.40677287048784955,0.6724151195877055,0.4171968592522237,-2.7127391388905195,0.9608302254590998,-29.334674000178307,-6.804792975289396,456 days,62 days,3,33.33333333333333,0.189138517553733,-18.102253289353587,-7.2664135060578445,190 days,98 days,0.009044096173944614,-6.907929290960957,-1.182125750703055,-44.72195121451259,MyStrategy,"                  Equity  DrawdownPct DrawdownDuration
Date                                                  
2022-03-04  10000.000000     0.000000              NaT
2022-03-07  10000.000000     0.000000              NaT
2022-03-08   9912.470329     0.008753              NaT
2022-03-09  10254.089989     0.000000           2 days
2022-03-10   9979.430443     0.026785              NaT
...                  ...          ...              ...
2025-02-21  14580.638193     0.051688              NaT
2025-02-24  14672.088373     0.045741              NaT
2025-02-25  14668.547617     0.045971              NaT
2025-02-26  14274.428049     0.071604              NaT
2025-02-27  14093.888193     0.083346          63 days

[749 rows x 3 columns]","   Size  EntryBar  ExitBar  EntryPrice   ExitPrice    SL    TP          PnL  \
0    62         2       73  158.820007  130.070007  None  None -1782.500000   
1    61        74      206  133.419998  129.669998  None  None  -228.750000   
2    62       210      211  126.889999  127.129997  None  None    14.879868   

   ReturnPct  EntryTime   ExitTime Duration   Tag  Entry_get_signal  \
0  -0.181023 2022-03-08 2022-06-17 101 days  None                 1   
1  -0.028107 2022-06-21 2022-12-28 190 days  None                 1   
2   0.001891 2023-01-04 2023-01-05   1 days  None                 0   

   Exit_get_signal  
0                1  
1                0  
2                0  ",XGBoost
3,2022-03-04,2025-02-27,1091 days,52.336448598130836,11979.267742727667,13701.26406993714,90.70783405456544,19.79267742727667,45.43114893343242,6.26439035048294,16.96956941856961,4.25955888179852,0.36915434893874727,0.5777495967074527,0.3023642136113357,3.9144460802395447,0.3495009859931687,-20.71802835283708,-5.188581931495033,316 days,75 days,21,33.33333333333333,19.934186799035047,-7.247326872623782,0.9929269531075313,144 days,26 days,1.5653484166735019,1.2730786352503844,0.6134583459693226,0.10211997054981126,MyStrategy,"                  Equity  DrawdownPct DrawdownDuration
Date                                                  
2022-03-04  10000.000000     0.000000              NaT
2022-03-07  10000.000000     0.000000              NaT
2022-03-08  10000.000000     0.000000              NaT
2022-03-09  10000.000000     0.000000              NaT
2022-03-10  10000.000000     0.000000              NaT
...                  ...          ...              ...
2025-02-21  12391.767743     0.095575              NaT
2025-02-24  12469.267895     0.089918              NaT
2025-02-25  12466.267254     0.090137              NaT
2025-02-26  12132.267621     0.114515              NaT
2025-02-27  11979.267743     0.125682         226 days

[749 rows x 3 columns]","    Size  EntryBar  ExitBar  EntryPrice   ExitPrice    SL    TP          PnL  \
0     58        14       31  171.059998  165.020004  None  None  -350.319611   
1     66        87      124  145.669998  160.309998  None  None   966.239960   
2     70       163      165  150.960007  148.199997  None  None  -193.200684   
3     67       166      169  153.160004  142.059998  None  None  -743.700409   
4     63       177      186  152.220001  144.289993  None  None  -499.590500   
5     66       222      246  138.119995  147.710007  None  None   632.940765   
6     66       247      248  147.050003  146.830002  None  None   -14.520081   
7     63       252      256  153.699997  147.809998  None  None  -371.069962   
8     61       259      357  152.160004  182.130005  None  None  1828.170074   
9     59       376      380  189.490005  178.350006  None  None  -657.259964   
10    60       420      457  174.240005  194.139999  None  None  1193.999634   
11    60       458      459  193.899994  187.149994  None  None  -405.000000   
12    58       473      479  195.020004  187.039993  None  None  -462.840637   
13    57       485      488  189.389999  185.770004  None  None  -206.339722   
14    58       545      601  182.350006  218.699997  None  None  2108.299469   
15    56       605      606  224.369995  219.149994  None  None  -292.320068   
16    55       616      632  223.919998  218.919998  None  None  -275.000000   
17    55       633      637  221.460007  215.750000  None  None  -314.050369   
18    52       643      648  224.929993  225.889999  None  None    49.920349   
19    52       654      670  227.779999  220.970001  None  None  -354.119873   
20    49       686      713  231.460007  244.309998  None  None   629.649551   

    ReturnPct  EntryTime   ExitTime Duration   Tag  Entry_get_signal  \
0   -0.035309 2022-03-24 2022-04-19  26 days  None                 1   
1    0.100501 2022-07-11 2022-08-31  51 days  None                 1   
2   -0.018283 2022-10-26 2022-10-28   2 days  None                 1   
3   -0.072473 2022-10-31 2022-11-03   3 days  None                 1   
4   -0.052096 2022-11-15 2022-11-29  14 days  None                 1   
5    0.069432 2023-01-23 2023-02-27  35 days  None                 1   
6   -0.001496 2023-02-28 2023-03-01   1 days  None                 0   
7   -0.038321 2023-03-07 2023-03-13   6 days  None                 1   
8    0.196964 2023-03-16 2023-08-07 144 days  None                 1   
9   -0.058789 2023-09-01 2023-09-08   7 days  None                 1   
10   0.114210 2023-11-03 2023-12-28  55 days  None                 1   
11  -0.034812 2023-12-29 2024-01-02   4 days  None                 0   
12  -0.040919 2024-01-23 2024-01-31   8 days  None                 1   
13  -0.019114 2024-02-08 2024-02-13   5 days  None                 1   
14   0.199342 2024-05-06 2024-07-26  81 days  None                 1   
15  -0.023265 2024-08-01 2024-08-02   1 days  None                 0   
16  -0.022329 2024-08-16 2024-09-10  25 days  None                 1   
17  -0.025783 2024-09-11 2024-09-17   6 days  None                 1   
18   0.004268 2024-09-25 2024-10-02   7 days  None                 1   
19  -0.029897 2024-10-10 2024-11-01  22 days  None                 1   
20   0.055517 2024-11-25 2025-01-06  42 days  None                 1   

    Exit_get_signal  
0                 0  
1                 0  
2                 1  
3                 0  
4                 0  
5                 1  
6                 0  
7                 0  
8                 0  
9                 0  
10                1  
11                0  
12                0  
13                0  
14                0  
15                0  
16                1  
17                0  
18                0  
19                0  
20                0  ",SVM
4,2022-03-04,2025-02-27,1091 days,0.0,14863.790367016602,16210.429496655273,,48.63790367016602,45.43114893343242,14.26487610012115,30.916902964284233,9.586893958084918,0.4613940832495478,0.7778626064649228,0.479723298302968,3.9967576748587277,0.9826109848271134,-29.735633334014565,-5.70211584624334,429 days,50 days,0,,,,,,,,,,,MyStrategy,"                  Equity  DrawdownPct DrawdownDuration
Date                                                  
2022-03-04  10000.000000     0.000000              NaT
2022-03-07  10000.000000     0.000000              NaT
2022-03-08   9912.470329     0.008753              NaT
2022-03-09  10254.089989     0.000000           2 days
2022-03-10   9979.430443     0.026785              NaT
...                  ...          ...              ...
2025-02-21  15375.290367     0.051519              NaT
2025-02-24  15471.390556     0.045590              NaT
2025-02-25  15467.669762     0.045820              NaT
2025-02-26  15053.510216     0.071369              NaT
2025-02-27  14863.790367     0.083072          63 days

[749 rows x 3 columns]","Empty DataFrame
Columns: [Size, EntryBar, ExitBar, EntryPrice, ExitPrice, SL, TP, PnL, ReturnPct, EntryTime, ExitTime, Duration, Tag]
Index: []",Naive Bayes
5,2022-03-04,2025-02-27,1091 days,31.90921228304406,11371.619818368526,11451.797260919184,61.778512319946294,13.716198183685266,45.43114893343242,4.419436509716257,14.068514970378937,3.013438581993877,0.31413667462566724,0.4739636310678793,0.1754808321585381,2.137436380495352,0.2548639441224696,-25.184725051471823,-4.825649964700881,376 days,88 days,17,41.17647058823529,24.43979685341624,-8.198302243911225,0.8023441496973538,92 days,20 days,1.471315338581437,1.1347943634637163,0.46929174569436694,0.11493266035431265,MyStrategy,"                  Equity  DrawdownPct DrawdownDuration
Date                                                  
2022-03-04  10000.000000     0.000000              NaT
2022-03-07  10000.000000     0.000000              NaT
2022-03-08  10000.000000     0.000000              NaT
2022-03-09  10000.000000     0.000000              NaT
2022-03-10  10000.000000     0.000000              NaT
...                  ...          ...              ...
2025-02-21  11371.619818     0.007001              NaT
2025-02-24  11371.619818     0.007001              NaT
2025-02-25  11371.619818     0.007001              NaT
2025-02-26  11371.619818     0.007001              NaT
2025-02-27  11371.619818     0.007001         232 days

[749 rows x 3 columns]","    Size  EntryBar  ExitBar  EntryPrice   ExitPrice    SL    TP          PnL  \
0     56        22       30  177.500000  163.919998  None  None  -760.480103   
1     59        46       48  155.520004  142.770004  None  None  -752.250000   
2     57        62       64  147.830002  147.029999  None  None   -45.600174   
3     59        79       81  142.130005  137.250000  None  None  -287.920288   
4     56        85       87  143.289993  145.669998  None  None   133.280273   
5     57        89      130  142.990005  155.470001  None  None   711.359756   
6     56       132      134  159.899994  154.649994  None  None  -294.000000   
7     57       135      145  151.210007  141.279999  None  None  -566.010452   
8     59       171      173  137.110001  138.500000  None  None    82.009964   
9     56       175      187  145.820007  141.399994  None  None  -247.520752   
10    53       188      198  148.210007  141.110001  None  None  -376.300323   
11    56       216      272  133.880005  166.600006  None  None  1832.320068   
12    58       278      341  161.630005  190.229996  None  None  1658.799469   
13    56       345      347  195.089996  193.410004  None  None   -94.079590   
14    58       467      469  186.059998  181.270004  None  None  -277.819611   
15    50       580      581  211.500000  214.690002  None  None   159.500122   
16    49       585      590  220.000000  231.389999  None  None   558.109970   

    ReturnPct  EntryTime   ExitTime Duration   Tag  Entry_get_signal  \
0   -0.076507 2022-04-05 2022-04-18  13 days  None                 1   
1   -0.081983 2022-05-10 2022-05-12   2 days  None                 1   
2   -0.005412 2022-06-02 2022-06-06   4 days  None                 1   
3   -0.034335 2022-06-28 2022-06-30   2 days  None                 1   
4    0.016610 2022-07-07 2022-07-11   4 days  None                 1   
5    0.087279 2022-07-13 2022-09-09  58 days  None                 1   
6   -0.032833 2022-09-13 2022-09-15   2 days  None                 1   
7   -0.065670 2022-09-16 2022-09-30  14 days  None                 1   
8    0.010138 2022-11-07 2022-11-09   2 days  None                 1   
9   -0.030311 2022-11-11 2022-11-30  19 days  None                 1   
10  -0.047905 2022-12-01 2022-12-15  14 days  None                 1   
11   0.244398 2023-01-12 2023-04-04  82 days  None                 1   
12   0.176947 2023-04-13 2023-07-14  92 days  None                 1   
13  -0.008611 2023-07-20 2023-07-24   4 days  None                 1   
14  -0.025744 2024-01-12 2024-01-17   5 days  None                 1   
15   0.015083 2024-06-26 2024-06-27   1 days  None                 0   
16   0.051773 2024-07-03 2024-07-11   8 days  None                 1   

    Exit_get_signal  
0                 0  
1                 0  
2                 0  
3                 0  
4                 0  
5                 0  
6                 1  
7                 0  
8                 0  
9                 1  
10                0  
11                0  
12                0  
13                0  
14                0  
15                0  
16                0  ",Gradient Boosting
6,2022-03-04,2025-02-27,1091 days,59.94659546061415,9162.904818548584,11450.50953037415,210.58471392211916,-8.370951814514155,45.43114893343242,-2.8984606020754367,20.075484212445534,-1.9990254896799953,-0.14437811668216569,-0.2048360816297903,-0.11330957134028895,-33.87742227157298,0.5614313319355395,-25.580015596130355,-4.724991208908355,577 days,77 days,57,45.614035087719294,18.725327982534367,-8.066670271639653,-0.12053044692572623,94 days,11 days,0.9713346704853676,-0.036692648537984686,-0.22126096855729,-0.04572433389208497,MyStrategy,"                  Equity  DrawdownPct DrawdownDuration
Date                                                  
2022-03-04  10000.000000     0.000000              NaT
2022-03-07  10000.000000     0.000000              NaT
2022-03-08  10000.000000     0.000000              NaT
2022-03-09  10000.000000     0.000000              NaT
2022-03-10   9893.853974     0.010615              NaT
...                  ...          ...              ...
2025-02-21   9162.904819     0.199782              NaT
2025-02-24   9162.904819     0.199782              NaT
2025-02-25   9162.904819     0.199782              NaT
2025-02-26   9162.904819     0.199782              NaT
2025-02-27   9162.904819     0.199782         577 days

[749 rows x 3 columns]","    Size  EntryBar  ExitBar  EntryPrice   ExitPrice    SL    TP          PnL  \
0     62         4        6  160.199997  151.449997  None  None  -542.500000   
1     57        11       12  163.509995  165.509995  None  None   114.000000   
2     53        22       24  177.500000  171.160004  None  None  -336.019806   
3     54        27       28  168.020004  167.389999  None  None   -34.020264   
4     54        32       33  168.759995  168.910004  None  None     8.100494   
5     59        47       49  153.500000  144.589996  None  None  -525.690216   
6     58        52       53  146.850006  139.880005  None  None  -404.260071   
7     56        63       64  146.899994  147.029999  None  None     7.280273   
8     57        65      130  144.350006  155.470001  None  None   633.839722   
9     55       131      136  159.589996  149.309998  None  None  -565.399933   
10    55       140      141  151.190002  149.660004  None  None   -84.149933   
11    56       149      151  145.809998  140.419998  None  None  -301.839966   
12    56       152      193  139.899994  142.360001  None  None   137.760376   
13    62       207      208  127.989998  128.410004  None  None    26.040359   
14    61       213      214  130.470001  130.259995  None  None   -12.810410   
15    61       217      218  132.029999  134.830002  None  None   170.800186   
16    60       219      270  136.820007  162.440002  None  None  1537.199707   
17    59       271      312  164.270004  177.699997  None  None   792.369568   
18    58       313      362  181.029999  177.970001  None  None  -177.479858   
19    58       364      365  177.130005  177.139999  None  None     0.579681   
20    57       372      373  180.089996  179.699997  None  None   -22.229965   
21    54       378      379  188.399994  175.179993  None  None  -713.880066   
22    55       390      391  174.669998  174.199997  None  None   -25.850067   
23    54       392      393  174.820007  172.619995  None  None  -118.800659   
24    54       412      414  173.050003  170.369995  None  None  -144.720428   
25    49       429      431  189.570007  189.889999  None  None    15.679611   
26    49       435      436  189.919998  189.779999  None  None    -6.859970   
27    48       443      444  193.630005  194.199997  None  None    27.359619   
28    47       449      462  197.529999  181.990005  None  None  -730.379684   
29    46       465      480  184.350006  183.990005  None  None   -16.560028   
30    47       481      483  179.860001  186.860001  None  None   329.000000   
31    47       485      486  189.389999  188.649994  None  None   -34.780258   
32    47       489      490  185.320007  183.550003  None  None   -83.190201   
33    46       552      553  187.910004  190.470001  None  None   117.759888   
34    46       556      558  191.089996  190.979996  None  None    -5.060028   
35    45       565      566  194.639999  195.399994  None  None    34.199753   
36    46       570      608  193.649994  205.300003  None  None   535.900421   
37    44       611      627  212.100006  228.550003  None  None   723.799866   
38    45       635      636  223.580002  216.539993  None  None  -316.800385   
39    43       648      649  225.889999  225.139999  None  None   -32.250000   
40    43       653      654  225.229996  227.779999  None  None   109.650131   
41    43       656      657  228.699997  233.610001  None  None   211.130157   
42    43       663      665  234.080002  229.740005  None  None  -186.619843   
43    42       666      667  233.320007  233.100006  None  None    -9.240051   
44    44       670      672  220.970001  221.800003  None  None    36.520081   
45    43       683      684  228.059998  228.880005  None  None    35.260315   
46    40       693      694  243.990005  242.910004  None  None   -43.200073   
47    40       698      699  246.889999  247.820007  None  None    37.200317   
48    40       704      705  248.039993  254.770004  None  None   269.200439   
49    39       707      708  258.190002  257.829987  None  None   -14.040619   
50    41       711      712  248.929993  243.360001  None  None  -228.369675   
51    43       721      722  232.119995  224.000000  None  None  -349.159790   
52    43       723      724  219.789993  224.740005  None  None   212.850525   
53    43       725      726  224.779999  224.020004  None  None   -32.679764   
54    39       730      732  247.190002  227.250000  None  None  -777.660095   
55    39       733      734  228.529999  231.289993  None  None   107.639786   
56    37       741      742  244.149994  244.660004  None  None    18.870361   

    ReturnPct  EntryTime   ExitTime Duration   Tag  Entry_get_signal  \
0   -0.054619 2022-03-10 2022-03-14   4 days  None                 1   
1    0.012232 2022-03-21 2022-03-22   1 days  None                 0   
2   -0.035718 2022-04-05 2022-04-07   2 days  None                 1   
3   -0.003750 2022-04-12 2022-04-13   1 days  None                 0   
4    0.000889 2022-04-20 2022-04-21   1 days  None                 0   
5   -0.058046 2022-05-11 2022-05-13   2 days  None                 1   
6   -0.047463 2022-05-18 2022-05-19   1 days  None                 0   
7    0.000885 2022-06-03 2022-06-06   3 days  None                 0   
8    0.077035 2022-06-07 2022-09-09  94 days  None                 1   
9   -0.064415 2022-09-12 2022-09-19   7 days  None                 1   
10  -0.010120 2022-09-23 2022-09-26   3 days  None                 0   
11  -0.036966 2022-10-06 2022-10-10   4 days  None                 1   
12   0.017584 2022-10-11 2022-12-08  58 days  None                 1   
13   0.003282 2022-12-29 2022-12-30   1 days  None                 0   
14  -0.001610 2023-01-09 2023-01-10   1 days  None                 0   
15   0.021207 2023-01-13 2023-01-17   4 days  None                 0   
16   0.187253 2023-01-18 2023-03-31  72 days  None                 1   
17   0.081756 2023-04-03 2023-06-01  59 days  None                 1   
18  -0.016903 2023-06-02 2023-08-14  73 days  None                 1   
19   0.000056 2023-08-16 2023-08-17   1 days  None                 0   
20  -0.002166 2023-08-28 2023-08-29   1 days  None                 0   
21  -0.070170 2023-09-06 2023-09-07   1 days  None                 0   
22  -0.002691 2023-09-22 2023-09-25   3 days  None                 0   
23  -0.012584 2023-09-26 2023-09-27   1 days  None                 0   
24  -0.015487 2023-10-24 2023-10-26   2 days  None                 1   
25   0.001688 2023-11-16 2023-11-20   4 days  None                 1   
26  -0.000737 2023-11-27 2023-11-28   1 days  None                 0   
27   0.002944 2023-12-07 2023-12-08   1 days  None                 0   
28  -0.078672 2023-12-15 2024-01-05  21 days  None                 1   
29  -0.001953 2024-01-10 2024-02-01  22 days  None                 1   
30   0.038919 2024-02-02 2024-02-06   4 days  None                 1   
31  -0.003907 2024-02-08 2024-02-09   1 days  None                 0   
32  -0.009551 2024-02-14 2024-02-15   1 days  None                 0   
33   0.013624 2024-05-15 2024-05-16   1 days  None                 0   
34  -0.000576 2024-05-21 2024-05-23   2 days  None                 1   
35   0.003905 2024-06-04 2024-06-05   1 days  None                 0   
36   0.060160 2024-06-11 2024-08-06  56 days  None                 1   
37   0.077558 2024-08-09 2024-09-03  25 days  None                 1   
38  -0.031488 2024-09-13 2024-09-16   3 days  None                 0   
39  -0.003320 2024-10-02 2024-10-03   1 days  None                 0   
40   0.011322 2024-10-09 2024-10-10   1 days  None                 0   
41   0.021469 2024-10-14 2024-10-15   1 days  None                 0   
42  -0.018541 2024-10-23 2024-10-25   2 days  None                 1   
43  -0.000943 2024-10-28 2024-10-29   1 days  None                 0   
44   0.003756 2024-11-01 2024-11-05   4 days  None                 1   
45   0.003596 2024-11-20 2024-11-21   1 days  None                 0   
46  -0.004426 2024-12-05 2024-12-06   1 days  None                 0   
47   0.003767 2024-12-12 2024-12-13   1 days  None                 0   
48   0.027133 2024-12-20 2024-12-23   3 days  None                 0   
49  -0.001394 2024-12-26 2024-12-27   1 days  None                 0   
50  -0.022376 2025-01-02 2025-01-03   1 days  None                 0   
51  -0.034982 2025-01-17 2025-01-21   4 days  None                 0   
52   0.022522 2025-01-22 2025-01-23   1 days  None                 0   
53  -0.003381 2025-01-24 2025-01-27   3 days  None                 0   
54  -0.080667 2025-01-31 2025-02-04   4 days  None                 1   
55   0.012077 2025-02-05 2025-02-06   1 days  None                 0   
56   0.002089 2025-02-18 2025-02-19   1 days  None                 0   

    Exit_get_signal  
0                 0  
1                 0  
2                 0  
3                 0  
4                 0  
5                 0  
6                 0  
7                 1  
8                 1  
9                 0  
10                0  
11                1  
12                0  
13                0  
14                0  
15                1  
16                1  
17                1  
18                0  
19                0  
20                0  
21                0  
22                1  
23                0  
24                0  
25                0  
26                0  
27                0  
28                0  
29                1  
30                0  
31                0  
32                0  
33                0  
34                0  
35                0  
36                0  
37                0  
38                0  
39                0  
40                0  
41                0  
42                1  
43                0  
44                0  
45                0  
46                0  
47                0  
48                0  
49                0  
50                0  
51                1  
52                1  
53                0  
54                1  
55                0  
56                0  ",K-Nearest Neighbors
7,2022-03-04,2025-02-27,1091 days,50.734312416555404,14244.67269758911,15547.871855303954,103.12870121459962,42.44672697589111,45.43114893343242,12.64091243223917,22.769663469454823,8.51524721050212,0.5551646579755899,0.9368851569357312,0.5398948319309941,17.772522883322537,0.5431120425486538,-23.413657039515524,-3.1419331258691243,487 days,40 days,23,47.82608695652174,18.06021790111698,-5.513746538629771,0.5385079533629877,126 days,23 days,1.5876436063952362,0.6341192275336572,0.5579667622878489,0.1514978791119138,MyStrategy,"                  Equity  DrawdownPct DrawdownDuration
Date                                                  
2022-03-04  10000.000000     0.000000              NaT
2022-03-07  10000.000000     0.000000              NaT
2022-03-08  10000.000000     0.000000              NaT
2022-03-09  10000.000000     0.000000              NaT
2022-03-10  10000.000000     0.000000              NaT
...                  ...          ...              ...
2025-02-21  14739.672698     0.051981              NaT
2025-02-24  14832.672881     0.046000              NaT
2025-02-25  14829.072112     0.046231              NaT
2025-02-26  14428.272551     0.072010              NaT
2025-02-27  14244.672698     0.083818          63 days

[749 rows x 3 columns]","    Size  EntryBar  ExitBar  EntryPrice   ExitPrice    SL    TP          PnL  \
0     57        15       26  173.880005  168.710007  None  None  -294.689896   
1     70        76       77  136.820007  139.899994  None  None   215.599060   
2     72        80       87  137.460007  145.669998  None  None   591.119385   
3     70        91       92  149.779999  150.740005  None  None    67.200470   
4     68        95      128  154.500000  154.820007  None  None    21.760498   
5     68       130      131  155.470001  159.589996  None  None   280.159668   
6     77       172      175  140.410004  145.820007  None  None   416.570282   
7     74       177      190  152.220001  147.770004  None  None  -329.299774   
8     76       192      203  142.190002  134.350006  None  None  -595.839722   
9     80       207      208  127.989998  128.410004  None  None    33.600464   
10    79       214      217  130.259995  132.029999  None  None   139.830338   
11    76       219      269  136.820007  161.529999  None  None  1877.959351   
12    76       270      272  162.440002  166.600006  None  None   316.160278   
13    78       276      277  162.350006  161.220001  None  None   -88.140381   
14    72       295      308  172.479996  172.410004  None  None    -5.039429   
15    72       309      395  173.320007  172.020004  None  None   -93.600220   
16    72       396      415  171.220001  166.910004  None  None  -310.319824   
17    69       419      503  175.520004  171.059998  None  None  -307.740463   
18    68       506      511  172.940002  175.570007  None  None   178.840332   
19    68       512      517  174.339996  170.000000  None  None  -295.119751   
20    68       519      520  171.750000  171.190002  None  None   -38.079834   
21    67       529      533  174.259995  168.029999  None  None  -417.409714   
22    64       541      543  173.330002  172.509995  None  None   -52.480469   

    ReturnPct  EntryTime   ExitTime Duration   Tag  Entry_get_signal  \
0   -0.029733 2022-03-25 2022-04-11  17 days  None                 1   
1    0.022511 2022-06-23 2022-06-24   1 days  None                 0   
2    0.059726 2022-06-29 2022-07-11  12 days  None                 1   
3    0.006409 2022-07-15 2022-07-18   3 days  None                 0   
4    0.002071 2022-07-21 2022-09-07  48 days  None                 1   
5    0.026500 2022-09-09 2022-09-12   3 days  None                 0   
6    0.038530 2022-11-08 2022-11-11   3 days  None                 1   
7   -0.029234 2022-11-15 2022-12-05  20 days  None                 1   
8   -0.055137 2022-12-07 2022-12-22  15 days  None                 1   
9    0.003282 2022-12-29 2022-12-30   1 days  None                 0   
10   0.013588 2023-01-10 2023-01-13   3 days  None                 1   
11   0.180602 2023-01-18 2023-03-30  71 days  None                 1   
12   0.025609 2023-03-31 2023-04-04   4 days  None                 1   
13  -0.006960 2023-04-11 2023-04-12   1 days  None                 0   
14  -0.000406 2023-05-08 2023-05-25  17 days  None                 1   
15  -0.007501 2023-05-26 2023-09-29 126 days  None                 1   
16  -0.025172 2023-10-02 2023-10-27  25 days  None                 1   
17  -0.025410 2023-11-02 2024-03-06 125 days  None                 1   
18   0.015208 2024-03-11 2024-03-18   7 days  None                 1   
19  -0.024894 2024-03-19 2024-03-26   7 days  None                 1   
20  -0.003261 2024-03-28 2024-04-01   4 days  None                 0   
21  -0.035751 2024-04-12 2024-04-18   6 days  None                 1   
22  -0.004731 2024-04-30 2024-05-02   2 days  None                 1   

    Exit_get_signal  
0                 0  
1                 0  
2                 0  
3                 0  
4                 0  
5                 0  
6                 0  
7                 0  
8                 0  
9                 0  
10                0  
11                1  
12                0  
13                0  
14                1  
15                1  
16                0  
17                0  
18                1  
19                0  
20                0  
21                0  
22                1  ",Decision Tree
8,2022-03-04,2025-02-27,1091 days,0.0,14863.790367016602,16210.429496655273,,48.63790367016602,45.43114893343242,14.26487610012115,30.916902964284233,9.586893958084918,0.4613940832495478,0.7778626064649228,0.479723298302968,3.9967576748587277,0.9826109848271134,-29.735633334014565,-5.70211584624334,429 days,50 days,0,,,,,,,,,,,MyStrategy,"                  Equity  DrawdownPct DrawdownDuration
Date                                                  
2022-03-04  10000.000000     0.000000              NaT
2022-03-07  10000.000000     0.000000              NaT
2022-03-08   9912.470329     0.008753              NaT
2022-03-09  10254.089989     0.000000           2 days
2022-03-10   9979.430443     0.026785              NaT
...                  ...          ...              ...
2025-02-21  15375.290367     0.051519              NaT
2025-02-24  15471.390556     0.045590              NaT
2025-02-25  15467.669762     0.045820              NaT
2025-02-26  15053.510216     0.071369              NaT
2025-02-27  14863.790367     0.083072          63 days

[749 rows x 3 columns]","Empty DataFrame
Columns: [Size, EntryBar, ExitBar, EntryPrice, ExitPrice, SL, TP, PnL, ReturnPct, EntryTime, ExitTime, Duration, Tag]
Index: []",AdaBoost
9,2022-03-04,2025-02-27,1091 days,52.46995994659546,9809.245162939464,12534.50352441407,79.39396616821288,-1.9075483706053635,45.43114893343242,-0.6458972541421248,16.75613528928771,-0.44387551774117684,-0.03854691090701867,-0.052625198203250255,-0.029504913960643687,-18.43377015254663,0.36376411712933265,-21.891175653102422,-6.454423678279457,337 days,88 days,20,35.0,21.436794641893364,-11.267103146342361,0.08590520979125937,145 days,28 days,1.1516772370756199,0.37922758252981636,0.04840809792767072,0.011137251732657283,MyStrategy,"                  Equity  DrawdownPct DrawdownDuration
Date                                                  
2022-03-04  10000.000000     0.000000              NaT
2022-03-07  10000.000000     0.000000              NaT
2022-03-08  10000.000000     0.000000              NaT
2022-03-09  10000.000000     0.000000              NaT
2022-03-10  10000.000000     0.000000              NaT
...                  ...          ...              ...
2025-02-21  10147.495163     0.190435              NaT
2025-02-24  10211.045288     0.185365              NaT
2025-02-25  10208.584763     0.185561              NaT
2025-02-26   9934.705063     0.207411              NaT
2025-02-27   9809.245163     0.217421         226 days

[749 rows x 3 columns]","    Size  EntryBar  ExitBar  EntryPrice   ExitPrice    SL    TP          PnL  \
0     57        15       31  173.880005  165.020004  None  None  -505.020035   
1     65        87      125  145.669998  156.639999  None  None   713.050079   
2     66       166      170  153.160004  142.089996  None  None  -730.620483   
3     63       178      186  149.130005  144.289993  None  None  -304.920731   
4     65       223      249  140.309998  144.380005  None  None   264.550476   
5     61       252      256  153.699997  147.809998  None  None  -359.289963   
6     59       258      357  151.190002  182.130005  None  None  1825.460144   
7     57       377      380  188.279999  178.350006  None  None  -566.009583   
8     56       423      460  182.350006  184.220001  None  None   104.719727   
9     53       474      480  195.419998  183.990005  None  None  -605.789612   
10    51       485      486  189.389999  188.649994  None  None   -37.740280   
11    53       545      604  182.350006  221.440002  None  None  2071.769806   
12    52       605      607  224.369995  199.089996  None  None -1314.559937   
13    46       617      633  225.720001  221.460007  None  None  -195.959747   
14    46       634      637  222.500000  215.750000  None  None  -310.500000   
15    44       643      644  224.929993  227.300003  None  None   104.280457   
16    43       646      650  230.039993  227.899994  None  None   -92.019974   
17    44       651      652  224.500000  224.300003  None  None    -8.799866   
18    44       653      671  225.229996  220.990005  None  None  -186.559570   
19    41       688      715  234.470001  241.919998  None  None   305.449875   

    ReturnPct  EntryTime   ExitTime Duration   Tag  Entry_get_signal  \
0   -0.050955 2022-03-25 2022-04-19  25 days  None                 1   
1    0.075307 2022-07-11 2022-09-01  52 days  None                 1   
2   -0.072277 2022-10-31 2022-11-04   4 days  None                 1   
3   -0.032455 2022-11-16 2022-11-29  13 days  None                 1   
4    0.029007 2023-01-24 2023-03-02  37 days  None                 1   
5   -0.038321 2023-03-07 2023-03-13   6 days  None                 1   
6    0.204643 2023-03-15 2023-08-07 145 days  None                 1   
7   -0.052741 2023-09-05 2023-09-08   3 days  None                 1   
8    0.010255 2023-11-08 2024-01-03  56 days  None                 1   
9   -0.058489 2024-01-24 2024-02-01   8 days  None                 1   
10  -0.003907 2024-02-08 2024-02-09   1 days  None                 0   
11   0.214368 2024-05-06 2024-07-31  86 days  None                 1   
12  -0.112671 2024-08-01 2024-08-05   4 days  None                 1   
13  -0.018873 2024-08-19 2024-09-11  23 days  None                 1   
14  -0.030337 2024-09-12 2024-09-17   5 days  None                 1   
15   0.010537 2024-09-25 2024-09-26   1 days  None                 0   
16  -0.009303 2024-09-30 2024-10-04   4 days  None                 1   
17  -0.000891 2024-10-07 2024-10-08   1 days  None                 0   
18  -0.018825 2024-10-09 2024-11-04  26 days  None                 1   
19   0.031774 2024-11-27 2025-01-08  42 days  None                 1   

    Exit_get_signal  
0                 0  
1                 0  
2                 0  
3                 0  
4                 0  
5                 0  
6                 0  
7                 0  
8                 0  
9                 0  
10                0  
11                1  
12                0  
13                1  
14                0  
15                0  
16                1  
17                1  
18                0  
19                0  ",SGD Classifier
10,2022-03-04,2025-02-27,1091 days,61.815754339118826,12797.282562213137,14185.536912142947,59.065297647094724,27.97282562213137,45.43114893343242,8.65247408404568,19.035047148025047,5.862498698142238,0.45455490689149175,0.719660038430035,0.44692895156367135,9.525778900514041,0.4060440282645437,-19.359842439773146,-4.39110355030794,340 days,52 days,14,42.857142857142854,16.909567995577834,-7.227740310479891,1.8839166781712269,158 days,47 days,2.1523711546756243,2.1241378476013897,1.022938020144554,0.2199749611371162,MyStrategy,"                  Equity  DrawdownPct DrawdownDuration
Date                                                  
2022-03-04  10000.000000     0.000000              NaT
2022-03-07  10000.000000     0.000000              NaT
2022-03-08  10000.000000     0.000000              NaT
2022-03-09  10000.000000     0.000000              NaT
2022-03-10  10000.000000     0.000000              NaT
...                  ...          ...              ...
2025-02-21  13234.532562     0.067040              NaT
2025-02-24  13316.682724     0.061249              NaT
2025-02-25  13313.502045     0.061474              NaT
2025-02-26  12959.462433     0.086431              NaT
2025-02-27  12797.282562     0.097864          63 days

[749 rows x 3 columns]","    Size  EntryBar  ExitBar  EntryPrice   ExitPrice    SL    TP          PnL  \
0     58        14       32  171.059998  168.759995  None  None  -133.400177   
1     67        87      126  145.669998  159.750000  None  None   943.360123   
2     70       166      170  153.160004  142.089996  None  None  -774.900513   
3     67       178      186  149.130005  144.289993  None  None  -324.280777   
4     69       223      249  140.309998  144.380005  None  None   280.830505   
5     64       252      358  153.699997  179.690002  None  None  1663.360352   
6     61       375      383  187.839996  176.509995  None  None  -691.130112   
7     60       405      412  181.419998  173.050003  None  None  -502.199707   
8     60       413      414  171.880005  170.369995  None  None   -90.600586   
9     59       420      461  174.240005  182.149994  None  None   466.689316   
10    57       471      482  189.330002  188.149994  None  None   -67.260452   
11    57       483      491  186.860001  183.419998  None  None  -196.080139   
12    56       544      609  186.649994  206.899994  None  None  1134.000000   
13    54       611      718  212.100006  234.750000  None  None  1223.099670   

    ReturnPct  EntryTime   ExitTime Duration   Tag  Entry_get_signal  \
0   -0.013446 2022-03-24 2022-04-20  27 days  None                 1   
1    0.096657 2022-07-11 2022-09-02  53 days  None                 1   
2   -0.072277 2022-10-31 2022-11-04   4 days  None                 1   
3   -0.032455 2022-11-16 2022-11-29  13 days  None                 1   
4    0.029007 2023-01-24 2023-03-02  37 days  None                 1   
5    0.169096 2023-03-07 2023-08-08 154 days  None                 1   
6   -0.060317 2023-08-31 2023-09-13  13 days  None                 1   
7   -0.046136 2023-10-13 2023-10-24  11 days  None                 1   
8   -0.008785 2023-10-25 2023-10-26   1 days  None                 0   
9    0.045397 2023-11-03 2024-01-04  62 days  None                 1   
10  -0.006233 2024-01-19 2024-02-05  17 days  None                 1   
11  -0.018410 2024-02-06 2024-02-16  10 days  None                 1   
12   0.108492 2024-05-03 2024-08-07  96 days  None                 1   
13   0.106789 2024-08-09 2025-01-14 158 days  None                 1   

    Exit_get_signal  
0                 0  
1                 0  
2                 0  
3                 0  
4                 0  
5                 0  
6                 0  
7                 1  
8                 0  
9                 0  
10                1  
11                0  
12                0  
13                0  ",MLP
11,2022-03-04,2025-02-27,1091 days,61.6822429906542,14097.94655986023,15379.425731613159,77.40135999755859,40.979465598602296,45.43114893343242,12.24920659723232,26.030063752131156,8.256039019866556,0.4705792007992851,0.7789224223163584,0.3818684286919272,7.473892878953038,0.7375022095246369,-32.077034069539124,-6.912802765674418,664 days,75 days,20,45.0,24.67134566375957,-11.783238072753798,-0.03516967619044964,288 days,32 days,1.0978003171153154,0.22898719360120168,-0.018231790700758286,-0.005564396475316202,MyStrategy,"                  Equity  DrawdownPct DrawdownDuration
Date                                                  
2022-03-04  10000.000000     0.000000              NaT
2022-03-07  10000.000000     0.000000              NaT
2022-03-08   9912.470329     0.008753              NaT
2022-03-09  10254.089989     0.000000           2 days
2022-03-10  10081.603509     0.016821              NaT
...                  ...          ...              ...
2025-02-21  14584.696560     0.051675              NaT
2025-02-24  14676.146740     0.045729              NaT
2025-02-25  14672.605984     0.045959              NaT
2025-02-26  14278.486416     0.071585              NaT
2025-02-27  14097.946560     0.083324          63 days

[749 rows x 3 columns]","    Size  EntryBar  ExitBar  EntryPrice   ExitPrice    SL    TP          PnL  \
0     62         2        4  158.820007  160.199997  None  None    85.559357   
1     66         6       30  151.449997  163.919998  None  None   823.020081   
2     67        39       48  161.839996  142.770004  None  None -1277.689468   
3     72        69       71  132.869995  134.289993  None  None   102.239868   
4     73        72       73  132.080002  130.070007  None  None  -146.729599   
5     70        75       81  134.789993  137.250000  None  None   172.200470   
6     67        85       87  143.289993  145.669998  None  None   159.460327   
7     69        89      128  142.990005  154.820007  None  None   816.270126   
8     66       132      145  159.899994  141.279999  None  None -1228.919678   
9     62       163      165  150.960007  148.199997  None  None  -171.120605   
10    60       166      185  153.160004  145.139999  None  None  -481.200256   
11    61       186      187  144.289993  141.399994  None  None  -176.289963   
12    58       188      197  148.210007  145.350006  None  None  -165.880035   
13    62       200      201  135.110001  131.389999  None  None  -230.640076   
14    61       216      415  133.880005  166.910004  None  None  2014.829926   
15    60       417      503  169.350006  171.059998  None  None   102.599487   
16    61       504      511  169.149994  175.570007  None  None   391.620819   
17    61       512      526  174.339996  168.699997  None  None  -344.039963   
18    61       527      528  168.800003  168.339996  None  None   -28.060410   
19    59       529      534  174.259995  166.210007  None  None  -474.949280   

    ReturnPct  EntryTime   ExitTime Duration   Tag  Entry_get_signal  \
0    0.008689 2022-03-08 2022-03-10   2 days  None                 1   
1    0.082337 2022-03-14 2022-04-18  35 days  None                 1   
2   -0.117832 2022-04-29 2022-05-12  13 days  None                 1   
3    0.010687 2022-06-13 2022-06-15   2 days  None                 1   
4   -0.015218 2022-06-16 2022-06-17   1 days  None                 0   
5    0.018251 2022-06-22 2022-06-30   8 days  None                 1   
6    0.016610 2022-07-07 2022-07-11   4 days  None                 1   
7    0.082733 2022-07-13 2022-09-07  56 days  None                 1   
8   -0.116448 2022-09-13 2022-09-30  17 days  None                 1   
9   -0.018283 2022-10-26 2022-10-28   2 days  None                 1   
10  -0.052364 2022-10-31 2022-11-28  28 days  None                 1   
11  -0.020029 2022-11-29 2022-11-30   1 days  None                 0   
12  -0.019297 2022-12-01 2022-12-14  13 days  None                 1   
13  -0.027533 2022-12-19 2022-12-20   1 days  None                 0   
14   0.246713 2023-01-12 2023-10-27 288 days  None                 1   
15   0.010097 2023-10-31 2024-03-06 127 days  None                 1   
16   0.037955 2024-03-07 2024-03-18  11 days  None                 1   
17  -0.032351 2024-03-19 2024-04-09  21 days  None                 1   
18  -0.002725 2024-04-10 2024-04-11   1 days  None                 0   
19  -0.046195 2024-04-12 2024-04-19   7 days  None                 1   

    Exit_get_signal  
0                 0  
1                 0  
2                 0  
3                 1  
4                 0  
5                 0  
6                 0  
7                 0  
8                 0  
9                 1  
10                1  
11                1  
12                0  
13                0  
14                0  
15                1  
16                1  
17                1  
18                1  
19                1  ",LGBMClassifier
