,Model,Accuracy,Confusion Matrix,Start,End,Duration,Exposure Time [%],Equity Final [$],Equity Peak [$],Return [%],Buy & Hold Return [%],Return (Ann.) [%],Volatility (Ann.) [%],CAGR [%],Sharpe Ratio,Sortino Ratio,Calmar Ratio,Alpha [%],Beta,Max. Drawdown [%],Avg. Drawdown [%],Max. Drawdown Duration,Avg. Drawdown Duration,# Trades,Win Rate [%],Best Trade [%],Worst Trade [%],Avg. Trade [%],Max. Trade Duration,Avg. Trade Duration,Profit Factor,Expectancy [%],SQN,Kelly Criterion,_strategy,_equity_curve,_trades
0,Logistic Regression,0.9182305630026809,"[[296  25]
 [ 36 389]]",2022-03-09 00:00:00,2025-02-27 00:00:00,1086 days 00:00:00,58.84718498659517,11117.553306579588,12006.69341278076,11.17553306579588,26.292911341996906,3.6434804727458525,24.757588856689583,2.488744430975065,0.14716620805993277,0.22520438142699703,0.12476753704824245,-2.777663883634773,0.530682843293341,-29.20215112795782,-4.367744823243744,813 days 00:00:00,63 days 00:00:00,25,40.0,29.54301711531304,-9.982478132486495,0.4328269096518289,103 days 00:00:00,25 days 00:00:00,1.325892201038352,0.7347425221272559,0.3321304658635039,0.07299656099262791,MyStrategy,"                  Equity  DrawdownPct DrawdownDuration
Date                                                  
2022-03-09  10000.000000     0.000000              NaT
2022-03-10  10000.000000     0.000000              NaT
2022-03-11  10000.000000     0.000000              NaT
2022-03-14  10000.000000     0.000000              NaT
2022-03-15  10000.000000     0.000000              NaT
...                  ...          ...              ...
2025-02-21  11117.553307     0.074054              NaT
2025-02-24  11117.553307     0.074054              NaT
2025-02-25  11117.553307     0.074054              NaT
2025-02-26  11117.553307     0.074054              NaT
2025-02-27  11117.553307     0.074054          23 days

[746 rows x 3 columns]","    Size  EntryBar  ExitBar  EntryPrice   ExitPrice    SL    TP          PnL  ReturnPct  EntryTime   ExitTime Duration   Tag  Entry_get_signal  Exit_get_signal
0     72        10       23  138.702499  131.823502  None  None  -495.287842  -0.049595 2022-03-23 2022-04-11  19 days  None                 1                0
1     81        64       66  116.327499  106.786499  None  None  -772.821030  -0.082018 2022-06-09 2022-06-13   4 days  None                 1                0
2     77        81       88  113.302002  112.000504  None  None  -100.215378  -0.011487 2022-07-06 2022-07-15   9 days  None                 1                1
3     76        89       90  112.639999  110.849998  None  None  -136.040070  -0.015891 2022-07-18 2022-07-19   1 days  None                 0                1
4     75        91       94  113.169998  108.410004  None  None  -356.999588  -0.042061 2022-07-20 2022-07-25   5 days  None                 1                0
5     71       100      117  114.000000  114.239998  None  None    17.039848   0.002105 2022-08-02 2022-08-25  23 days  None                 1                1
6     71       118      119  114.720001  109.989998  None  None  -335.830238  -0.041231 2022-08-26 2022-08-29   3 days  None                 0                0
7     81       160      161   96.430000   94.519997  None  None  -154.710297  -0.019807 2022-10-26 2022-10-27   1 days  None                 0                0
8     79       176      192   96.970001   92.709999  None  None  -336.540169  -0.043931 2022-11-17 2022-12-12  25 days  None                 1                0
9     80       214      236   90.849998   94.489998  None  None   291.199951   0.040066 2023-01-13 2023-02-15  33 days  None                 1                0
10    80       250      253   94.120003   90.089996  None  None  -322.400513  -0.042818 2023-03-08 2023-03-13   5 days  None                 1                0
11    78       255      325   93.220001  120.760002  None  None  2148.120071   0.295430 2023-03-15 2023-06-26 103 days  None                 1                0
12    75       338      343  124.800003  120.620003  None  None  -313.500023  -0.033494 2023-07-14 2023-07-21   7 days  None                 1                1
13    75       344      364  121.660004  127.180000  None  None   413.999748   0.045372 2023-07-24 2023-08-21  28 days  None                 1                0
14    73       366      387  130.179993  130.759995  None  None    42.340134   0.004455 2023-08-23 2023-09-22  30 days  None                 1                0
15    70       398      411  136.940002  123.269997  None  None  -956.900406  -0.099825 2023-10-09 2023-10-26  17 days  None                 1                0
16    63       425      437  134.869995  129.880005  None  None  -314.369385  -0.036999 2023-11-15 2023-12-04  19 days  None                 1                0
17    59       449      478  138.970001  139.259995  None  None    17.109604   0.002087 2023-12-20 2024-02-02  44 days  None                 1                0
18    56       484      485  148.419998  144.919998  None  None  -196.000000  -0.023582 2024-02-12 2024-02-13   1 days  None                 0                0
19    54       509      536  148.160004  174.369995  None  None  1415.339539   0.176903 2024-03-19 2024-04-26  38 days  None                 1                1
20    56       537      592  169.059998  181.929993  None  None   720.719727   0.076127 2024-04-29 2024-07-18  80 days  None                 1                0
21    63       640      651  161.470001  160.869995  None  None   -37.800385  -0.003716 2024-09-25 2024-10-10  15 days  None                 1                1
22    63       652      657  162.130005  163.190002  None  None    66.779846   0.006538 2024-10-11 2024-10-18   7 days  None                 1                0
23    61       663      682  168.750000  165.850006  None  None  -176.899628  -0.017185 2024-10-28 2024-11-22  25 days  None                 1                0
24    58       692      732  173.960007  191.050003  None  None   991.219788   0.098241 2024-12-09 2025-02-07  60 days  None                 1                0"
1,Random Forest,0.6903485254691689,"[[238  83]
 [148 277]]",2022-03-09 00:00:00,2025-02-27 00:00:00,1086 days 00:00:00,52.27882037533512,9625.260322570799,10496.983901977539,-3.7473967742920102,26.292911341996906,-1.2819176285839284,23.032527762017565,-0.8823576545236245,-0.055656836358964935,-0.07905531134374906,-0.03343910468510869,-16.838016591034457,0.49787639133872474,-38.3358837102717,-8.412874209546125,1060 days 00:00:00,216 days 00:00:00,30,33.33333333333333,26.6003434052392,-9.446365918198218,-0.13278722560664535,116 days 00:00:00,18 days 00:00:00,1.0502671698777415,0.11364534086737024,-0.12228666539613059,-0.023830498381504472,MyStrategy,"                  Equity  DrawdownPct DrawdownDuration
Date                                                  
2022-03-09  10000.000000     0.000000              NaT
2022-03-10  10000.000000     0.000000              NaT
2022-03-11  10000.000000     0.000000              NaT
2022-03-14  10000.000000     0.000000              NaT
2022-03-15  10000.000000     0.000000              NaT
...                  ...          ...              ...
2025-02-21   9625.260323     0.083045              NaT
2025-02-24   9625.260323     0.083045              NaT
2025-02-25   9625.260323     0.083045              NaT
2025-02-26   9625.260323     0.083045              NaT
2025-02-27   9625.260323     0.083045        1060 days

[746 rows x 3 columns]","    Size  EntryBar  ExitBar  EntryPrice   ExitPrice    SL    TP          PnL  ReturnPct  EntryTime   ExitTime Duration   Tag  Entry_get_signal  Exit_get_signal
0     73         8       23  136.163498  131.823502  None  None  -316.819733  -0.031873 2022-03-21 2022-04-11  21 days  None                 1                0
1     84        59       66  114.000000  106.786499  None  None  -605.934082  -0.063276 2022-06-02 2022-06-13  11 days  None                 1                0
2     76        75       80  118.273003  107.100502  None  None  -849.110046  -0.094464 2022-06-27 2022-07-05   8 days  None                 1                1
3     72        81       90  113.302002  110.849998  None  None  -176.544250  -0.021641 2022-07-06 2022-07-19  13 days  None                 1                0
4     70        92       94  114.279999  108.410004  None  None  -410.899658  -0.051365 2022-07-21 2022-07-25   4 days  None                 1                0
5     67        97      115  112.370003  113.480003  None  None    74.370041   0.009878 2022-07-28 2022-08-23  26 days  None                 1                0
6     67       118      119  114.720001  109.989998  None  None  -316.910225  -0.041231 2022-08-26 2022-08-29   3 days  None                 0                0
7     73       155      156  100.010002  100.000000  None  None    -0.730156  -0.000100 2022-10-19 2022-10-20   1 days  None                 0                1
8     75       157      161   97.849998   94.519997  None  None  -249.750137  -0.034032 2022-10-21 2022-10-27   6 days  None                 1                0
9     75       173      191   95.089996   93.769997  None  None   -98.999977  -0.013882 2022-11-14 2022-12-09  25 days  None                 1                0
10    74       194      197   95.199997   90.260002  None  None  -365.559616  -0.051891 2022-12-14 2022-12-19   5 days  None                 1                0
11    73       207      208   90.349998   87.470001  None  None  -210.239799  -0.031876 2023-01-04 2023-01-05   1 days  None                 0                0
12    75       211      212   85.980003   89.180000  None  None   239.999771   0.037218 2023-01-10 2023-01-11   1 days  None                 0                1
13    73       213      236   91.480003   94.489998  None  None   219.729599   0.032903 2023-01-12 2023-02-15  34 days  None                 1                1
14    72       237      241   95.370003   91.919998  None  None  -248.400330  -0.036175 2023-02-16 2023-02-23   7 days  None                 1                0
15    72       247      326   92.480003  117.080002  None  None  1771.199890   0.266003 2023-03-03 2023-06-27 116 days  None                 1                0
16    70       330      335  119.239998  116.290001  None  None  -206.499786  -0.024740 2023-07-03 2023-07-11   8 days  None                 1                0
17    66       338      387  124.800003  130.759995  None  None   393.359436   0.047756 2023-07-14 2023-09-22  70 days  None                 1                0
18    64       394      395  133.940002  132.789993  None  None   -73.600586  -0.008586 2023-10-03 2023-10-04   1 days  None                 0                1
19    63       396      411  135.070007  123.269997  None  None  -743.400673  -0.087362 2023-10-05 2023-10-26  21 days  None                 1                0
20    59       423      438  131.779999  128.949997  None  None  -166.970108  -0.021475 2023-11-13 2023-12-05  22 days  None                 1                0
21    57       441      447  134.199997  132.630005  None  None   -89.489548  -0.011699 2023-12-08 2023-12-18  10 days  None                 1                1
22    55       448      477  136.839996  142.119995  None  None   290.399933   0.038585 2023-12-19 2024-02-01  44 days  None                 1                0
23    54       481      488  144.759995  142.990005  None  None   -95.579407  -0.012227 2024-02-07 2024-02-16   9 days  None                 1                0
24    54       507      536  142.500000  174.369995  None  None  1720.979736   0.223649 2024-03-15 2024-04-26  42 days  None                 1                0
25    54       562      563  173.279999  175.199997  None  None   103.679901   0.011080 2024-06-04 2024-06-05   1 days  None                 0                0
26    52       592      593  181.929993  178.880005  None  None  -158.599365  -0.016765 2024-07-18 2024-07-19   1 days  None                 0                0
27    56       682      687  165.850006  168.770004  None  None   163.519897   0.017606 2024-11-22 2024-12-02  10 days  None                 1                0
28    50       715      718  191.240005  196.529999  None  None   264.499664   0.027662 2025-01-14 2025-01-17   3 days  None                 1                0
29    52       731      734  189.500000  185.029999  None  None  -232.440063  -0.023588 2025-02-06 2025-02-11   5 days  None                 1                0"
2,XGBoost,0.903485254691689,"[[289  32]
 [ 40 385]]",2022-03-09 00:00:00,2025-02-27 00:00:00,1086 days 00:00:00,59.51742627345844,10192.137168884276,11086.777427673338,1.9213716888427552,26.292911341996906,0.644956870186908,23.059631244569378,0.4425906391322343,0.02796908863574293,0.040079024860185386,0.019410453585110038,-10.96978527540899,0.49029020775120763,-33.22729514583117,-5.492234521758977,982 days 00:00:00,98 days 00:00:00,27,33.33333333333333,21.71517676958734,-8.736218287771235,0.07399503733240831,122 days 00:00:00,23 days 00:00:00,1.1422981057453332,0.30023809525230893,0.06622737373962255,-0.00618492117020969,MyStrategy,"                  Equity  DrawdownPct DrawdownDuration
Date                                                  
2022-03-09  10000.000000     0.000000              NaT
2022-03-10  10000.000000     0.000000              NaT
2022-03-11  10000.000000     0.000000              NaT
2022-03-14  10000.000000     0.000000              NaT
2022-03-15  10000.000000     0.000000              NaT
...                  ...          ...              ...
2025-02-21  10192.137169     0.080694              NaT
2025-02-24  10192.137169     0.080694              NaT
2025-02-25  10192.137169     0.080694              NaT
2025-02-26  10192.137169     0.080694              NaT
2025-02-27  10192.137169     0.080694          23 days

[746 rows x 3 columns]","    Size  EntryBar  ExitBar  EntryPrice   ExitPrice    SL    TP          PnL  ReturnPct  EntryTime   ExitTime Duration   Tag  Entry_get_signal  Exit_get_signal
0     72        10       22  138.702499  135.583496  None  None  -224.568237  -0.022487 2022-03-23 2022-04-08  16 days  None                 1                0
1     82        75       77  118.273003  111.552002  None  None  -551.122055  -0.056826 2022-06-27 2022-06-29   2 days  None                 1                0
2     78        83       88  117.250000  112.000504  None  None  -409.460724  -0.044772 2022-07-08 2022-07-15   7 days  None                 1                0
3     77       100      115  114.000000  113.480003  None  None   -40.039742  -0.004561 2022-08-02 2022-08-23  21 days  None                 1                0
4     76       118      119  114.720001  109.989998  None  None  -359.480255  -0.041231 2022-08-26 2022-08-29   3 days  None                 0                0
5     85       175      177   97.900002   98.769997  None  None    73.949585   0.008887 2022-11-16 2022-11-18   2 days  None                 1                0
6     87       182      184   97.040001   94.820000  None  None  -193.140106  -0.022877 2022-11-28 2022-11-30   2 days  None                 1                1
7     82       185      190  101.019997   95.379997  None  None  -462.479950  -0.055831 2022-12-01 2022-12-08   7 days  None                 1                0
8     82       194      196   95.199997   90.760002  None  None  -364.079575  -0.046639 2022-12-14 2022-12-16   2 days  None                 1                0
9     81       213      214   91.480003   90.849998  None  None   -51.030396  -0.006887 2023-01-12 2023-01-13   1 days  None                 0                0
10    75       219      233   97.949997   95.449997  None  None  -187.500000  -0.025523 2023-01-23 2023-02-10  18 days  None                 1                0
11    76       238      239   94.849998   93.000000  None  None  -140.599884  -0.019504 2023-02-17 2023-02-21   4 days  None                 0                0
12    74       249      252   94.980003   92.169998  None  None  -207.940384  -0.029585 2023-03-07 2023-03-10   3 days  None                 1                0
13    71       256      327   96.199997  117.089996  None  None  1483.189957   0.217152 2023-03-16 2023-06-28 104 days  None                 1                1
14    70       328      330  119.239998  119.239998  None  None     0.000000   0.000000 2023-06-29 2023-07-03   4 days  None                 1                0
15    69       332      333  119.800003  120.099998  None  None    20.699684   0.002504 2023-07-06 2023-07-07   1 days  None                 0                0
16    67       338      387  124.800003  130.759995  None  None   399.319427   0.047756 2023-07-14 2023-09-22  70 days  None                 1                0
17    65       396      411  135.070007  123.269997  None  None  -767.000694  -0.087362 2023-10-05 2023-10-26  21 days  None                 1                0
18    58       427      438  136.000000  128.949997  None  None  -408.900177  -0.051838 2023-11-17 2023-12-05  18 days  None                 1                0
19    56       441      444  134.199997  133.380005  None  None   -45.919556  -0.006110 2023-12-08 2023-12-13   5 days  None                 1                0
20    55       448      477  136.839996  142.119995  None  None   290.399933   0.038585 2023-12-19 2024-02-01  44 days  None                 1                0
21    54       485      486  144.919998  146.080002  None  None    62.640198   0.008004 2024-02-13 2024-02-14   1 days  None                 0                0
22    53       509      593  148.160004  178.880005  None  None  1628.160065   0.207343 2024-03-19 2024-07-19 122 days  None                 1                1
23    52       594      597  180.589996  172.520004  None  None  -419.639587  -0.044687 2024-07-22 2024-07-25   3 days  None                 1                0
24    55       643      682  163.320007  165.850006  None  None   139.149933   0.015491 2024-09-30 2024-11-22  53 days  None                 1                0
25    54       685      686  169.000000  168.500000  None  None   -27.000000  -0.002959 2024-11-27 2024-11-29   2 days  None                 0                0
26    53       688      731  171.490005  189.500000  None  None   954.529709   0.105021 2024-12-03 2025-02-06  65 days  None                 1                0"
3,SVM,0.8967828418230563,"[[294  27]
 [ 50 375]]",2022-03-09 00:00:00,2025-02-27 00:00:00,1086 days 00:00:00,57.23860589812333,11924.285354614254,13177.444320678704,19.24285354614254,26.292911341996906,6.125310592752231,25.26041205896268,4.168326190215321,0.24248656666623544,0.3826046840785661,0.3017127022323926,5.507102930873961,0.5224126927826689,-20.301798855105023,-4.24569303215603,402 days 00:00:00,56 days 00:00:00,25,48.0,27.79531792315646,-9.982478132486495,0.718172371217074,108 days 00:00:00,24 days 00:00:00,1.5183722210974318,0.9767206928194279,0.539798132501269,0.13690605629640706,MyStrategy,"                  Equity  DrawdownPct DrawdownDuration
Date                                                  
2022-03-09  10000.000000     0.000000              NaT
2022-03-10  10000.000000     0.000000              NaT
2022-03-11  10000.000000     0.000000              NaT
2022-03-14  10000.000000     0.000000              NaT
2022-03-15  10000.000000     0.000000              NaT
...                  ...          ...              ...
2025-02-21  11924.285355     0.095099              NaT
2025-02-24  11924.285355     0.095099              NaT
2025-02-25  11924.285355     0.095099              NaT
2025-02-26  11924.285355     0.095099              NaT
2025-02-27  11924.285355     0.095099         107 days

[746 rows x 3 columns]","    Size  EntryBar  ExitBar  EntryPrice   ExitPrice    SL    TP          PnL  ReturnPct  EntryTime   ExitTime Duration   Tag  Entry_get_signal  Exit_get_signal
0     72        10       22  138.702499  135.583496  None  None  -224.568237  -0.022487 2022-03-23 2022-04-08  16 days  None                 1                0
1     84        64       66  116.327499  106.786499  None  None  -801.444031  -0.082018 2022-06-09 2022-06-13   4 days  None                 1                0
2     83        80       88  107.100502  112.000504  None  None   406.700127   0.045751 2022-07-05 2022-07-15  10 days  None                 1                1
3     83        89       94  112.639999  108.410004  None  None  -351.089645  -0.037553 2022-07-18 2022-07-25   7 days  None                 1                0
4     79       100      117  114.000000  114.239998  None  None    18.959831   0.002105 2022-08-02 2022-08-25  23 days  None                 1                1
5     78       118      119  114.720001  109.989998  None  None  -368.940262  -0.041231 2022-08-26 2022-08-29   3 days  None                 0                0
6     90       160      161   96.430000   94.519997  None  None  -171.900330  -0.019807 2022-10-26 2022-10-27   1 days  None                 0                0
7     87       176      190   96.970001   95.379997  None  None  -138.330345  -0.016397 2022-11-17 2022-12-08  21 days  None                 1                1
8     89       191      192   93.769997   92.709999  None  None   -94.339783  -0.011304 2022-12-09 2022-12-12   3 days  None                 0                0
9     91       214      236   90.849998   94.489998  None  None   331.239944   0.040066 2023-01-13 2023-02-15  33 days  None                 1                0
10    90       249      324   94.980003  121.379997  None  None  2375.999451   0.277953 2023-03-07 2023-06-23 108 days  None                 1                0
11    87       339      343  125.940002  120.620003  None  None  -462.839973  -0.042242 2023-07-17 2023-07-21   4 days  None                 1                1
12    86       344      364  121.660004  127.180000  None  None   474.719711   0.045372 2023-07-24 2023-08-21  28 days  None                 1                0
13    84       366      387  130.179993  130.759995  None  None    48.720154   0.004455 2023-08-23 2023-09-22  30 days  None                 1                0
14    80       398      411  136.940002  123.269997  None  None -1093.600464  -0.099825 2023-10-09 2023-10-26  17 days  None                 1                0
15    73       425      437  134.869995  129.880005  None  None  -364.269287  -0.036999 2023-11-15 2023-12-04  19 days  None                 1                0
16    68       449      478  138.970001  139.259995  None  None    19.719543   0.002087 2023-12-20 2024-02-02  44 days  None                 1                0
17    64       509      536  148.160004  174.369995  None  None  1677.439453   0.176903 2024-03-19 2024-04-26  38 days  None                 1                1
18    66       537      567  169.059998  176.220001  None  None   472.560242   0.042352 2024-04-29 2024-06-11  43 days  None                 1                0
19    66       569      592  176.110001  181.929993  None  None   384.119476   0.033047 2024-06-13 2024-07-18  35 days  None                 1                0
20    75       640      651  161.470001  160.869995  None  None   -45.000458  -0.003716 2024-09-25 2024-10-10  15 days  None                 1                0
21    73       653      654  163.639999  165.789993  None  None   156.949554   0.013139 2024-10-14 2024-10-15   1 days  None                 0                0
22    72       663      682  168.750000  165.850006  None  None  -208.799561  -0.017185 2024-10-28 2024-11-22  25 days  None                 1                0
23    64       694      715  185.309998  191.240005  None  None   379.520508   0.032000 2024-12-11 2025-01-14  34 days  None                 1                0
24    62       719      732  199.070007  191.050003  None  None  -497.240265  -0.040287 2025-01-21 2025-02-07  17 days  None                 1                0"
4,Naive Bayes,0.5697050938337802,"[[  0 321]
 [  0 425]]",2022-03-09 00:00:00,2025-02-27 00:00:00,1086 days 00:00:00,0.0,12590.851379394531,15393.971740722656,25.908513793945314,26.292911341996906,8.093299308057379,35.481529531555104,5.491436188693077,0.22809894091120544,0.35984487993874775,0.1965751517917469,-0.04289033944790788,0.98701143421656,-41.171527704739994,-5.586694508301552,654 days 00:00:00,43 days 00:00:00,0,,,,,,,,,,,MyStrategy,"                  Equity  DrawdownPct DrawdownDuration
Date                                                  
2022-03-09  10000.000000     0.000000              NaT
2022-03-10  10000.000000     0.000000              NaT
2022-03-11   9732.268280     0.026773              NaT
2022-03-14   9442.225113     0.055777              NaT
2022-03-15   9682.503235     0.031750              NaT
...                  ...          ...              ...
2025-02-21  13416.691650     0.128445              NaT
2025-02-24  13386.351379     0.130416              NaT
2025-02-25  13102.931244     0.148827              NaT
2025-02-26  12903.871063     0.161758              NaT
2025-02-27  12590.851379     0.182092          23 days

[746 rows x 3 columns]","Empty DataFrame
Columns: [Size, EntryBar, ExitBar, EntryPrice, ExitPrice, SL, TP, PnL, ReturnPct, EntryTime, ExitTime, Duration, Tag]
Index: []"
5,Gradient Boosting,0.8766756032171582,"[[241  80]
 [ 12 413]]",2022-03-09 00:00:00,2025-02-27 00:00:00,1086 days 00:00:00,70.77747989276139,10701.914840698244,11891.604629516605,7.019148406982439,26.292911341996906,2.3180227450048108,25.59413194924841,1.5865866337348766,0.09056852366008378,0.13259284943111088,0.06423998349543378,-8.446157902168078,0.5881929965073222,-36.08380044446271,-5.6781802068922635,823 days 00:00:00,77 days 00:00:00,35,40.0,21.71517676958734,-8.742488765684065,0.20296020397556624,132 days 00:00:00,21 days 00:00:00,1.201719480996671,0.40308633433506735,0.22659165988686267,0.02482034034711983,MyStrategy,"                  Equity  DrawdownPct DrawdownDuration
Date                                                  
2022-03-09  10000.000000     0.000000              NaT
2022-03-10  10000.000000     0.000000              NaT
2022-03-11  10000.000000     0.000000              NaT
2022-03-14  10000.000000     0.000000              NaT
2022-03-15  10000.000000     0.000000              NaT
...                  ...          ...              ...
2025-02-21  10701.914841     0.100045              NaT
2025-02-24  10701.914841     0.100045              NaT
2025-02-25  10701.914841     0.100045              NaT
2025-02-26  10701.914841     0.100045              NaT
2025-02-27  10701.914841     0.100045          23 days

[746 rows x 3 columns]","    Size  EntryBar  ExitBar  EntryPrice   ExitPrice    SL    TP          PnL  ReturnPct  EntryTime   ExitTime Duration   Tag  Entry_get_signal  Exit_get_signal
0     73         8       23  136.163498  131.823502  None  None  -316.819733  -0.031873 2022-03-21 2022-04-11  21 days  None                 1                0
1     86        65       66  112.445000  106.786499  None  None  -486.631058  -0.050322 2022-06-10 2022-06-13   3 days  None                 0                0
2     81        73       74  112.231499  112.995003  None  None    61.843826   0.006803 2022-06-23 2022-06-24   1 days  None                 0                1
3     78        75       79  118.273003  107.932999  None  None  -806.520309  -0.087425 2022-06-27 2022-07-01   4 days  None                 1                0
4     74        81       89  113.302002  112.639999  None  None   -48.988190  -0.005843 2022-07-06 2022-07-18  12 days  None                 1                0
5     73        92       94  114.279999  108.410004  None  None  -428.509644  -0.051365 2022-07-21 2022-07-25   4 days  None                 1                0
6     69        99      119  115.300003  109.989998  None  None  -366.390358  -0.046054 2022-08-01 2022-08-29  28 days  None                 1                0
7     78       160      161   96.430000   94.519997  None  None  -148.980286  -0.019807 2022-10-26 2022-10-27   1 days  None                 0                0
8     76       175      191   97.900002   93.769997  None  None  -313.880371  -0.042186 2022-11-16 2022-12-09  23 days  None                 1                0
9     75       194      196   95.199997   90.760002  None  None  -332.999611  -0.046639 2022-12-14 2022-12-16   2 days  None                 1                0
10    76       212      216   89.180000   92.139999  None  None   224.959930   0.033191 2023-01-11 2023-01-18   7 days  None                 1                1
11    77       217      218   90.720001   95.099998  None  None   337.259789   0.048280 2023-01-19 2023-01-20   1 days  None                 0                1
12    75       219      233   97.949997   95.449997  None  None  -187.500000  -0.025523 2023-01-23 2023-02-10  18 days  None                 1                0
13    75       237      240   95.370003   91.699997  None  None  -275.250435  -0.038482 2023-02-16 2023-02-22   6 days  None                 1                0
14    72       249      252   94.980003   92.169998  None  None  -202.320374  -0.029585 2023-03-07 2023-03-10   3 days  None                 1                0
15    69       256      327   96.199997  117.089996  None  None  1441.409958   0.217152 2023-03-16 2023-06-28 104 days  None                 1                1
16    68       328      331  119.239998  119.239998  None  None     0.000000   0.000000 2023-06-29 2023-07-05   6 days  None                 1                1
17    68       332      334  119.800003  118.300003  None  None  -102.000000  -0.012521 2023-07-06 2023-07-10   4 days  None                 1                0
18    64       338      387  124.800003  130.759995  None  None   381.439453   0.047756 2023-07-14 2023-09-22  70 days  None                 1                0
19    62       396      411  135.070007  123.269997  None  None  -731.600662  -0.087362 2023-10-05 2023-10-26  21 days  None                 1                0
20    58       423      438  131.779999  128.949997  None  None  -164.140106  -0.021475 2023-11-13 2023-12-05  22 days  None                 1                0
21    56       441      446  134.199997  131.619995  None  None  -144.480103  -0.019225 2023-12-08 2023-12-15   7 days  None                 1                0
22    54       448      477  136.839996  142.119995  None  None   285.119934   0.038585 2023-12-19 2024-02-01  44 days  None                 1                1
23    55       478      479  139.259995  142.820007  None  None   195.800705   0.025564 2024-02-02 2024-02-05   3 days  None                 0                0
24    54       485      486  144.919998  146.080002  None  None    62.640198   0.008004 2024-02-13 2024-02-14   1 days  None                 0                0
25    55       507      597  142.500000  172.520004  None  None  1651.100235   0.210667 2024-03-15 2024-07-25 132 days  None                 1                1
26    57       598      602  167.149994  170.250000  None  None   176.700348   0.018546 2024-07-26 2024-08-01   6 days  None                 1                1
27    58       603      606  166.440002  161.250000  None  None  -301.020142  -0.031182 2024-08-02 2024-08-07   5 days  None                 1                0
28    59       608      610  160.009995  163.410004  None  None   200.600540   0.021249 2024-08-09 2024-08-13   4 days  None                 1                1
29    59       611      612  162.399994  160.500000  None  None  -112.099640  -0.011699 2024-08-14 2024-08-15   1 days  None                 0                1
30    59       613      614  161.470001  165.279999  None  None   224.789856   0.023596 2024-08-16 2024-08-19   3 days  None                 0                1
31    58       615      624  166.899994  161.720001  None  None  -300.439575  -0.031037 2024-08-20 2024-09-03  14 days  None                 1                0
32    57       636      682  163.710007  165.850006  None  None   121.979965   0.013072 2024-09-19 2024-11-22  64 days  None                 1                1
33    57       683      733  166.089996  187.350006  None  None  1211.820557   0.128003 2024-11-25 2025-02-10  77 days  None                 1                1
34    58       734      735  185.029999  183.220001  None  None  -104.979858  -0.009782 2025-02-11 2025-02-12   1 days  None                 0                0"
6,K-Nearest Neighbors,0.789544235924933,"[[226  95]
 [ 62 363]]",2022-03-09 00:00:00,2025-02-27 00:00:00,1086 days 00:00:00,65.8176943699732,7261.02167510987,10496.983901977539,-27.389783248901306,26.292911341996906,-10.247860366910178,22.470789689269107,-7.157819805999099,-0.45605252457166773,-0.5748489017667257,-0.23655878104015676,-42.83939052174969,0.5875959140428538,-43.32056633809997,-9.40981073511178,1060 days 00:00:00,216 days 00:00:00,33,33.33333333333333,27.63242319138022,-14.058146558508112,-0.9806060210547196,108 days 00:00:00,21 days 00:00:00,0.756054543699877,-0.7063369884186611,-0.877604734759411,-0.18676885624111766,MyStrategy,"                  Equity  DrawdownPct DrawdownDuration
Date                                                  
2022-03-09  10000.000000     0.000000              NaT
2022-03-10  10000.000000     0.000000              NaT
2022-03-11  10000.000000     0.000000              NaT
2022-03-14  10000.000000     0.000000              NaT
2022-03-15  10000.000000     0.000000              NaT
...                  ...          ...              ...
2025-02-21   7261.021675     0.308275              NaT
2025-02-24   7261.021675     0.308275              NaT
2025-02-25   7261.021675     0.308275              NaT
2025-02-26   7261.021675     0.308275              NaT
2025-02-27   7261.021675     0.308275        1060 days

[746 rows x 3 columns]","    Size  EntryBar  ExitBar  EntryPrice   ExitPrice    SL    TP          PnL  ReturnPct  EntryTime   ExitTime Duration   Tag  Entry_get_signal  Exit_get_signal
0     73         8       23  136.163498  131.823502  None  None  -316.819733  -0.031873 2022-03-21 2022-04-11  21 days  None                 1                0
1     83        60       67  116.062500  106.535004  None  None  -790.782196  -0.082089 2022-06-03 2022-06-14  11 days  None                 1                0
2     80        72       74  110.556503  112.995003  None  None   195.079956   0.022057 2022-06-22 2022-06-24   2 days  None                 1                1
3     76        75       79  118.273003  107.932999  None  None  -785.840302  -0.087425 2022-06-27 2022-07-01   4 days  None                 1                1
4     77        80       81  107.100502  113.302002  None  None   477.515495   0.057904 2022-07-05 2022-07-06   1 days  None                 0                1
5     76        82       88  115.080002  112.000504  None  None  -234.041870  -0.026760 2022-07-07 2022-07-15   8 days  None                 1                0
6     74        92       93  114.279999  111.000000  None  None  -242.719910  -0.028701 2022-07-21 2022-07-22   1 days  None                 0                0
7     72        99      115  115.300003  113.480003  None  None  -131.039978  -0.015785 2022-08-01 2022-08-23  22 days  None                 1                0
8     81       144      166  100.440002   86.320000  None  None -1143.720222  -0.140581 2022-10-04 2022-11-03  30 days  None                 1                0
9     71       174      201   98.260002   87.110001  None  None  -791.650108  -0.113474 2022-11-15 2022-12-23  38 days  None                 1                0
10    69       207      245   90.349998   89.980003  None  None   -25.529663  -0.004095 2023-01-04 2023-03-01  56 days  None                 1                0
11    66       248      323   94.019997  120.000000  None  None  1714.680222   0.276324 2023-03-06 2023-06-22 108 days  None                 1                0
12    62       339      345  125.940002  121.360001  None  None  -283.960114  -0.036367 2023-07-17 2023-07-25   8 days  None                 1                0
13    58       347      364  131.669998  127.180000  None  None  -260.419876  -0.034100 2023-07-27 2023-08-21  25 days  None                 1                1
14    57       365      387  128.509995  130.759995  None  None   128.250000   0.017508 2023-08-22 2023-09-22  31 days  None                 1                0
15    54       398      411  136.940002  123.269997  None  None  -738.180313  -0.099825 2023-10-09 2023-10-26  17 days  None                 1                0
16    50       425      438  134.869995  128.949997  None  None  -295.999908  -0.043894 2023-11-15 2023-12-05  20 days  None                 1                0
17    46       450      479  139.490005  142.820007  None  None   153.180084   0.023873 2023-12-21 2024-02-05  46 days  None                 1                0
18    45       482      488  145.830002  142.990005  None  None  -127.799835  -0.019475 2024-02-08 2024-02-16   8 days  None                 1                0
19    45       507      549  142.500000  170.630005  None  None  1265.850220   0.197404 2024-03-15 2024-05-15  61 days  None                 1                1
20    44       550      568  173.289993  178.250000  None  None   218.240295   0.028623 2024-05-16 2024-06-12  27 days  None                 1                1
21    45       569      593  176.110001  178.880005  None  None   124.650192   0.015729 2024-06-13 2024-07-19  36 days  None                 1                0
22    49       636      637  163.710007  163.500000  None  None   -10.290329  -0.001283 2024-09-19 2024-09-20   1 days  None                 0                1
23    49       638      642  164.350006  162.809998  None  None   -75.460419  -0.009370 2024-09-23 2024-09-27   4 days  None                 1                0
24    48       645      646  166.419998  164.410004  None  None   -96.479736  -0.012078 2024-10-02 2024-10-03   1 days  None                 0                0
25    45       666      669  173.130005  169.429993  None  None  -166.500549  -0.021371 2024-10-31 2024-11-05   5 days  None                 1                0
26    43       671      679  177.410004  173.720001  None  None  -158.670105  -0.020799 2024-11-07 2024-11-19  12 days  None                 1                0
27    43       681      683  173.899994  166.089996  None  None  -335.829895  -0.044911 2024-11-21 2024-11-25   4 days  None                 1                0
28    39       694      709  185.309998  191.369995  None  None   236.339905   0.032702 2024-12-11 2025-01-03  23 days  None                 1                1
29    38       710      722  193.979996  198.100006  None  None   156.560394   0.021239 2025-01-06 2025-01-24  18 days  None                 1                1
30    39       723      726  192.410004  198.000000  None  None   218.009857   0.029053 2025-01-27 2025-01-30   3 days  None                 1                1
31    38       727      731  202.000000  189.500000  None  None  -475.000000  -0.061881 2025-01-31 2025-02-06   6 days  None                 1                1
32    38       732      733  191.050003  187.350006  None  None  -140.599884  -0.019367 2025-02-07 2025-02-10   3 days  None                 0                0"
7,Decision Tree,0.8780160857908847,"[[276  45]
 [ 46 379]]",2022-03-09 00:00:00,2025-02-27 00:00:00,1086 days 00:00:00,60.58981233243968,10229.907348632809,11257.527282714842,2.299073486328089,26.292911341996906,0.7707930173600275,22.831310996757743,0.5288398918597448,0.03376034856121434,0.04834045824074888,0.024361070343380618,-10.24226863972135,0.4769856773531776,-31.640359249217763,-5.537132485891487,982 days 00:00:00,98 days 00:00:00,28,32.142857142857146,21.888493435610634,-9.024956992517364,0.08800091159542056,125 days 00:00:00,22 days 00:00:00,1.1513107093338015,0.3051900883093777,0.08043369453862545,0.014834294303409656,MyStrategy,"                  Equity  DrawdownPct DrawdownDuration
Date                                                  
2022-03-09  10000.000000     0.000000              NaT
2022-03-10  10000.000000     0.000000              NaT
2022-03-11  10000.000000     0.000000              NaT
2022-03-14  10000.000000     0.000000              NaT
2022-03-15  10000.000000     0.000000              NaT
...                  ...          ...              ...
2025-02-21  10229.907349     0.091283              NaT
2025-02-24  10229.907349     0.091283              NaT
2025-02-25  10229.907349     0.091283              NaT
2025-02-26  10229.907349     0.091283              NaT
2025-02-27  10229.907349     0.091283          23 days

[746 rows x 3 columns]","    Size  EntryBar  ExitBar  EntryPrice   ExitPrice    SL    TP          PnL  ReturnPct  EntryTime   ExitTime Duration   Tag  Entry_get_signal  Exit_get_signal
0     72        10       23  138.702499  131.823502  None  None  -495.287842  -0.049595 2022-03-23 2022-04-11  19 days  None                 1                0
1     80        75       77  118.273003  111.552002  None  None  -537.680054  -0.056826 2022-06-27 2022-06-29   2 days  None                 1                0
2     76        83       88  117.250000  112.000504  None  None  -398.961731  -0.044772 2022-07-08 2022-07-15   7 days  None                 1                0
3     75       100      116  114.000000  113.500000  None  None   -37.500000  -0.004386 2022-08-02 2022-08-24  22 days  None                 1                0
4     87       175      177   97.900002   98.769997  None  None    75.689575   0.008887 2022-11-16 2022-11-18   2 days  None                 1                0
5     88       182      184   97.040001   94.820000  None  None  -195.360107  -0.022877 2022-11-28 2022-11-30   2 days  None                 1                1
6     83       185      190  101.019997   95.379997  None  None  -468.119949  -0.055831 2022-12-01 2022-12-08   7 days  None                 1                0
7     83       194      196   95.199997   90.760002  None  None  -368.519569  -0.046639 2022-12-14 2022-12-16   2 days  None                 1                0
8     82       213      214   91.480003   90.849998  None  None   -51.660400  -0.006887 2023-01-12 2023-01-13   1 days  None                 0                0
9     76       219      236   97.949997   94.489998  None  None  -262.959930  -0.035324 2023-01-23 2023-02-15  23 days  None                 1                0
10    76       249      252   94.980003   92.169998  None  None  -213.560394  -0.029585 2023-03-07 2023-03-10   3 days  None                 1                0
11    73       256      326   96.199997  117.080002  None  None  1524.240356   0.217048 2023-03-16 2023-06-27 103 days  None                 1                0
12    71       332      334  119.800003  118.300003  None  None  -106.500000  -0.012521 2023-07-06 2023-07-10   4 days  None                 1                0
13    67       338      343  124.800003  120.620003  None  None  -280.060020  -0.033494 2023-07-14 2023-07-21   7 days  None                 1                0
14    62       347      388  131.669998  129.830002  None  None  -114.079773  -0.013974 2023-07-27 2023-09-25  60 days  None                 1                0
15    62       390      391  128.570007  129.839996  None  None    78.739319   0.009878 2023-09-27 2023-09-28   1 days  None                 0                0
16    60       396      412  135.070007  122.879997  None  None  -731.400604  -0.090250 2023-10-05 2023-10-27  22 days  None                 1                0
17    54       427      436  136.000000  131.860001  None  None  -223.559967  -0.030441 2023-11-17 2023-12-01  14 days  None                 1                0
18    53       441      445  134.199997  133.380005  None  None   -43.459579  -0.006110 2023-12-08 2023-12-14   6 days  None                 1                0
19    52       448      460  136.839996  136.289993  None  None   -28.600159  -0.004019 2023-12-19 2024-01-08  20 days  None                 1                1
20    51       461      477  138.500000  142.119995  None  None   184.619751   0.026137 2024-01-09 2024-02-01  23 days  None                 1                1
21    52       478      487  139.259995  143.139999  None  None   201.760254   0.027862 2024-02-02 2024-02-15  13 days  None                 1                0
22    53       490      491  141.449997  144.929993  None  None   184.439774   0.024602 2024-02-21 2024-02-22   1 days  None                 0                0
23    51       509      594  148.160004  180.589996  None  None  1653.929626   0.218885 2024-03-19 2024-07-22 125 days  None                 1                0
24    53       596      597  173.600006  172.520004  None  None   -57.240097  -0.006221 2024-07-24 2024-07-25   1 days  None                 0                0
25    56       643      651  163.320007  160.869995  None  None  -137.200684  -0.015001 2024-09-30 2024-10-10  10 days  None                 1                1
26    56       652      683  162.130005  166.089996  None  None   221.759521   0.024425 2024-10-11 2024-11-25  45 days  None                 1                0
27    54       688      733  171.490005  187.350006  None  None   856.440033   0.092484 2024-12-03 2025-02-10  69 days  None                 1                0"
8,AdaBoost,0.8914209115281502,"[[275  46]
 [ 35 390]]",2022-03-09 00:00:00,2025-02-27 00:00:00,1086 days 00:00:00,61.52815013404825,9146.087623596191,10307.367797851562,-8.539123764038086,26.292911341996906,-2.9701764729325175,23.158084086871185,-2.049898660141669,-0.12825657173498106,-0.1732061003112044,-0.08305964790173286,-22.51133629964739,0.5314060643140682,-35.7595601229433,-9.657425129207118,1060 days 00:00:00,268 days 00:00:00,23,34.78260869565217,22.792918587317935,-8.14383358459423,-0.3822028121132304,121 days 00:00:00,28 days 00:00:00,0.9611341259583094,-0.10813710361578206,-0.3089029932535819,-0.06694412493299318,MyStrategy,"                  Equity  DrawdownPct DrawdownDuration
Date                                                  
2022-03-09  10000.000000     0.000000              NaT
2022-03-10  10000.000000     0.000000              NaT
2022-03-11  10000.000000     0.000000              NaT
2022-03-14  10000.000000     0.000000              NaT
2022-03-15  10000.000000     0.000000              NaT
...                  ...          ...              ...
2025-02-21   9146.087624     0.112665              NaT
2025-02-24   9146.087624     0.112665              NaT
2025-02-25   9146.087624     0.112665              NaT
2025-02-26   9146.087624     0.112665              NaT
2025-02-27   9146.087624     0.112665        1060 days

[746 rows x 3 columns]","    Size  EntryBar  ExitBar  EntryPrice   ExitPrice    SL    TP          PnL  ReturnPct  EntryTime   ExitTime Duration   Tag  Entry_get_signal  Exit_get_signal
0     72        10       24  138.702499  131.600006  None  None  -511.379517  -0.051207 2022-03-23 2022-04-12  20 days  None                 1                0
1     82        62       65  115.480499  112.445000  None  None  -248.910965  -0.026286 2022-06-07 2022-06-10   3 days  None                 1                0
2     78        75       77  118.273003  111.552002  None  None  -524.238052  -0.056826 2022-06-27 2022-06-29   2 days  None                 1                0
3     74        83       88  117.250000  112.000504  None  None  -388.462738  -0.044772 2022-07-08 2022-07-15   7 days  None                 1                0
4     71       101      119  115.709999  109.989998  None  None  -406.120087  -0.049434 2022-08-03 2022-08-29  26 days  None                 1                0
5     80       157      158   97.849998  101.800003  None  None   316.000366   0.040368 2022-10-21 2022-10-24   3 days  None                 0                1
6     80       159      161  102.900002   94.519997  None  None  -670.400391  -0.081438 2022-10-25 2022-10-27   2 days  None                 1                0
7     77       182      184   97.040001   94.820000  None  None  -170.940094  -0.022877 2022-11-28 2022-11-30   2 days  None                 1                1
8     73       185      191  101.019997   93.769997  None  None  -529.250000  -0.071768 2022-12-01 2022-12-09   8 days  None                 1                0
9     72       218      240   95.099998   91.699997  None  None  -244.800110  -0.035752 2023-01-20 2023-02-22  33 days  None                 1                0
10    66       257      331  100.260002  119.239998  None  None  1252.679718   0.189308 2023-03-17 2023-07-05 110 days  None                 1                1
11    65       332      333  119.800003  120.099998  None  None    19.499702   0.002504 2023-07-06 2023-07-07   1 days  None                 0                0
12    63       338      390  124.800003  128.570007  None  None   237.510269   0.030208 2023-07-14 2023-09-27  75 days  None                 1                0
13    60       394      395  133.940002  132.789993  None  None   -69.000549  -0.008586 2023-10-03 2023-10-04   1 days  None                 0                0
14    60       397      411  134.009995  123.269997  None  None  -644.399872  -0.080143 2023-10-06 2023-10-26  20 days  None                 1                0
15    54       427      438  136.000000  128.949997  None  None  -380.700165  -0.051838 2023-11-17 2023-12-05  18 days  None                 1                0
16    52       441      443  134.199997  131.809998  None  None  -124.279968  -0.017809 2023-12-08 2023-12-12   4 days  None                 1                0
17    49       449      489  138.970001  139.660004  None  None    33.810120   0.004965 2023-12-20 2024-02-20  62 days  None                 1                0
18    46       509      592  148.160004  181.929993  None  None  1553.419495   0.227929 2024-03-19 2024-07-18 121 days  None                 1                0
19    48       596      597  173.600006  172.520004  None  None   -51.840088  -0.006221 2024-07-24 2024-07-25   1 days  None                 0                0
20    51       642      682  162.809998  165.850006  None  None   155.040436   0.018672 2024-09-27 2024-11-22  56 days  None                 1                0
21    49       690      716  175.360001  193.089996  None  None   868.769791   0.101106 2024-12-05 2025-01-15  41 days  None                 1                1
22    48       717      733  194.139999  187.350006  None  None  -325.919678  -0.034975 2025-01-16 2025-02-10  25 days  None                 1                0"
9,SGD Classifier,0.9048257372654156,"[[309  12]
 [ 59 366]]",2022-03-09 00:00:00,2025-02-27 00:00:00,1086 days 00:00:00,53.2171581769437,11025.811386108402,12004.851669311527,10.258113861084022,26.292911341996906,3.353777653256662,22.864765652909483,2.2918714461064082,0.14667885532559144,0.22046953423239032,0.13810981256341953,-1.8419331819659845,0.46020187287981884,-24.283413256510066,-6.06547197032836,525 days 00:00:00,98 days 00:00:00,19,31.57894736842105,25.530151732959116,-9.982478132486495,0.5216996301609322,121 days 00:00:00,29 days 00:00:00,1.3912826502855795,0.8506440161931006,0.29480004316680036,0.0626879303443661,MyStrategy,"                  Equity  DrawdownPct DrawdownDuration
Date                                                  
2022-03-09  10000.000000     0.000000              NaT
2022-03-10  10000.000000     0.000000              NaT
2022-03-11  10000.000000     0.000000              NaT
2022-03-14  10000.000000     0.000000              NaT
2022-03-15  10000.000000     0.000000              NaT
...                  ...          ...              ...
2025-02-21  11025.811386     0.081554              NaT
2025-02-24  11025.811386     0.081554              NaT
2025-02-25  11025.811386     0.081554              NaT
2025-02-26  11025.811386     0.081554              NaT
2025-02-27  11025.811386     0.081554          23 days

[746 rows x 3 columns]","    Size  EntryBar  ExitBar  EntryPrice   ExitPrice    SL    TP          PnL  ReturnPct  EntryTime   ExitTime Duration   Tag  Entry_get_signal  Exit_get_signal
0     72        10       22  138.702499  135.583496  None  None  -224.568237  -0.022487 2022-03-23 2022-04-08  16 days  None                 1                0
1     84        64       65  116.327499  112.445000  None  None  -326.129974  -0.033376 2022-06-09 2022-06-10   1 days  None                 0                0
2     82        82       88  115.080002  112.000504  None  None  -252.518860  -0.026760 2022-07-07 2022-07-15   8 days  None                 1                0
3     79       101      117  115.709999  114.239998  None  None  -116.130096  -0.012704 2022-08-03 2022-08-25  22 days  None                 1                0
4     91       177      191   98.769997   93.769997  None  None  -455.000000  -0.050623 2022-11-18 2022-12-09  21 days  None                 1                0
5     93       216      236   92.139999   94.489998  None  None   218.549858   0.025505 2023-01-18 2023-02-15  28 days  None                 1                0
6     91       256      325   96.199997  120.760002  None  None  2234.960472   0.255302 2023-03-16 2023-06-26 102 days  None                 1                0
7     87       339      343  125.940002  120.620003  None  None  -462.839973  -0.042242 2023-07-17 2023-07-21   4 days  None                 1                0
8     80       347      364  131.669998  127.180000  None  None  -359.199829  -0.034100 2023-07-27 2023-08-21  25 days  None                 1                0
9     78       366      387  130.179993  130.759995  None  None    45.240143   0.004455 2023-08-23 2023-09-22  30 days  None                 1                0
10    75       398      411  136.940002  123.269997  None  None -1025.250435  -0.099825 2023-10-09 2023-10-26  17 days  None                 1                0
11    68       426      436  135.190002  131.860001  None  None  -226.440125  -0.024632 2023-11-16 2023-12-01  15 days  None                 1                0
12    65       449      460  138.970001  136.289993  None  None  -174.200516  -0.019285 2023-12-20 2024-01-08  19 days  None                 1                1
13    64       461      478  138.500000  139.259995  None  None    48.639648   0.005487 2024-01-09 2024-02-02  24 days  None                 1                0
14    60       509      592  148.160004  181.929993  None  None  2026.199341   0.227929 2024-03-19 2024-07-18 121 days  None                 1                0
15    67       642      651  162.809998  160.869995  None  None  -129.980164  -0.011916 2024-09-27 2024-10-10  13 days  None                 1                0
16    64       664      682  167.729996  165.850006  None  None  -120.319336  -0.011208 2024-10-29 2024-11-22  24 days  None                 1                0
17    58       693      716  182.850006  193.089996  None  None   593.919434   0.056002 2024-12-10 2025-01-15  36 days  None                 1                1
18    58       717      731  194.139999  189.500000  None  None  -269.119965  -0.023900 2025-01-16 2025-02-06  21 days  None                 1                0"
10,MLP,0.871313672922252,"[[247  74]
 [ 22 403]]",2022-03-09 00:00:00,2025-02-27 00:00:00,1086 days 00:00:00,67.15817694369973,12414.856071472173,14283.24477386475,24.148560714721732,26.292911341996906,7.580523596032029,28.734266733522944,5.1474207496746915,0.26381475700537654,0.4166585639078652,0.33450522947955025,7.236743727257387,0.6432082308227157,-22.661898613143983,-4.308113869384411,402 days 00:00:00,51 days 00:00:00,24,45.83333333333333,27.79531792315646,-10.996392315475523,0.9172726783931662,108 days 00:00:00,29 days 00:00:00,1.5487747122925415,1.263367361247097,0.5571522075004182,0.1314388068471462,MyStrategy,"                  Equity  DrawdownPct DrawdownDuration
Date                                                  
2022-03-09  10000.000000      0.00000              NaT
2022-03-10  10000.000000      0.00000              NaT
2022-03-11  10000.000000      0.00000              NaT
2022-03-14  10000.000000      0.00000              NaT
2022-03-15  10000.000000      0.00000              NaT
...                  ...          ...              ...
2025-02-21  12414.856071      0.13081              NaT
2025-02-24  12414.856071      0.13081              NaT
2025-02-25  12414.856071      0.13081              NaT
2025-02-26  12414.856071      0.13081              NaT
2025-02-27  12414.856071      0.13081         232 days

[746 rows x 3 columns]","    Size  EntryBar  ExitBar  EntryPrice   ExitPrice    SL    TP          PnL  ReturnPct  EntryTime   ExitTime Duration   Tag  Entry_get_signal  Exit_get_signal
0     73         8       23  136.163498  131.823502  None  None  -316.819733  -0.031873 2022-03-21 2022-04-11  21 days  None                 1                0
1     84        58       71  114.855003  108.929497  None  None  -497.742554  -0.051591 2022-06-01 2022-06-21  20 days  None                 1                1
2     83        72       95  110.556503  106.599998  None  None  -328.389900  -0.035787 2022-06-22 2022-07-26  34 days  None                 1                0
3     78        98      119  113.080002  109.989998  None  None  -241.020309  -0.027326 2022-07-29 2022-08-29  31 days  None                 1                0
4     88       157      163   97.849998   95.419998  None  None  -213.840027  -0.024834 2022-10-21 2022-10-31  10 days  None                 1                0
5     88       173      193   95.089996   97.760002  None  None   234.960510   0.028079 2022-11-14 2022-12-13  29 days  None                 1                1
6     90       194      196   95.199997   90.760002  None  None  -399.599533  -0.046639 2022-12-14 2022-12-16   2 days  None                 1                0
7     94       208      209   87.470001   86.790001  None  None   -63.920029  -0.007774 2023-01-05 2023-01-06   1 days  None                 0                1
8     92       210      233   88.360001   95.449997  None  None   652.279663   0.080240 2023-01-09 2023-02-10  32 days  None                 1                0
9     92       249      324   94.980003  121.379997  None  None  2428.799438   0.277953 2023-03-07 2023-06-23 108 days  None                 1                1
10    93       325      326  120.760002  117.080002  None  None  -342.240028  -0.030474 2023-06-26 2023-06-27   1 days  None                 0                0
11    86       339      344  125.940002  121.660004  None  None  -368.079895  -0.033984 2023-07-17 2023-07-24   7 days  None                 1                1
12    86       345      387  121.360001  130.759995  None  None   808.399475   0.077455 2023-07-25 2023-09-22  59 days  None                 1                0
13    81       399      411  138.500000  123.269997  None  None -1233.630272  -0.109964 2023-10-10 2023-10-26  16 days  None                 1                0
14    77       422      438  130.100006  128.949997  None  None   -88.550705  -0.008839 2023-11-10 2023-12-05  25 days  None                 1                0
15    72       449      477  138.970001  142.119995  None  None   226.799561   0.022667 2023-12-20 2024-02-01  43 days  None                 1                0
16    72       506      536  141.190002  174.369995  None  None  2388.959473   0.235002 2024-03-14 2024-04-26  43 days  None                 1                1
17    74       537      592  169.059998  181.929993  None  None   952.379639   0.076127 2024-04-29 2024-07-18  80 days  None                 1                0
18    81       615      625  166.899994  156.660004  None  None  -829.439209  -0.061354 2024-08-20 2024-09-04  15 days  None                 1                0
19    79       635      651  159.860001  160.869995  None  None    79.789566   0.006318 2024-09-18 2024-10-10  22 days  None                 1                1
20    79       652      658  162.130005  162.949997  None  None    64.779373   0.005058 2024-10-11 2024-10-21  10 days  None                 1                0
21    78       660      663  164.759995  168.750000  None  None   311.220428   0.024217 2024-10-23 2024-10-28   5 days  None                 1                0
22    73       665      682  180.679993  165.850006  None  None -1082.589020  -0.082079 2024-10-30 2024-11-22  23 days  None                 1                0
23    65       694      731  185.309998  189.500000  None  None   272.350159   0.022611 2024-12-11 2025-02-06  57 days  None                 1                0"
11,LGBMClassifier,0.8941018766756033,"[[269  52]
 [ 27 398]]",2022-03-09 00:00:00,2025-02-27 00:00:00,1086 days 00:00:00,64.20911528150134,9699.34441375733,10713.124198913572,-3.0065558624267035,26.292911341996906,-1.0259014394783383,24.34040411011768,-0.7058536598616216,-0.04214808574406115,-0.06030439461779806,-0.030134036511549663,-17.861624506766,0.5649837878779032,-34.044607302613926,-7.39829995955979,948 days 00:00:00,134 days 00:00:00,29,31.03448275862069,25.595366120905517,-7.528544039280504,-0.09388169747226449,122 days 00:00:00,23 days 00:00:00,1.0680677355473585,0.17560184390215117,-0.09182672073157026,-0.015098639731259855,MyStrategy,"                  Equity  DrawdownPct DrawdownDuration
Date                                                  
2022-03-09  10000.000000      0.00000              NaT
2022-03-10  10000.000000      0.00000              NaT
2022-03-11  10000.000000      0.00000              NaT
2022-03-14  10000.000000      0.00000              NaT
2022-03-15  10000.000000      0.00000              NaT
...                  ...          ...              ...
2025-02-21   9699.344414      0.09463              NaT
2025-02-24   9699.344414      0.09463              NaT
2025-02-25   9699.344414      0.09463              NaT
2025-02-26   9699.344414      0.09463              NaT
2025-02-27   9699.344414      0.09463          73 days

[746 rows x 3 columns]","    Size  EntryBar  ExitBar  EntryPrice   ExitPrice    SL    TP          PnL  ReturnPct  EntryTime   ExitTime Duration   Tag  Entry_get_signal  Exit_get_signal
0     72        10       23  138.702499  131.823502  None  None  -495.287842  -0.049595 2022-03-23 2022-04-11  19 days  None                 1                0
1     83        59       61  114.000000  116.704498  None  None   224.473358   0.023724 2022-06-02 2022-06-06   4 days  None                 1                1
2     84        62       66  115.480499  106.786499  None  None  -730.296021  -0.075285 2022-06-07 2022-06-13   6 days  None                 1                0
3     80        73       79  112.231499  107.932999  None  None  -343.880005  -0.038300 2022-06-23 2022-07-01   8 days  None                 1                0
4     76        81       88  113.302002  112.000504  None  None   -98.913879  -0.011487 2022-07-06 2022-07-15   9 days  None                 1                1
5     75        89       90  112.639999  110.849998  None  None  -134.250069  -0.015891 2022-07-18 2022-07-19   1 days  None                 0                0
6     73        92       94  114.279999  108.410004  None  None  -428.509644  -0.051365 2022-07-21 2022-07-25   4 days  None                 1                0
7     69        99      116  115.300003  113.500000  None  None  -124.200211  -0.015611 2022-08-01 2022-08-24  23 days  None                 1                0
8     68       118      119  114.720001  109.989998  None  None  -321.640228  -0.041231 2022-08-26 2022-08-29   3 days  None                 0                0
9     79       173      192   95.089996   92.709999  None  None  -188.019783  -0.025029 2022-11-14 2022-12-12  28 days  None                 1                0
10    77       194      196   95.199997   90.760002  None  None  -341.879601  -0.046639 2022-12-14 2022-12-16   2 days  None                 1                0
11    78       212      234   89.180000   94.739998  None  None   433.679810   0.062346 2023-01-11 2023-02-13  33 days  None                 1                0
12    78       237      240   95.370003   91.699997  None  None  -286.260452  -0.038482 2023-02-16 2023-02-22   6 days  None                 1                0
13    75       249      253   94.980003   90.089996  None  None  -366.750526  -0.051485 2023-03-07 2023-03-13   6 days  None                 1                0
14    72       255      326   93.220001  117.080002  None  None  1717.920044   0.255954 2023-03-15 2023-06-27 104 days  None                 1                0
15    71       328      335  119.239998  116.290001  None  None  -209.449783  -0.024740 2023-06-29 2023-07-11  12 days  None                 1                0
16    66       338      387  124.800003  130.759995  None  None   393.359436   0.047756 2023-07-14 2023-09-22  70 days  None                 1                0
17    65       395      411  132.789993  123.269997  None  None  -618.799782  -0.071692 2023-10-04 2023-10-26  22 days  None                 1                0
18    59       425      438  134.869995  128.949997  None  None  -349.279892  -0.043894 2023-11-15 2023-12-05  20 days  None                 1                0
19    57       441      477  134.199997  142.119995  None  None   451.439896   0.059016 2023-12-08 2024-02-01  55 days  None                 1                0
20    55       484      485  148.419998  144.919998  None  None  -192.500000  -0.023582 2024-02-12 2024-02-13   1 days  None                 0                0
21    53       508      592  148.610001  181.929993  None  None  1765.959579   0.224211 2024-03-18 2024-07-18 122 days  None                 1                0
22    58       644      651  167.690002  160.869995  None  None  -395.560425  -0.040670 2024-10-01 2024-10-10   9 days  None                 1                0
23    57       653      682  163.639999  165.850006  None  None   125.970383   0.013505 2024-10-14 2024-11-22  39 days  None                 1                0
24    54       692      709  173.960007  191.369995  None  None   940.139374   0.100080 2024-12-09 2025-01-03  25 days  None                 1                1
25    53       710      715  193.979996  191.240005  None  None  -145.219482  -0.014125 2025-01-06 2025-01-14   8 days  None                 1                0
26    52       717      724  194.139999  192.750000  None  None   -72.279968  -0.007160 2025-01-16 2025-01-28  12 days  None                 1                1
27    52       725      726  195.559998  198.000000  None  None   126.880127   0.012477 2025-01-29 2025-01-30   1 days  None                 0                1
28    51       727      731  202.000000  189.500000  None  None  -637.500000  -0.061881 2025-01-31 2025-02-06   6 days  None                 1                0"
0,Actual,,,2022-03-09 00:00:00,2025-02-27 00:00:00,1086 days 00:00:00,58.71313672922251,15203.057838439943,16414.127983093265,52.030578384399426,26.292911341996906,15.20108430147593,25.9383338814718,10.208735895637243,0.5860470595736424,1.0348322127035037,0.7654956703801921,39.13433604664303,0.4904836200910778,-19.857831846293973,-3.7700938215737305,402 days 00:00:00,37 days 00:00:00,13,53.84615384615385,28.854727338985686,-7.368789730628267,3.2844067888232242,126 days 00:00:00,48 days 00:00:00,2.8328359503679055,3.779818166129122,1.32260756602535,0.3579190602725816,MyStrategy,"                  Equity  DrawdownPct DrawdownDuration
Date                                                  
2022-03-09  10000.000000     0.000000              NaT
2022-03-10  10000.000000     0.000000              NaT
2022-03-11  10000.000000     0.000000              NaT
2022-03-14  10000.000000     0.000000              NaT
2022-03-15  10000.000000     0.000000              NaT
...                  ...          ...              ...
2025-02-21  15203.057838     0.073782              NaT
2025-02-24  15203.057838     0.073782              NaT
2025-02-25  15203.057838     0.073782              NaT
2025-02-26  15203.057838     0.073782              NaT
2025-02-27  15203.057838     0.073782          23 days

[746 rows x 3 columns]","    Size  EntryBar  ExitBar  EntryPrice   ExitPrice    SL    TP          PnL  ReturnPct  EntryTime   ExitTime Duration   Tag  Entry_get_signal  Exit_get_signal
0     71        11       23  139.199997  131.823502  None  None  -523.731171  -0.052992 2022-03-24 2022-04-11  18 days  None                 1                0
1     82        82       95  115.080002  106.599998  None  None  -695.360275  -0.073688 2022-07-07 2022-07-26  19 days  None                 1                0
2     75       101      118  115.709999  114.720001  None  None   -74.249840  -0.008556 2022-08-03 2022-08-26  23 days  None                 1                0
3     88       174      195   98.260002   93.129997  None  None  -451.440430  -0.052208 2022-11-15 2022-12-15  30 days  None                 1                0
4     86       218      232   95.099998  100.000000  None  None   421.400131   0.051525 2023-01-20 2023-02-09  20 days  None                 1                0
5     90       256      334   96.199997  118.300003  None  None  1989.000549   0.229730 2023-03-16 2023-07-10 116 days  None                 1                0
6     85       338      387  124.800003  130.759995  None  None   506.599274   0.047756 2023-07-14 2023-09-22  70 days  None                 1                0
7     83       397      410  134.009995  128.160004  None  None  -485.549240  -0.043653 2023-10-06 2023-10-25  19 days  None                 1                0
8     79       425      437  134.869995  129.880005  None  None  -394.209229  -0.036999 2023-11-15 2023-12-04  19 days  None                 1                0
9     74       449      476  138.970001  143.619995  None  None   344.099548   0.033460 2023-12-20 2024-01-31  42 days  None                 1                0
10    75       506      592  141.190002  181.929993  None  None  3055.499268   0.288547 2024-03-14 2024-07-18 126 days  None                 1                0
11    83       637      681  163.500000  173.899994  None  None   863.199493   0.063609 2024-09-20 2024-11-21  62 days  None                 1                0
12    79       693      732  182.850006  191.050003  None  None   647.799759   0.044845 2024-12-10 2025-02-07  59 days  None                 1                0"
