,Start,End,Duration,Exposure Time [%],Equity Final [$],Equity Peak [$],Commissions [$],Return [%],Buy & Hold Return [%],Return (Ann.) [%],Volatility (Ann.) [%],CAGR [%],Sharpe Ratio,Sortino Ratio,Calmar Ratio,Alpha [%],Beta,Max. Drawdown [%],Avg. Drawdown [%],Max. Drawdown Duration,Avg. Drawdown Duration,# Trades,Win Rate [%],Best Trade [%],Worst Trade [%],Avg. Trade [%],Max. Trade Duration,Avg. Trade Duration,Profit Factor,Expectancy [%],SQN,Kelly Criterion,_strategy,_equity_curve,_trades
0,2022-03-04,2025-02-27,1091 days,55.00667556742324,9894.18099779358,12249.298393518067,87.26928003845217,-1.0581900220641909,45.43114893343242,-0.35728388023664737,17.30052176025573,-0.24542229077201272,-0.020651624568770587,-0.02839560597148451,-0.01659357636594084,-18.72362812218941,0.3888397831630748,-21.53145725535037,-6.730199478572602,344 days,89 days,22,27.27272727272727,20.464317707380864,-7.227740310479891,0.06184438266965131,145 days,26 days,1.1119374858135598,0.25011811217717633,0.050265090130192584,0.007720806316027284,MyStrategy,"                  Equity  DrawdownPct DrawdownDuration
Date                                                  
2022-03-04  10000.000000     0.000000              NaT
2022-03-07  10000.000000     0.000000              NaT
2022-03-08  10000.000000     0.000000              NaT
2022-03-09  10000.000000     0.000000              NaT
2022-03-10  10000.000000     0.000000              NaT
...                  ...          ...              ...
2025-02-21  10232.430998     0.164652              NaT
2025-02-24  10295.981123     0.159464              NaT
2025-02-25  10293.520597     0.159664              NaT
2025-02-26  10019.640898     0.182023              NaT
2025-02-27   9894.180998     0.192265         226 days

[749 rows x 3 columns]","    Size  EntryBar  ExitBar  EntryPrice   ExitPrice    SL    TP          PnL  \
0     58        14       31  171.059998  165.020004  None  None  -350.319611   
1     66        87      124  145.669998  160.309998  None  None   966.239960   
2     70       163      165  150.960007  148.199997  None  None  -193.200684   
3     67       166      170  153.160004  142.089996  None  None  -741.690491   
4     63       177      186  152.220001  144.289993  None  None  -499.590500   
5     66       222      249  138.119995  144.380005  None  None   413.160645   
6     62       252      256  153.699997  147.809998  None  None  -365.179962   
7     60       258      357  151.190002  182.130005  None  None  1856.400146   
8     58       376      380  189.490005  178.350006  None  None  -646.119965   
9     57       405      407  181.419998  176.649994  None  None  -271.890244   
10    58       420      460  174.240005  184.220001  None  None   578.839752   
11    54       473      479  195.020004  187.039993  None  None  -430.920593   
12    54       485      488  189.389999  185.770004  None  None  -195.479736   
13    57       530      532  175.360001  169.610001  None  None  -327.750000   
14    56       541      542  173.330002  169.580002  None  None  -210.000000   
15    52       545      607  182.350006  199.089996  None  None   870.479492   
16    46       616      632  223.919998  218.919998  None  None  -230.000000   
17    45       634      637  222.500000  215.750000  None  None  -303.750000   
18    43       642      650  228.649994  227.899994  None  None   -32.250000   
19    43       651      652  224.500000  224.300003  None  None    -8.599869   
20    43       653      670  225.229996  220.970001  None  None  -183.179764   
21    41       687      713  233.330002  244.309998  None  None   450.179825   

    ReturnPct  EntryTime   ExitTime Duration   Tag  Entry_get_signal  \
0   -0.035309 2022-03-24 2022-04-19  26 days  None                 1   
1    0.100501 2022-07-11 2022-08-31  51 days  None                 1   
2   -0.018283 2022-10-26 2022-10-28   2 days  None                 1   
3   -0.072277 2022-10-31 2022-11-04   4 days  None                 1   
4   -0.052096 2022-11-15 2022-11-29  14 days  None                 1   
5    0.045323 2023-01-23 2023-03-02  38 days  None                 1   
6   -0.038321 2023-03-07 2023-03-13   6 days  None                 1   
7    0.204643 2023-03-15 2023-08-07 145 days  None                 1   
8   -0.058789 2023-09-01 2023-09-08   7 days  None                 1   
9   -0.026293 2023-10-13 2023-10-17   4 days  None                 1   
10   0.057277 2023-11-03 2024-01-03  61 days  None                 1   
11  -0.040919 2024-01-23 2024-01-31   8 days  None                 1   
12  -0.019114 2024-02-08 2024-02-13   5 days  None                 1   
13  -0.032790 2024-04-15 2024-04-17   2 days  None                 1   
14  -0.021635 2024-04-30 2024-05-01   1 days  None                 0   
15   0.091801 2024-05-06 2024-08-05  91 days  None                 1   
16  -0.022329 2024-08-16 2024-09-10  25 days  None                 1   
17  -0.030337 2024-09-12 2024-09-17   5 days  None                 1   
18  -0.003280 2024-09-24 2024-10-04  10 days  None                 1   
19  -0.000891 2024-10-07 2024-10-08   1 days  None                 0   
20  -0.018914 2024-10-09 2024-11-01  23 days  None                 1   
21   0.047058 2024-11-26 2025-01-06  41 days  None                 1   

    Exit_get_signal  
0                 0  
1                 0  
2                 1  
3                 0  
4                 0  
5                 0  
6                 0  
7                 0  
8                 0  
9                 0  
10                0  
11                0  
12                0  
13                0  
14                0  
15                0  
16                0  
17                0  
18                1  
19                1  
20                0  
21                0  "
1,2022-03-04,2025-02-27,1091 days,35.24699599465955,11320.167035961915,11403.251212094117,59.355119799804676,13.201670359619147,45.43114893343242,4.260237741637729,16.93566673410037,2.905590321238649,0.25155417903091104,0.3922714058449215,0.16986992699675035,-3.3422159604637542,0.36415293710321267,-25.07941115274176,-5.14503838034389,314 days,105 days,16,50.0,43.09082785880036,-11.795899580672698,0.8335630341469003,174 days,23 days,1.6710128712458636,1.379290263282873,0.37029636663380044,0.1584484183720753,MyStrategy,"                  Equity  DrawdownPct DrawdownDuration
Date                                                  
2022-03-04  10000.000000     0.000000              NaT
2022-03-07  10000.000000     0.000000              NaT
2022-03-08  10000.000000     0.000000              NaT
2022-03-09  10000.000000     0.000000              NaT
2022-03-10  10000.000000     0.000000              NaT
...                  ...          ...              ...
2025-02-21  11320.167036     0.007286              NaT
2025-02-24  11320.167036     0.007286              NaT
2025-02-25  11320.167036     0.007286              NaT
2025-02-26  11320.167036     0.007286              NaT
2025-02-27  11320.167036     0.007286         282 days

[749 rows x 3 columns]","    Size  EntryBar  ExitBar  EntryPrice   ExitPrice    SL    TP          PnL  \
0     55        18       19  178.550003  177.839996  None  None   -39.050369   
1     57        20       30  174.029999  163.919998  None  None  -576.270035   
2     60        46       48  155.520004  142.770004  None  None  -765.000000   
3     57        61       64  149.899994  147.029999  None  None  -163.589722   
4     62        75       76  134.789993  136.820007  None  None   125.860870   
5     61        77       78  139.899994  142.699997  None  None   170.800186   
6     61        79       80  142.130005  137.460007  None  None  -284.869888   
7     58        85      145  143.289993  141.279999  None  None  -116.579681   
8     56       165      167  148.199997  155.080002  None  None   385.280273   
9     58       168      205  148.949997  131.380005  None  None -1019.059540   
10    58       214      215  130.259995  131.250000  None  None    57.420319   
11    57       216      334  133.880005  191.570007  None  None  3288.330139   
12    58       335      339  189.839996  189.679993  None  None    -9.280212   
13    60       545      546  182.350006  183.449997  None  None    65.999451   
14    60       548      550  182.559998  185.440002  None  None   172.800293   
15    59       554      558  189.509995  190.979996  None  None    86.730072   

    ReturnPct  EntryTime   ExitTime Duration   Tag  Entry_get_signal  \
0   -0.003977 2022-03-30 2022-03-31   1 days  None                 0   
1   -0.058093 2022-04-01 2022-04-18  17 days  None                 1   
2   -0.081983 2022-05-10 2022-05-12   2 days  None                 1   
3   -0.019146 2022-06-01 2022-06-06   5 days  None                 1   
4    0.015061 2022-06-22 2022-06-23   1 days  None                 0   
5    0.020014 2022-06-24 2022-06-27   3 days  None                 0   
6   -0.032857 2022-06-28 2022-06-29   1 days  None                 0   
7   -0.014027 2022-07-07 2022-09-30  85 days  None                 1   
8    0.046424 2022-10-28 2022-11-01   4 days  None                 1   
9   -0.117959 2022-11-02 2022-12-27  55 days  None                 1   
10   0.007600 2023-01-10 2023-01-11   1 days  None                 0   
11   0.430908 2023-01-12 2023-07-05 174 days  None                 1   
12  -0.000843 2023-07-06 2023-07-12   6 days  None                 1   
13   0.006032 2024-05-06 2024-05-07   1 days  None                 0   
14   0.015776 2024-05-09 2024-05-13   4 days  None                 1   
15   0.007757 2024-05-17 2024-05-23   6 days  None                 1   

    Exit_get_signal  
0                 1  
1                 0  
2                 0  
3                 0  
4                 1  
5                 1  
6                 0  
7                 0  
8                 1  
9                 0  
10                1  
11                1  
12                0  
13                0  
14                0  
15                0  "
2,2022-03-04,2025-02-27,1091 days,27.636849132176234,14093.88819336853,15375.36736512146,9.941782095336915,40.938881933685295,45.43114893343242,12.238333860062255,30.086406316587965,8.248840032634664,0.40677287048784955,0.6724151195877055,0.4171968592522237,-2.7127391388905195,0.9608302254590998,-29.334674000178307,-6.804792975289396,456 days,62 days,3,33.33333333333333,0.189138517553733,-18.102253289353587,-7.2664135060578445,190 days,98 days,0.009044096173944614,-6.907929290960957,-1.182125750703055,-44.72195121451259,MyStrategy,"                  Equity  DrawdownPct DrawdownDuration
Date                                                  
2022-03-04  10000.000000     0.000000              NaT
2022-03-07  10000.000000     0.000000              NaT
2022-03-08   9912.470329     0.008753              NaT
2022-03-09  10254.089989     0.000000           2 days
2022-03-10   9979.430443     0.026785              NaT
...                  ...          ...              ...
2025-02-21  14580.638193     0.051688              NaT
2025-02-24  14672.088373     0.045741              NaT
2025-02-25  14668.547617     0.045971              NaT
2025-02-26  14274.428049     0.071604              NaT
2025-02-27  14093.888193     0.083346          63 days

[749 rows x 3 columns]","   Size  EntryBar  ExitBar  EntryPrice   ExitPrice    SL    TP          PnL  \
0    62         2       73  158.820007  130.070007  None  None -1782.500000   
1    61        74      206  133.419998  129.669998  None  None  -228.750000   
2    62       210      211  126.889999  127.129997  None  None    14.879868   

   ReturnPct  EntryTime   ExitTime Duration   Tag  Entry_get_signal  \
0  -0.181023 2022-03-08 2022-06-17 101 days  None                 1   
1  -0.028107 2022-06-21 2022-12-28 190 days  None                 1   
2   0.001891 2023-01-04 2023-01-05   1 days  None                 0   

   Exit_get_signal  
0                1  
1                0  
2                0  "
3,2022-03-04,2025-02-27,1091 days,52.336448598130836,11979.267742727667,13701.26406993714,90.70783405456544,19.79267742727667,45.43114893343242,6.26439035048294,16.96956941856961,4.25955888179852,0.36915434893874727,0.5777495967074527,0.3023642136113357,3.9144460802395447,0.3495009859931687,-20.71802835283708,-5.188581931495033,316 days,75 days,21,33.33333333333333,19.934186799035047,-7.247326872623782,0.9929269531075313,144 days,26 days,1.5653484166735019,1.2730786352503844,0.6134583459693226,0.10211997054981126,MyStrategy,"                  Equity  DrawdownPct DrawdownDuration
Date                                                  
2022-03-04  10000.000000     0.000000              NaT
2022-03-07  10000.000000     0.000000              NaT
2022-03-08  10000.000000     0.000000              NaT
2022-03-09  10000.000000     0.000000              NaT
2022-03-10  10000.000000     0.000000              NaT
...                  ...          ...              ...
2025-02-21  12391.767743     0.095575              NaT
2025-02-24  12469.267895     0.089918              NaT
2025-02-25  12466.267254     0.090137              NaT
2025-02-26  12132.267621     0.114515              NaT
2025-02-27  11979.267743     0.125682         226 days

[749 rows x 3 columns]","    Size  EntryBar  ExitBar  EntryPrice   ExitPrice    SL    TP          PnL  \
0     58        14       31  171.059998  165.020004  None  None  -350.319611   
1     66        87      124  145.669998  160.309998  None  None   966.239960   
2     70       163      165  150.960007  148.199997  None  None  -193.200684   
3     67       166      169  153.160004  142.059998  None  None  -743.700409   
4     63       177      186  152.220001  144.289993  None  None  -499.590500   
5     66       222      246  138.119995  147.710007  None  None   632.940765   
6     66       247      248  147.050003  146.830002  None  None   -14.520081   
7     63       252      256  153.699997  147.809998  None  None  -371.069962   
8     61       259      357  152.160004  182.130005  None  None  1828.170074   
9     59       376      380  189.490005  178.350006  None  None  -657.259964   
10    60       420      457  174.240005  194.139999  None  None  1193.999634   
11    60       458      459  193.899994  187.149994  None  None  -405.000000   
12    58       473      479  195.020004  187.039993  None  None  -462.840637   
13    57       485      488  189.389999  185.770004  None  None  -206.339722   
14    58       545      601  182.350006  218.699997  None  None  2108.299469   
15    56       605      606  224.369995  219.149994  None  None  -292.320068   
16    55       616      632  223.919998  218.919998  None  None  -275.000000   
17    55       633      637  221.460007  215.750000  None  None  -314.050369   
18    52       643      648  224.929993  225.889999  None  None    49.920349   
19    52       654      670  227.779999  220.970001  None  None  -354.119873   
20    49       686      713  231.460007  244.309998  None  None   629.649551   

    ReturnPct  EntryTime   ExitTime Duration   Tag  Entry_get_signal  \
0   -0.035309 2022-03-24 2022-04-19  26 days  None                 1   
1    0.100501 2022-07-11 2022-08-31  51 days  None                 1   
2   -0.018283 2022-10-26 2022-10-28   2 days  None                 1   
3   -0.072473 2022-10-31 2022-11-03   3 days  None                 1   
4   -0.052096 2022-11-15 2022-11-29  14 days  None                 1   
5    0.069432 2023-01-23 2023-02-27  35 days  None                 1   
6   -0.001496 2023-02-28 2023-03-01   1 days  None                 0   
7   -0.038321 2023-03-07 2023-03-13   6 days  None                 1   
8    0.196964 2023-03-16 2023-08-07 144 days  None                 1   
9   -0.058789 2023-09-01 2023-09-08   7 days  None                 1   
10   0.114210 2023-11-03 2023-12-28  55 days  None                 1   
11  -0.034812 2023-12-29 2024-01-02   4 days  None                 0   
12  -0.040919 2024-01-23 2024-01-31   8 days  None                 1   
13  -0.019114 2024-02-08 2024-02-13   5 days  None                 1   
14   0.199342 2024-05-06 2024-07-26  81 days  None                 1   
15  -0.023265 2024-08-01 2024-08-02   1 days  None                 0   
16  -0.022329 2024-08-16 2024-09-10  25 days  None                 1   
17  -0.025783 2024-09-11 2024-09-17   6 days  None                 1   
18   0.004268 2024-09-25 2024-10-02   7 days  None                 1   
19  -0.029897 2024-10-10 2024-11-01  22 days  None                 1   
20   0.055517 2024-11-25 2025-01-06  42 days  None                 1   

    Exit_get_signal  
0                 0  
1                 0  
2                 1  
3                 0  
4                 0  
5                 1  
6                 0  
7                 0  
8                 0  
9                 0  
10                1  
11                0  
12                0  
13                0  
14                0  
15                0  
16                1  
17                0  
18                0  
19                0  
20                0  "
4,2022-03-04,2025-02-27,1091 days,0.0,14863.790367016602,16210.429496655273,,48.63790367016602,45.43114893343242,14.26487610012115,30.916902964284233,9.586893958084918,0.4613940832495478,0.7778626064649228,0.479723298302968,3.9967576748587277,0.9826109848271134,-29.735633334014565,-5.70211584624334,429 days,50 days,0,,,,,,,,,,,MyStrategy,"                  Equity  DrawdownPct DrawdownDuration
Date                                                  
2022-03-04  10000.000000     0.000000              NaT
2022-03-07  10000.000000     0.000000              NaT
2022-03-08   9912.470329     0.008753              NaT
2022-03-09  10254.089989     0.000000           2 days
2022-03-10   9979.430443     0.026785              NaT
...                  ...          ...              ...
2025-02-21  15375.290367     0.051519              NaT
2025-02-24  15471.390556     0.045590              NaT
2025-02-25  15467.669762     0.045820              NaT
2025-02-26  15053.510216     0.071369              NaT
2025-02-27  14863.790367     0.083072          63 days

[749 rows x 3 columns]","Empty DataFrame
Columns: [Size, EntryBar, ExitBar, EntryPrice, ExitPrice, SL, TP, PnL, ReturnPct, EntryTime, ExitTime, Duration, Tag]
Index: []"
5,2022-03-04,2025-02-27,1091 days,40.85447263017357,14623.079544726568,14623.079544726568,112.52006464843751,46.230795447265685,45.43114893343242,13.638917263162554,16.165200910726576,9.17439548992387,0.8437208630121212,1.5044804904604507,0.6291693707334022,33.84852115204245,0.2725503225411765,-21.677656125033728,-2.8686496837419106,288 days,37 days,25,56.00000000000001,20.421269301432886,-7.108137720043029,1.5816830626942169,90 days,17 days,2.511267395221072,1.7479151580367618,1.498194452123688,0.33859482854494827,MyStrategy,"                  Equity  DrawdownPct DrawdownDuration
Date                                                  
2022-03-04  10000.000000          0.0              NaT
2022-03-07  10000.000000          0.0              NaT
2022-03-08  10000.000000          0.0              NaT
2022-03-09  10000.000000          0.0              NaT
2022-03-10  10000.000000          0.0              NaT
...                  ...          ...              ...
2025-02-21  14623.079545          0.0              NaT
2025-02-24  14623.079545          0.0              NaT
2025-02-25  14623.079545          0.0              NaT
2025-02-26  14623.079545          0.0              NaT
2025-02-27  14623.079545          0.0              NaT

[749 rows x 3 columns]","    Size  EntryBar  ExitBar  EntryPrice   ExitPrice    SL    TP          PnL  \
0     59        13       27  167.990005  168.020004  None  None     1.769928   
1     59        28       30  167.389999  163.919998  None  None  -204.730072   
2     57        32       34  168.759995  166.460007  None  None  -131.099304   
3     65        62       63  147.830002  146.899994  None  None   -60.450516   
4     65        88      128  145.759995  154.820007  None  None   588.900833   
5     74       171      172  137.110001  140.410004  None  None   244.200226   
6     71       175      176  145.820007  148.970001  None  None   223.649567   
7     69       177      187  152.220001  141.399994  None  None  -746.580505   
8     66       188      193  148.210007  142.360001  None  None  -386.100403   
9     66       194      200  142.339996  135.110001  None  None  -477.179718   
10    67       216      277  133.880005  161.220001  None  None  1831.779755   
11    65       280      281  165.089996  166.100006  None  None    65.650635   
12    65       282      284  165.800003  165.050003  None  None   -48.750000   
13    64       289      294  168.490005  170.979996  None  None   159.359375   
14    63       295      333  172.479996  193.779999  None  None  1341.900192   
15    68       373      385  179.699997  176.479996  None  None  -218.960083   
16    68       386      388  176.479996  179.259995  None  None   189.039917   
17    71       395      415  172.020004  166.910004  None  None  -362.810043   
18    70       416      420  169.020004  174.240005  None  None   365.400085   
19    69       421      433  176.380005  191.490005  None  None  1042.590042   
20    69       434      438  190.869995  189.839996  None  None   -71.069916   
21    77       516      535  170.570007  165.520004  None  None  -388.850235   
22    75       538      555  169.529999  189.330002  None  None  1485.000229   
23    75       556      557  191.089996  192.270004  None  None    88.500595   
24    76       559      560  188.820007  191.509995  None  None   204.439026   

    ReturnPct  EntryTime   ExitTime Duration   Tag  Entry_get_signal  \
0    0.000179 2022-03-23 2022-04-12  20 days  None                 1   
1   -0.020730 2022-04-13 2022-04-18   5 days  None                 1   
2   -0.013629 2022-04-20 2022-04-22   2 days  None                 1   
3   -0.006291 2022-06-02 2022-06-03   1 days  None                 0   
4    0.062157 2022-07-12 2022-09-07  57 days  None                 1   
5    0.024068 2022-11-07 2022-11-08   1 days  None                 0   
6    0.021602 2022-11-11 2022-11-14   3 days  None                 0   
7   -0.071081 2022-11-15 2022-11-30  15 days  None                 1   
8   -0.039471 2022-12-01 2022-12-08   7 days  None                 1   
9   -0.050794 2022-12-09 2022-12-19  10 days  None                 1   
10   0.204213 2023-01-12 2023-04-12  90 days  None                 1   
11   0.006118 2023-04-17 2023-04-18   1 days  None                 0   
12  -0.004524 2023-04-19 2023-04-21   2 days  None                 1   
13   0.014778 2023-04-28 2023-05-05   7 days  None                 1   
14   0.123493 2023-05-08 2023-07-03  56 days  None                 1   
15  -0.017919 2023-08-29 2023-09-15  17 days  None                 1   
16   0.015752 2023-09-18 2023-09-20   2 days  None                 1   
17  -0.029706 2023-09-29 2023-10-27  28 days  None                 1   
18   0.030884 2023-10-30 2023-11-03   4 days  None                 1   
19   0.085667 2023-11-06 2023-11-22  16 days  None                 1   
20  -0.005396 2023-11-24 2023-11-30   6 days  None                 1   
21  -0.029607 2024-03-25 2024-04-22  28 days  None                 1   
22   0.116794 2024-04-25 2024-05-20  25 days  None                 1   
23   0.006175 2024-05-21 2024-05-22   1 days  None                 0   
24   0.014246 2024-05-24 2024-05-28   4 days  None                 0   

    Exit_get_signal  
0                 1  
1                 0  
2                 0  
3                 0  
4                 0  
5                 0  
6                 1  
7                 1  
8                 1  
9                 0  
10                0  
11                1  
12                0  
13                1  
14                0  
15                1  
16                0  
17                1  
18                1  
19                1  
20                0  
21                0  
22                1  
23                0  
24                0  "
6,2022-03-04,2025-02-27,1091 days,64.88651535380508,12404.808666957097,13154.358600102236,293.8471481674194,24.048086669570967,45.43114893343242,7.519750485353183,22.27342282438191,5.103578950467336,0.3376109071624853,0.5448772864693188,0.3600728792470311,-1.9058836066203462,0.5712813980165928,-20.883967993030083,-4.5480679792476115,345 days,51 days,67,58.2089552238806,26.677384918937275,-7.786161584497742,0.3619762900085366,128 days,9 days,1.4856133531830973,0.4450677271879715,0.7713769712004593,0.16633268873019086,MyStrategy,"                  Equity  DrawdownPct DrawdownDuration
Date                                                  
2022-03-04  10000.000000     0.000000              NaT
2022-03-07  10000.000000     0.000000              NaT
2022-03-08  10000.000000     0.000000              NaT
2022-03-09  10000.000000     0.000000              NaT
2022-03-10   9893.853974     0.010615              NaT
...                  ...          ...              ...
2025-02-21  12404.808667     0.056981              NaT
2025-02-24  12404.808667     0.056981              NaT
2025-02-25  12404.808667     0.056981              NaT
2025-02-26  12404.808667     0.056981              NaT
2025-02-27  12404.808667     0.056981         226 days

[749 rows x 3 columns]","    Size  EntryBar  ExitBar  EntryPrice   ExitPrice    SL    TP         PnL  \
0     62         4        6  160.199997  151.449997  None  None -542.500000   
1     57        11       12  163.509995  165.509995  None  None  114.000000   
2     54        17       18  176.690002  178.550003  None  None  100.440033   
3     55        21       25  174.570007  171.779999  None  None -153.450470   
4     56        26       29  168.710007  170.619995  None  None  106.959351   
..   ...       ...      ...         ...         ...   ...   ...         ...   
62    52       725      727  224.779999  230.850006  None  None  315.640381   
63    51       729      734  238.669998  231.289993  None  None -376.380249   
64    50       735      736  232.600006  229.570007  None  None -151.499939   
65    51       737      740  228.199997  241.250000  None  None  665.550156   
66    50       741      744  244.149994  245.949997  None  None   90.000153   

    ReturnPct  EntryTime   ExitTime Duration   Tag  Entry_get_signal  \
0   -0.054619 2022-03-10 2022-03-14   4 days  None                 1   
1    0.012232 2022-03-21 2022-03-22   1 days  None                 0   
2    0.010527 2022-03-29 2022-03-30   1 days  None                 0   
3   -0.015982 2022-04-04 2022-04-08   4 days  None                 1   
4    0.011321 2022-04-11 2022-04-14   3 days  None                 1   
..        ...        ...        ...      ...   ...               ...   
62   0.027004 2025-01-24 2025-01-28   4 days  None                 1   
63  -0.030921 2025-01-30 2025-02-06   7 days  None                 1   
64  -0.013027 2025-02-07 2025-02-10   3 days  None                 0   
65   0.057187 2025-02-11 2025-02-14   3 days  None                 1   
66   0.007373 2025-02-18 2025-02-21   3 days  None                 1   

    Exit_get_signal  
0                 0  
1                 0  
2                 0  
3                 1  
4                 0  
..              ...  
62                0  
63                1  
64                1  
65                1  
66                0  

[67 rows x 15 columns]"
7,2022-03-04,2025-02-27,1091 days,25.367156208277702,10470.69622419586,11426.37560652008,59.44580807952881,4.706962241958609,45.43114893343242,1.5595456212888603,25.123848337809008,1.0680693933700303,0.062074312832954504,0.09037682281126817,0.0374523913977084,-32.22887431131721,0.8130068778889067,-41.64074877697354,-15.995051440228213,1000 days,269 days,19,36.84210526315789,3.628804256271634,-12.838442077900714,-1.995267989088878,80 days,13 days,0.20912165651409462,-1.9274417003867603,-2.1423204263221924,-1.5314307448291604,MyStrategy,"                  Equity  DrawdownPct DrawdownDuration
Date                                                  
2022-03-04  10000.000000     0.000000              NaT
2022-03-07  10000.000000     0.000000              NaT
2022-03-08   9912.470329     0.008753              NaT
2022-03-09  10254.089989     0.000000           2 days
2022-03-10   9979.430443     0.026785              NaT
...                  ...          ...              ...
2025-02-21  10833.696224     0.051869              NaT
2025-02-24  10901.896358     0.045901              NaT
2025-02-25  10899.255795     0.046132              NaT
2025-02-26  10605.336117     0.071855              NaT
2025-02-27  10470.696224     0.083638          63 days

[749 rows x 3 columns]","    Size  EntryBar  ExitBar  EntryPrice   ExitPrice    SL    TP          PnL  \
0     62         2       57  158.820007  138.429993  None  None -1264.180908   
1     58        60       68  149.070007  140.279999  None  None  -509.820496   
2     61        70       71  133.130005  134.289993  None  None    70.759293   
3     63        73       75  130.070007  134.789993  None  None   297.359116   
4     58        87       88  145.669998  145.759995  None  None     5.219788   
5     60        89       90  142.990005  144.080002  None  None    65.399780   
6     57        92      149  150.740005  145.809998  None  None  -281.010452   
7     58       150      151  142.539993  140.419998  None  None  -122.959717   
8     57       155      156  144.309998  141.070007  None  None  -184.679443   
9     53       162      170  150.089996  142.089996  None  None  -424.000000   
10    55       171      172  137.110001  140.410004  None  None   181.500168   
11    53       175      186  145.820007  144.289993  None  None   -81.090744   
12    52       188      192  148.210007  142.190002  None  None  -313.040222   
13    50       197      198  145.350006  141.110001  None  None  -212.000275   
14    53       200      201  135.110001  131.389999  None  None  -197.160065   
15    55       210      211  126.889999  127.129997  None  None    13.199883   
16    47       231      233  148.029999  150.639999  None  None   122.670029   
17    46       234      238  153.880005  152.119995  None  None   -80.960449   
18    45       239      250  153.110001  148.039993  None  None  -228.150330   

    ReturnPct  EntryTime   ExitTime Duration   Tag  Entry_get_signal  \
0   -0.128384 2022-03-08 2022-05-25  78 days  None                 1   
1   -0.058966 2022-05-31 2022-06-10  10 days  None                 1   
2    0.008713 2022-06-14 2022-06-15   1 days  None                 0   
3    0.036288 2022-06-17 2022-06-22   5 days  None                 1   
4    0.000618 2022-07-11 2022-07-12   1 days  None                 0   
5    0.007623 2022-07-13 2022-07-14   1 days  None                 0   
6   -0.032705 2022-07-18 2022-10-06  80 days  None                 1   
7   -0.014873 2022-10-07 2022-10-10   3 days  None                 0   
8   -0.022452 2022-10-14 2022-10-17   3 days  None                 0   
9   -0.053301 2022-10-25 2022-11-04  10 days  None                 1   
10   0.024068 2022-11-07 2022-11-08   1 days  None                 0   
11  -0.010492 2022-11-11 2022-11-29  18 days  None                 1   
12  -0.040618 2022-12-01 2022-12-07   6 days  None                 1   
13  -0.029171 2022-12-14 2022-12-15   1 days  None                 0   
14  -0.027533 2022-12-19 2022-12-20   1 days  None                 0   
15   0.001891 2023-01-04 2023-01-05   1 days  None                 0   
16   0.017632 2023-02-03 2023-02-07   4 days  None                 1   
17  -0.011438 2023-02-08 2023-02-14   6 days  None                 1   
18  -0.033113 2023-02-15 2023-03-03  16 days  None                 1   

    Exit_get_signal  
0                 0  
1                 0  
2                 0  
3                 0  
4                 1  
5                 0  
6                 1  
7                 0  
8                 0  
9                 1  
10                0  
11                0  
12                0  
13                0  
14                0  
15                0  
16                1  
17                1  
18                1  "
8,2022-03-04,2025-02-27,1091 days,22.029372496662216,14256.701409405518,15559.900567120361,11.097268023681641,42.567014094055175,45.43114893343242,12.672905795322741,30.71886133641729,8.536406069005565,0.41254477685665314,0.6837302796642007,0.38244106982130105,-2.216965137027799,0.9857549342787324,-33.13688511865179,-7.0550620154272,455 days,61 days,3,33.33333333333333,2.5833008780486777,-8.959835241210302,-2.3040463131373867,126 days,78 days,0.2833721805500511,-2.177660573014717,-0.654040462050671,-0.9487837525600993,MyStrategy,"                  Equity  DrawdownPct DrawdownDuration
Date                                                  
2022-03-04  10000.000000     0.000000              NaT
2022-03-07  10000.000000     0.000000              NaT
2022-03-08   9912.470329     0.008753              NaT
2022-03-09  10254.089989     0.000000           2 days
2022-03-10   9979.430443     0.026785              NaT
...                  ...          ...              ...
2025-02-21  14751.701409     0.051941              NaT
2025-02-24  14844.701593     0.045964              NaT
2025-02-25  14841.100823     0.046196              NaT
2025-02-26  14440.301263     0.071954              NaT
2025-02-27  14256.701409     0.083754          63 days

[749 rows x 3 columns]","   Size  EntryBar  ExitBar  EntryPrice   ExitPrice    SL    TP         PnL  \
0    62         2       49  158.820007  144.589996  None  None -882.260681   
1    62        50      136  145.550003  149.309998  None  None  233.119659   
2    60       137      166  153.399994  153.160004  None  None  -14.399414   

   ReturnPct  EntryTime   ExitTime Duration   Tag  Entry_get_signal  \
0  -0.089598 2022-03-08 2022-05-13  66 days  None                 1   
1   0.025833 2022-05-16 2022-09-19 126 days  None                 1   
2  -0.001564 2022-09-20 2022-10-31  41 days  None                 1   

   Exit_get_signal  
0                1  
1                1  
2                1  "
9,2022-03-04,2025-02-27,1091 days,51.93591455273698,9563.70359535524,12384.919330783092,73.87347813110352,-4.362964046447596,45.43114893343242,-1.489691053759623,16.594675883568165,-1.0251154593841738,-0.08976921659763756,-0.12122115913408596,-0.06497629028506537,-20.8269253377675,0.36239368093999935,-22.926686753337545,-6.62702370562961,337 days,88 days,19,36.84210526315789,20.464317707380864,-8.376325341623014,-0.051437067665760505,145 days,29 days,1.0646881854379115,0.14496331025549586,-0.03192640688328202,-0.00763558115664853,MyStrategy,"                  Equity  DrawdownPct DrawdownDuration
Date                                                  
2022-03-04  10000.000000     0.000000              NaT
2022-03-07  10000.000000     0.000000              NaT
2022-03-08  10000.000000     0.000000              NaT
2022-03-09  10000.000000     0.000000              NaT
2022-03-10  10000.000000     0.000000              NaT
...                  ...          ...              ...
2025-02-21   9893.703595     0.201149              NaT
2025-02-24   9955.703717     0.196143              NaT
2025-02-25   9953.303205     0.196337              NaT
2025-02-26   9686.103498     0.217911              NaT
2025-02-27   9563.703595     0.227794         226 days

[749 rows x 3 columns]","    Size  EntryBar  ExitBar  EntryPrice   ExitPrice    SL    TP          PnL  \
0     57        15       31  173.880005  165.020004  None  None  -505.020035   
1     65        87      125  145.669998  156.639999  None  None   713.050079   
2     65       167      170  155.080002  142.089996  None  None  -844.350357   
3     62       178      186  149.130005  144.289993  None  None  -300.080719   
4     64       223      249  140.309998  144.380005  None  None   260.480469   
5     60       252      256  153.699997  147.809998  None  None  -353.399963   
6     59       258      357  151.190002  182.130005  None  None  1825.460144   
7     57       377      380  188.279999  178.350006  None  None  -566.009583   
8     55       423      460  182.350006  184.220001  None  None   102.849731   
9     52       474      480  195.419998  183.990005  None  None  -594.359619   
10    51       485      486  189.389999  188.649994  None  None   -37.740280   
11    52       545      607  182.350006  199.089996  None  None   870.479492   
12    46       617      632  225.720001  218.919998  None  None  -312.800140   
13    45       635      637  223.580002  215.750000  None  None  -352.350082   
14    43       643      644  224.929993  227.300003  None  None   101.910446   
15    43       646      650  230.039993  227.899994  None  None   -92.019974   
16    43       651      652  224.500000  224.300003  None  None    -8.599869   
17    43       654      671  227.779999  220.990005  None  None  -291.969711   
18    40       688      715  234.470001  241.919998  None  None   297.999878   

    ReturnPct  EntryTime   ExitTime Duration   Tag  Entry_get_signal  \
0   -0.050955 2022-03-25 2022-04-19  25 days  None                 1   
1    0.075307 2022-07-11 2022-09-01  52 days  None                 1   
2   -0.083763 2022-11-01 2022-11-04   3 days  None                 1   
3   -0.032455 2022-11-16 2022-11-29  13 days  None                 1   
4    0.029007 2023-01-24 2023-03-02  37 days  None                 1   
5   -0.038321 2023-03-07 2023-03-13   6 days  None                 1   
6    0.204643 2023-03-15 2023-08-07 145 days  None                 1   
7   -0.052741 2023-09-05 2023-09-08   3 days  None                 1   
8    0.010255 2023-11-08 2024-01-03  56 days  None                 1   
9   -0.058489 2024-01-24 2024-02-01   8 days  None                 1   
10  -0.003907 2024-02-08 2024-02-09   1 days  None                 0   
11   0.091801 2024-05-06 2024-08-05  91 days  None                 1   
12  -0.030126 2024-08-19 2024-09-10  22 days  None                 1   
13  -0.035021 2024-09-13 2024-09-17   4 days  None                 1   
14   0.010537 2024-09-25 2024-09-26   1 days  None                 0   
15  -0.009303 2024-09-30 2024-10-04   4 days  None                 1   
16  -0.000891 2024-10-07 2024-10-08   1 days  None                 0   
17  -0.029809 2024-10-10 2024-11-04  25 days  None                 1   
18   0.031774 2024-11-27 2025-01-08  42 days  None                 1   

    Exit_get_signal  
0                 0  
1                 0  
2                 0  
3                 0  
4                 0  
5                 0  
6                 0  
7                 0  
8                 0  
9                 0  
10                0  
11                0  
12                0  
13                0  
14                0  
15                1  
16                0  
17                0  
18                0  "
10,2022-03-04,2025-02-27,1091 days,55.67423230974633,10670.105292449958,12805.863420175174,61.360894390869134,6.701052924499582,45.43114893343242,2.2062187555891954,16.99643467821483,1.5094392447235094,0.12980479714472207,0.190048938021873,0.11033408776554511,-10.211216751543024,0.3722615446248818,-19.995803656593502,-5.44078528052515,340 days,76 days,15,40.0,16.841153706981025,-7.227740310479891,0.45306566509812907,155 days,40 days,1.2869312644388191,0.6689207800130411,0.26798774878220616,0.06548750460876834,MyStrategy,"                  Equity  DrawdownPct DrawdownDuration
Date                                                  
2022-03-04  10000.000000     0.000000              NaT
2022-03-07  10000.000000     0.000000              NaT
2022-03-08  10000.000000     0.000000              NaT
2022-03-09  10000.000000     0.000000              NaT
2022-03-10  10000.000000     0.000000              NaT
...                  ...          ...              ...
2025-02-21  11033.105292     0.138433              NaT
2025-02-24  11101.305427     0.133108              NaT
2025-02-25  11098.664863     0.133314              NaT
2025-02-26  10804.745185     0.156266              NaT
2025-02-27  10670.105292     0.166780         226 days

[749 rows x 3 columns]","    Size  EntryBar  ExitBar  EntryPrice   ExitPrice    SL    TP          PnL  \
0     58        14       31  171.059998  165.020004  None  None  -350.319611   
1     66        88      125  145.759995  156.639999  None  None   718.080322   
2     67       166      170  153.160004  142.089996  None  None  -741.690491   
3     64       178      186  149.130005  144.289993  None  None  -309.760742   
4     66       223      249  140.309998  144.380005  None  None   268.620483   
5     62       251      358  153.789993  179.690002  None  None  1605.800568   
6     58       376      380  189.490005  178.350006  None  None  -646.119965   
7     58       422      460  179.179993  184.220001  None  None   292.320496   
8     55       473      480  195.020004  183.990005  None  None  -606.649933   
9     53       485      489  189.389999  185.320007  None  None  -215.709579   
10    54       545      608  182.350006  205.300003  None  None  1239.299835   
11    50       614      637  220.570007  215.750000  None  None  -241.000366   
12    47       640      671  229.970001  220.990005  None  None  -422.059799   
13    46       685      717  228.059998  233.529999  None  None   251.620056   
14    46       731      732  229.990005  227.250000  None  None  -126.040253   

    ReturnPct  EntryTime   ExitTime Duration   Tag  Entry_get_signal  \
0   -0.035309 2022-03-24 2022-04-19  26 days  None                 1   
1    0.074643 2022-07-12 2022-09-01  51 days  None                 1   
2   -0.072277 2022-10-31 2022-11-04   4 days  None                 1   
3   -0.032455 2022-11-16 2022-11-29  13 days  None                 1   
4    0.029007 2023-01-24 2023-03-02  37 days  None                 1   
5    0.168412 2023-03-06 2023-08-08 155 days  None                 1   
6   -0.058789 2023-09-01 2023-09-08   7 days  None                 1   
7    0.028128 2023-11-07 2024-01-03  57 days  None                 1   
8   -0.056558 2024-01-23 2024-02-01   9 days  None                 1   
9   -0.021490 2024-02-08 2024-02-14   6 days  None                 1   
10   0.125857 2024-05-06 2024-08-06  92 days  None                 1   
11  -0.021853 2024-08-14 2024-09-17  34 days  None                 1   
12  -0.039049 2024-09-20 2024-11-04  45 days  None                 1   
13   0.023985 2024-11-22 2025-01-13  52 days  None                 1   
14  -0.011914 2025-02-03 2025-02-04   1 days  None                 0   

    Exit_get_signal  
0                 0  
1                 0  
2                 0  
3                 0  
4                 0  
5                 0  
6                 0  
7                 0  
8                 0  
9                 0  
10                0  
11                0  
12                0  
13                0  
14                0  "
11,2022-03-04,2025-02-27,1091 days,61.6822429906542,14097.94655986023,15379.425731613159,77.40135999755859,40.979465598602296,45.43114893343242,12.24920659723232,26.030063752131156,8.256039019866556,0.4705792007992851,0.7789224223163584,0.3818684286919272,7.473892878953038,0.7375022095246369,-32.077034069539124,-6.912802765674418,664 days,75 days,20,45.0,24.67134566375957,-11.783238072753798,-0.03516967619044964,288 days,32 days,1.0978003171153154,0.22898719360120168,-0.018231790700758286,-0.005564396475316202,MyStrategy,"                  Equity  DrawdownPct DrawdownDuration
Date                                                  
2022-03-04  10000.000000     0.000000              NaT
2022-03-07  10000.000000     0.000000              NaT
2022-03-08   9912.470329     0.008753              NaT
2022-03-09  10254.089989     0.000000           2 days
2022-03-10  10081.603509     0.016821              NaT
...                  ...          ...              ...
2025-02-21  14584.696560     0.051675              NaT
2025-02-24  14676.146740     0.045729              NaT
2025-02-25  14672.605984     0.045959              NaT
2025-02-26  14278.486416     0.071585              NaT
2025-02-27  14097.946560     0.083324          63 days

[749 rows x 3 columns]","    Size  EntryBar  ExitBar  EntryPrice   ExitPrice    SL    TP          PnL  \
0     62         2        4  158.820007  160.199997  None  None    85.559357   
1     66         6       30  151.449997  163.919998  None  None   823.020081   
2     67        39       48  161.839996  142.770004  None  None -1277.689468   
3     72        69       71  132.869995  134.289993  None  None   102.239868   
4     73        72       73  132.080002  130.070007  None  None  -146.729599   
5     70        75       81  134.789993  137.250000  None  None   172.200470   
6     67        85       87  143.289993  145.669998  None  None   159.460327   
7     69        89      128  142.990005  154.820007  None  None   816.270126   
8     66       132      145  159.899994  141.279999  None  None -1228.919678   
9     62       163      165  150.960007  148.199997  None  None  -171.120605   
10    60       166      185  153.160004  145.139999  None  None  -481.200256   
11    61       186      187  144.289993  141.399994  None  None  -176.289963   
12    58       188      197  148.210007  145.350006  None  None  -165.880035   
13    62       200      201  135.110001  131.389999  None  None  -230.640076   
14    61       216      415  133.880005  166.910004  None  None  2014.829926   
15    60       417      503  169.350006  171.059998  None  None   102.599487   
16    61       504      511  169.149994  175.570007  None  None   391.620819   
17    61       512      526  174.339996  168.699997  None  None  -344.039963   
18    61       527      528  168.800003  168.339996  None  None   -28.060410   
19    59       529      534  174.259995  166.210007  None  None  -474.949280   

    ReturnPct  EntryTime   ExitTime Duration   Tag  Entry_get_signal  \
0    0.008689 2022-03-08 2022-03-10   2 days  None                 1   
1    0.082337 2022-03-14 2022-04-18  35 days  None                 1   
2   -0.117832 2022-04-29 2022-05-12  13 days  None                 1   
3    0.010687 2022-06-13 2022-06-15   2 days  None                 1   
4   -0.015218 2022-06-16 2022-06-17   1 days  None                 0   
5    0.018251 2022-06-22 2022-06-30   8 days  None                 1   
6    0.016610 2022-07-07 2022-07-11   4 days  None                 1   
7    0.082733 2022-07-13 2022-09-07  56 days  None                 1   
8   -0.116448 2022-09-13 2022-09-30  17 days  None                 1   
9   -0.018283 2022-10-26 2022-10-28   2 days  None                 1   
10  -0.052364 2022-10-31 2022-11-28  28 days  None                 1   
11  -0.020029 2022-11-29 2022-11-30   1 days  None                 0   
12  -0.019297 2022-12-01 2022-12-14  13 days  None                 1   
13  -0.027533 2022-12-19 2022-12-20   1 days  None                 0   
14   0.246713 2023-01-12 2023-10-27 288 days  None                 1   
15   0.010097 2023-10-31 2024-03-06 127 days  None                 1   
16   0.037955 2024-03-07 2024-03-18  11 days  None                 1   
17  -0.032351 2024-03-19 2024-04-09  21 days  None                 1   
18  -0.002725 2024-04-10 2024-04-11   1 days  None                 0   
19  -0.046195 2024-04-12 2024-04-19   7 days  None                 1   

    Exit_get_signal  
0                 0  
1                 0  
2                 0  
3                 1  
4                 0  
5                 0  
6                 0  
7                 0  
8                 0  
9                 1  
10                1  
11                1  
12                0  
13                0  
14                0  
15                1  
16                1  
17                1  
18                1  
19                1  "
