Date,Adj Close,Close,High,Low,Open,Volume,Ticker,headline,sentiment_score
2025-01-02,417.74237060546875,418.5799865722656,426.07000732421875,414.8500061035156,425.5299987792969,16896500,MSFT,"Nvidia's Investments In Elon Musk's xAI, Perplexity, OpenAI, And Other Startups Crossed $1 Billion Mark In 2024 | Alibaba Leverages Scale and Deep Pockets to Slash AI LLM Prices To Gain Market Share | Broadcom Thrives with 114% Stock Surge in AI Boom, While Intel Faces Steep Decline | Comparing Microsoft With Industry Competitors In Software Industry | World's Top 10 Richest People Gained More Wealth In 2024 Than Costco And Nike's Combined Valuation: How Elon Musk, Warren Buffett And Others Fared | Elon Musk Gets Support From 'Godfather Of AI' Geoffrey Hinton In Battle Against OpenAI",-0.4283234
2025-01-03,422.5028381347656,423.3500061035156,424.0299987792969,419.5400085449219,421.0799865722656,16662900,MSFT,"Jim Cramer Warns 'Day Is Not Near Enough To Justify The Current Valuations' Of Quantum Computing, Nuclear Power Stocks | Microsoft's Copilot Plus Set To Expand To Mini PCs At CES As Windows-Maker Looks To Take On Apple's Mac Mini | Bill Gates And Jeff Bezos Backed Mining Startup Raises $537 Million, Targets Going Public In Few Years | Top 10 Trending Stocks On WallStreetBets As Of January 3, 2025 (Via Swaggy Stocks) | Apple, Microsoft, Nvidia Push Vanguard's Low-Cost S&P 500 ETF Higher | Nvidia's $2 Trillion AI Rally In 2024 Fueled by Chips, Startups, and Robotics",-0.8297285
2025-01-06,426.99383544921875,427.8500061035156,434.32000732421875,425.4800109863281,428.0,20573600,MSFT,"Microsoft Pauses Construction On $3.3 Billion Data Center Expected To Be Used By ChatGPT-Parent OpenAI For Massive Super Computer | Microsoft May Have Given Bitcoin a Miss, but Did You Know One of Its Largest Shareholders Is Betting Big on the Top Crypto? | Short-Seller Jim Chanos Warns Of Overbuilding Data Center Capacity, Compares AI Boom To Fiber Optic Bubble Of 2000s | Commercial Metals, Boeing And 3 Stocks To Watch Heading Into Monday | Piper Sandler Maintains Overweight on Microsoft, Raises Price Target to $520 | OpenAI CEO Sam Altman Says Company Losing Money On ChatGPT Pro Plan | AI Chip Stocks Nvidia, Broadcom, AMD, Taiwan Semi, Micron, Super Micro Surge Premarket: Whats Going On? | Inquiry Into Microsoft's Competitor Dynamics In Software Industry | Benzinga Market Summary: AI And Chip Stocks Rise Amid Microsoft AI Investment Plans, Fubo and Hulu + Live TV To Combine, Natural Gas Continues Higher | 10 Information Technology Stocks Whale Activity In Today's Session | AI, Quantum, And Robotics in Focus – All Eyes On Nvidia CEO Keynote | Israel Englander's Millennium Management Dumps Nvidia, Loads Up On Broadcom — Here's What The $70 Billion Hedge Fund Sees | AMD and Nvidia Overtake Intel in Key Markets, Challenging Its Leadership | Benzinga Market Summary: Bitcoin Rises, Trudeau To Resign As Liberal Party Leader, Tech Stocks Rise Amid CES 2025 And Microsoft AI Investment Plans",0.07624997
2025-01-07,421.5247802734375,422.3699951171875,430.6499938964844,420.79998779296875,429.0,18139100,MSFT,"Ambarella Launches N1-655 edge GenAI System-On-Chip (SoC) To Support Large-Language Models | Software IP Licensor Ceva Says Its NeuPro-Nano Embedded AI NPUs Gain Traction In AIoT And MCU Markets | Taiwan Semiconductor Ramps Up Production in Japan, US, and Germany to Diversify Away from China | Nvidia Highlights AI Chips Powering PUBG, Robotics 'ChatGPT Moment,' Automotive Expansion And More At CES Event | Inquiry Into Microsoft's Competitor Dynamics In Software Industry | Microsoft Bets Big On India's AI Future With $3B Investment | 'AI Startup Anthropic Raising Funding Valuing it at $60 Billion' - WSJ | 3 Digital Infrastructure ETFs In Focus As Trump Reveals Billion-Dollar Data Center Construction Plan",-0.86896104
2025-01-08,423.7104187011719,424.55999755859375,426.9700012207031,421.5400085449219,423.4599914550781,15054600,MSFT,"Sony Was The First Japanese Company To List On US Markets, Co-Founder Akio Morita Championed 'Workers As Family' Philosophy — Does His Vision Still Resonate Today? | Amazon AWS To Invest $11 Billion In Georgia To Boost AI And Cloud Infrastructure: 'Expect To Create More Than 550 Well-Paying Jobs' | Sam Altman's Sister Files Lawsuit Against OpenAI CEO Alleging Sexual Abuse — Family Respond: 'Deeply Hurtful And Entirely Untrue' | OpenAI CEO Sam Altman Predicts AGI Will Arrive During The Trump Presidency, Says CHIPS Act Not Effective Enough | Jeff Bezos-Backed Anthropic Set To Become One Of The Top 5 US Startups As It Reportedly Eyes $60 Billion Valuation With $2 Billion Funding Round | Microsoft CEO Satya Nadella Draws Attention To AI-Powered Agriculture For 'Healthier, More Sustainable Harvests' Amid $80 Billion Investment Push | Dell Simplifies PC Lineup With Apple-Like Branding: XPS, Inspiron Brands Are Gone For Good | Nvidia Teams Up With MediaTek to Challenge Intel and AMD in Desktop CPU Market | Sony Was The First Japanese Company To List On US Markets, Co-Founder Akio Morita Championed 'Workers As Family' Philosophy — Does His Vision Still Resonate Today? | Amazon AWS To Invest $11 Billion In Georgia To Boost AI And Cloud Infrastructure: 'Expect To Create More Than 550 Well-Paying Jobs' | Sam Altman's Sister Files Lawsuit Against OpenAI CEO Alleging Sexual Abuse — Family Respond: 'Deeply Hurtful And Entirely Untrue' | OpenAI CEO Sam Altman Predicts AGI Will Arrive During The Trump Presidency, Says CHIPS Act Not Effective Enough | Jeff Bezos-Backed Anthropic Set To Become One Of The Top 5 US Startups As It Reportedly Eyes $60 Billion Valuation With $2 Billion Funding Round | Microsoft CEO Satya Nadella Draws Attention To AI-Powered Agriculture For 'Healthier, More Sustainable Harvests' Amid $80 Billion Investment Push | Dell Simplifies PC Lineup With Apple-Like Branding: XPS, Inspiron Brands Are Gone For Good | Nvidia Teams Up With MediaTek to Challenge Intel and AMD in Desktop CPU Market | Here's How Much $100 Invested In Microsoft 5 Years Ago Would Be Worth Today",0.6363412
2025-01-10,418.11163330078125,418.95001220703125,424.7099914550781,415.0199890136719,424.6300048828125,20201100,MSFT,Performance Comparison: Microsoft And Competitors In Software Industry | 10 Information Technology Stocks Whale Activity In Today's Session | Check Out What Whales Are Doing With MSFT | Semiconductor ETF Faces Key Resistance In AI-Driven Surge: Analyst,-0.60452557
2025-01-13,416.35516357421875,417.19000244140625,418.5,412.2900085449219,415.239990234375,17604800,MSFT,"Competitor Analysis: Evaluating Microsoft And Competitors In Software Industry | 'Microsoft Says Jay Parikh To Lead New Core AI – Platform And Tools Org' - Microsoft Blog | PUBG Developer Krafton Invests $136 Million in Game Studios, Expands AI Team for Future Gaming Innovations | Looking At Microsoft's Recent Unusual Options Activity | 'HCLTech and Microsoft expand partnership to revolutionise contact centers with Generative AI' - CNBC",-0.6190974
2025-01-14,414.8382263183594,415.6700134277344,419.739990234375,410.7200012207031,417.80999755859375,16935900,MSFT,"Elon Musk Emerges As Potential TikTok US Buyer As Ban Deadline Looms, Company Terms It 'Pure Fiction' | Meta Investors Push Mark Zuckerberg To Replace $72B Cash With Bitcoin To Combat Inflation: Here's What It Means For Investors | US Semiconductor Sanctions Spell Trouble for Nvidia, But May Benefit Big Tech | Insights Into Microsoft's Performance Versus Peers In Software Sector | Pearson And Microsoft Announce Multi-Year Partnership To Transform The Future Of Learning And Work With AI | Microsoft Launches CoreAI Division: Ex-Meta Exec To Supercharge Copilot And AI Innovations | ""Microsoft Plans To Pause Hiring In Part Of Its Consulting Business In The U.S. According To An Internal Memo, As The Company Seeks Ways to Reel In Expenses"" -CNBC Report",0.21911114
2025-01-15,425.4569091796875,426.30999755859375,428.1499938964844,418.2699890136719,419.1300048828125,19637800,MSFT,"Microsoft, Applied Digital, Rigetti Computing, Eli Lilly, Tesla: Why These 5 Stocks Are On Investors' Radars Today | QUBT, QBTS Up 12%, RGTI Gains 3% In Wednesday Premarket: Quantum Computing Stocks Gain Momentum After Microsoft Says 'We Are Right On The Cusp Of Seeing Quantum Computers Solve Meaningful Problems' | NVIDIA Announces First-Ever Quantum Day At GTC 2025, Days After Jensen Huang Said Quantum Computing Is 20 Years Away | Microsoft To Cut Costs, Pause Hiring In US Consulting, Tighten Spending | What's Going On With Quantum Computing Stock Today? | Understanding Microsoft's Position In Software Industry Compared To Competitors | 10 Information Technology Stocks Whale Activity In Today's Session | Trump Considers Executive Order To 'Save' TikTok From Being Banned In 4 Days",-0.8630462
2025-01-16,423.7303466796875,424.5799865722656,429.489990234375,424.3900146484375,428.70001220703125,15300000,MSFT,"Elon Musk Buying TikTok Could Hurt Tesla Stock, Warns Gary Black — But Wedbush's Dan Ives Thinks It Makes Sense | French AI Startup, Founded By Google And Meta Veterans, Signs Million-Dollar Content Moderation Deal With AFP To Counter Big Tech's Pullback | Microsoft Launches 365 Copilot Chat For Business With Pay-As-You-Go Plan | Quantum Computing Stocks Continue Their Wild Surge In Thursday Premarket: QUBT Up 15%, QBTS Climbs 9%, RGTI Gains Over 3% | SentinelOne Brings The Power Of Purple AI To Zscaler, Okta, Palo Alto Networks, Proofpoint, Fortinet And Microsoft Data | Analyzing Microsoft In Comparison To Competitors In Software Industry | Meta Boosts Green Energy With New Solar Deal, Supports AI Data Center Growth | Bond Rally Drives Stock Market, Taiwan Semi Results Show AI Demand, Manipulators Having A Heyday With Quantum Computing | Billionaire Investor Who Predicted The Dot-Com Crash 25 Years Ago Warns Of Another Market Storm Brewing In The US | Nvidia Suffers $10 Billion Setback, AI Chip Sanctions Spell Trouble For 3 ETFs",-0.8790707
2025-01-17,428.1714782714844,429.0299987792969,434.4800109863281,428.1700134277344,434.0899963378906,26197500,MSFT,"Tesla's Drop Against Modestly Lower Nasdaq Comes As Investors Weigh Elon Musk's $40-50 Billion TikTok Deal, Gary Black Says TSLA Share Swap Unlikely Due To This Upcoming Milestone | Tesla's Drop Against Modestly Lower Nasdaq Comes As Investors Weigh Elon Musk's $40-50 Billion TikTok Deal, Gary Black Says TSLA Share Swap Unlikely Due To This Upcoming Milestone | Jim Cramer Questions Nvidia's Trading Pattern Amid Positive TSMC Earnings And Biden's China Export Regulations | Sony Cancels Two Live-Service Games, Stays Committed to Long-Term Monetization | Quantum Computing Stock Drops Over 3% During Friday Premarket Amid Fraud Allegations | Sector Crosscurrents Drive Potential Opportunities In Direxion's Tech Bull And Bear 3X ETFs | Taiwan Semi Chief To Skip Trump Inauguration, Calls US Semiconductor Sanctions 'Manageable' | Quantum Computing Stocks Are 'Totally Divorced From Reality,' Says Analyst Flagging Inflated Valuations | Cantor Fitzgerald Initiates Coverage On Microsoft with Overweight Rating, Announces Price Target of $509 | Market Analysis: Microsoft And Competitors In Software Industry | OpenAI's Sam Altman On o3-Mini Model, Says 'Have Now Finalized A Version And Are Beginning The Release Process; Planning To Ship In About A Couple Of Weeks'",0.01584086
2025-01-21,427.64251708984375,428.5,430.8999938964844,425.6000061035156,430.20001220703125,26085700,MSFT,"Huawei Wants To Take Nvidia's Place In AI In China, Shifts Focus to Inference Over Training | Evaluating Microsoft Against Peers In Software Industry | 10 Information Technology Stocks Whale Activity In Today's Session | Softbank CEO Masayoshi Son Is Expected At The White House Tuesday Afternoon, Along With Sam Altman Of OpenAI And Larry Ellison Of Oracle | 'Trump To Announce Private Sector AI Infrastructure Investment; OpenAI, Softbank And Oracle Are Planning A Joint Venture Called Stargate' - CBS News",0.5815899
2025-01-22,445.30712890625,446.20001220703125,447.2699890136719,436.0,437.55999755859375,27803800,MSFT,"Elon Musk Says Project Stargate Doesn't 'Actually Have The Money' After Trump Announces $500 Billion AI Investment Led By SoftBank, Oracle And OpenAI | US Stocks Likely To Open Higher As President Trump Announces $500 Billion AI Project: Oracle, Netflix, Nvidia Among Top Stocks To Watch | Morgan Stanley Maintains Overweight on Microsoft, Lowers Price Target to $540 | Forecasting The Future: 15 Analyst Projections For Microsoft | Anthropic Gains Big With Google Backing, Aims for $60 Billion Valuation and Surging AI Revenue | Tech Stocks Rise After Trump Announces AI Infrastructure Investment | Industry Comparison: Evaluating Microsoft Against Competitors In Software Industry | 'OpenAI Is Preparing To Release A New ChatGPT Feature This Week That Will Automate Complex Tasks Typically Done Through The Web Browser, Such As Making Restaurant Reservations Or Planning Trips, According To A Person With Direct Knowledge Of The Plans' - The Information | Stargate Adds Fuel To AI Frenzy, Chinese Stocks Sink On Trump Tariff Talk | OpenAI Tells Indian Court Any Order To Remove ChatGPT Training Data Inconsistent With Certain U.S. Obligations; Indian Courts Have No Jurisdiction To Hear Any Copyright Case Against OpenAI, Company Says | 'JPMorgan Lends $2.3B for Blue Owl-Tied Oracle Data Center' - Bloomberg News | 10 Information Technology Stocks With Whale Alerts In Today's Session | Microsoft Invests In Carbon Credits To Restore Amazon Rainforest, Faces Challenges From Data Center Growth, Trump's Fossil Fuel Focus | Marc Benioff Trashes Microsoft Copilot, Says Salesforce Is Becoming A Digital Labor Provider: 'This Is What AI Was Meant To Be' | SoftBank's Role in $500 Billion Stargate AI Venture Seen as Major Growth Driver, Analyst Says | Watching Kopin; Shares See Volume As Traders Circulate Article 'Army Kickstarts Possible Recompete Of Microsoft's $22 Billion IVAS Production Deal', ""Kopin Has Also Said It's Interested In Completing, While Companies Like Palantir May Also Be Eyeing A Bid."" | S&P 500 Hits Fresh Records At 6,100: Strong Earnings, Trump's AI Wager Fuel Bull Run | Christopher Young Informs Microsoft Of His Decision To Resign; He Will Cease To Serve As Executive Vice President, Business Development, Strategy, And Ventures, Effective Immediately - Filing",-0.18760228
2025-01-23,445.8160705566406,446.7099914550781,446.75,441.5,442.0,18389300,MSFT,"Microsoft's LinkedIn Hit With Lawsuit For Violating User Privacy, Allegedly Sharing Private Data For AI Model Training | Satya Nadella Stands Firm After Elon Musk Questions Stargate's $100 Billion Funding Potential: 'All I Know Is, I'm Good For My $80 Billion' | TikTok-Parent ByteDance Plans $12 Billion AI Chip Investment In 2025 To Bolster Global AI Ambitions Amid US Export Controls: Report | PLTR Stock Is Up 166% In Last 6 Months. Now Dan Ives Sees Room For 17% More Growth: 'Our Recent Checks And Growing Confidence…Is Key To The Bull Thesis' | Tesla, Nvidia ETFs In The Works To Tap Rising Interest In Same-Day Stock Options | Walmart Boosts Regional Manager Pay As Retailers Struggle To Find Leaders | Analyzing Microsoft In Comparison To Competitors In Software Industry | Stargate Project: Microsoft Gains, Oracle Waits, Data Centers Face Long-Term Questions | Salesforce's AI Agents Pivot Is Already Showing Results | President Trump Says We Need Double The Energy We Have In U.S. For AI To Be As Big As We Want It; Am Going To Give Emergency Declarations So Building Can Start; We Are Going To Allow Very Rapid Plant Building, They Can Fuel It With Anything They Want | Microsoft's LinkedIn Hit With Lawsuit For Violating User Privacy, Allegedly Sharing Private Data For AI Model Training | Satya Nadella Stands Firm After Elon Musk Questions Stargate's $100 Billion Funding Potential: 'All I Know Is, I'm Good For My $80 Billion' | TikTok-Parent ByteDance Plans $12 Billion AI Chip Investment In 2025 To Bolster Global AI Ambitions Amid US Export Controls: Report | PLTR Stock Is Up 166% In Last 6 Months. Now Dan Ives Sees Room For 17% More Growth: 'Our Recent Checks And Growing Confidence…Is Key To The Bull Thesis' | Tesla, Nvidia ETFs In The Works To Tap Rising Interest In Same-Day Stock Options | Walmart Boosts Regional Manager Pay As Retailers Struggle To Find Leaders | Analyzing Microsoft In Comparison To Competitors In Software Industry | Stargate Project: Microsoft Gains, Oracle Waits, Data Centers Face Long-Term Questions | Salesforce's AI Agents Pivot Is Already Showing Results | President Trump Says We Need Double The Energy We Have In U.S. For AI To Be As Big As We Want It; Am Going To Give Emergency Declarations So Building Can Start; We Are Going To Allow Very Rapid Plant Building, They Can Fuel It With Anything They Want | Sam Altman Posts On X ""big news: the free tier of chatgpt is going to get o3-mini! (and the plus tier will get tons of o3-mini usage)"" | Micron Technology Shares Are Falling: What's Going On?",0.08682048
2025-01-24,443.17138671875,444.05999755859375,446.6499938964844,441.3999938964844,445.1600036621094,15549500,MSFT,"Elon Musk Or Larry Ellison? Dan Ives On Who Could Win TikTok's Billion-Dollar Soap Opera: 'Someone Hand Picked From Beijing But Also Trump's White House' | Xbox Developer Direct Drops Big Surprises — Ninja Gaiden 4, Doom: The Dark Ages, And New Game Pass Titles: What You Need To Know | Nvidia, Microsoft, Or Oracle: Which Stock Among These Stargate AI Project Beneficiaries Are The Least Expensive To Own? | Tevogen Bio On Thursday Reported On Its Recent Fireside Chat With Microsoft Discussing The  Future Of AI-Driven Drug Development During the J.P. Morgan Healthcare Conference | OpenAI Wrestles With Microsoft Stake Valuation As It Looks To Transition To For-Profit Entity Amid Trump's $500 Billion Stargate AI Project: Report | OpenAI Debuts 'Operator' AI Agent That Performs Web Tasks, But Early Error Has Sam Altman Scrambling For A Quick Fix | Understanding Microsoft's Position In Software Industry Compared To Competitors | Guggenheim Reiterates Neutral on Microsoftto Neutral | Check Out What Whales Are Doing With MSFT | OpenAI Posts On X ""Canvas update: today we're rolling out a few highly-requested updates to canvas in ChatGPT...."" | 'Japan's SoftBank To Sound Out Apollo, Brookfield On Stargate Funding' - Nikkei | 'LinkedIn Takes Legal Action To Defend Member Privacy' - Pressroom",0.74979424
2025-01-27,433.6903991699219,434.55999755859375,435.20001220703125,423.5,424.010009765625,35647800,MSFT,"Nvidia Stock Slides Overnight On Robinhood As China's DeepSeek Sparks Doubts Over GPU Spending Frenzy — Chamath Palihapitiya Highlights Report Indicating AI Holy Grail Cracked | Reported Friday, Tevogen Bio Expands Collaboration With Microsoft To Advance AI-Powered PredicTcell Technology On Azure | Nvidia, AMD, Broadcom, SMCI, TSMC And Other Tech Giants Lead Monday Pre-Market Selloff As Nasdaq 100 Futures Plummet Over 650 Points Amid Reports Of Chinese AI Startup DeepSeek Overtaking ChatGPT | Aurora Mobile Partners With China's DeepSeek To Boost AI Capabilities | Satya Nadella Said 'We Should Take Development Out Of China Very, Very Seriously.' Now, DeepSeek's R1 Has Emerged As A ChatGPT Killer, Outperforming OpenAI With 50x Lower Costs: Here's More | US Stock Futures Tumble As DeepSeek Buzz Jolts Big Tech: Expert Says The Chinese AI Model Is Yet To Prove Its Viability At Lower Cost In Long Term | Google Wants To Indulge In Workforce Training and Global Policy Discussions On AI | Top 10 Trending Stocks On WallStreetBets As Of January 27, 2025 (Via Swaggy Stocks) | In-Depth Analysis: Microsoft Versus Competitors In Software Industry | Market Clubhouse Morning Memo - January 27th, 2025 (Trade Strategy For SPY, QQQ, AAPL, MSFT, NVDA, GOOGL, META and TSLA) | China's DeepSeek AI Rattles Tech Stocks, Analyst Ives Says Market Plunge 'Golden Buying Opportunity' | What's Going On With Tevogen Bio Stock Today? | DeepSeek Sparks AI Carnage As Magnificent Seven, Broadcom Lose Nearly $900 Billion In Value: Why This Expert Is Still 'Bullish' On US Tech | DeepSeek Says Due To Large-Scale Malicious Attacks On DeepSeek's Services, We Are Temporarily Limiting Registrations To Ensure Continued Service | Trump's Executive Orders Fuel Tech, Weaken Energy Stocks In His First Week: Immigration, Tariff Reforms On Cards But Experts Say 'Don't Play Politics With Your Portfolio' (CORRECTED) | 10 Information Technology Stocks With Whale Alerts In Today's Session | DeepSeek R1 Vs. OpenAI: What Consumers Need To Know About AI's Latest Challenger | Taiwan Semiconductor Partners with MTR to Tackle Carbon Emissions | Piper Sandler Maintains Overweight on Microsoft, Maintains $520 Price Target",0.100114234
2025-01-28,446.30511474609375,447.20001220703125,448.3800048828125,431.3800048828125,434.6000061035156,23491700,MSFT,"Amid Nvidia And Chinese AI Anxieties, Top Analyst Predicts Higher AI Infrastructure Demand Despite Market Jitters: 'The Market Is Overreacting To DeepSeek's Success' | Nvidia Says DeepSeek An 'Illustration' Of How New AI Models Can Be Created While Being Export-Control Compliant Amid $600 Billion Market Value Plunge | Chamath Palihapitiya Warns Of AI Shift: 'The Battle Is Now More About AI Inference Vs Training' As DeepSeek Sparks Nvidia Selloff | Amid Nvidia And Chinese AI Anxieties, Top Analyst Predicts Higher AI Infrastructure Demand Despite Market Jitters: 'The Market Is Overreacting To DeepSeek's Success' | Nvidia Says DeepSeek An 'Illustration' Of How New AI Models Can Be Created While Being Export-Control Compliant Amid $600 Billion Market Value Plunge | Chamath Palihapitiya Warns Of AI Shift: 'The Battle Is Now More About AI Inference Vs Training' As DeepSeek Sparks Nvidia Selloff | Fundstrat's Tom Lee Sees Nvidia's 17% Plunge As An 'Opportunity,' Calls Nasdaq's Over 600 Points Plunge Drop A Market 'Overreaction' | Microsoft's AI Revenue Set To Surpass $10 Billion: Piper Sandler Maintains Overweight Rating | Microsoft Eyes TikTok US Deal, Trump Says Acquisition Talks Are Underway | Microsoft Gears Up For Q2 Earnings: Will The Bullish Trend Hold? | 'OpenAI launches ChatGPT Gov for U.S. government agencies' - CNBC | Comparative Study: Microsoft And Industry Competitors In Software Industry | OpenAI Launches 'ChatGPT Gov' For US Agencies As DeepSeek Threat Heats Up AI Race | Wall Street Comes To Nvidia's Defense After Biggest Loss Ever, Many Momos Wiped Out | Microsoft Unusual Options Activity For January 28 | Should Astera Labs Investors Worry About DeepSeek? | 10 Information Technology Stocks Whale Activity In Today's Session | Not Just DeepSeek - Alibaba Unveils AI Model To Rival OpenAI's Operator | How DeepSeek's Breakthrough Is Changing The Landscape For Multi-Industrials | Sam Altman Posts On X ""next phase of the msft x oai partnership is gonna be much better than anyone is ready for!!"" | Microsoft, Amazon Web Services Could Face Cloud Services Investigation From UK Regulators | Microsoft Q2 Earnings Preview: Street 'Too Optimistic' On Near-Term AI Returns? | EXCLUSIVE: Will DeepSeek Hurt Magnificent 7 Stocks Valuation? 57% Say This | Magnificent 7 Earnings Ahead: 3 ETFs To Ride The Wave",0.19696277
2025-01-29,441.44482421875,442.3299865722656,446.8800048828125,440.3999938964844,446.69000244140625,23581400,MSFT,"Dan Ives Expects Meta And Microsoft To Stand Firm On $60 - $80 Billion AI Spending Plans Amid DeepSeek's Disruptive AI Model | Nvidia Supplier ASML Beats Q4 Earnings Estimates, CEO Says 'AI Is Key Driver For Growth:' Buy, Sell, Or Hold? Here's What Technical Analysis Suggests | Tesla, Starbucks And 3 Stocks To Watch Heading Into Wednesday | Earnings Scheduled For January 29, 2025 | Nasdaq Jumps 2% After Nvidia, Other Tech Stocks Bounce Back From DeepSeek Hit: Greed Index Remains In 'Fear' Zone | OpenAI Alleges DeepSeek Used Proprietary Models Without Permission As Microsoft Investigates AI Security Risks: 'There's Substantial Evidence' | Black Swan Author Nassim Taleb Says Nvidia Stock's 17% Drop On Monday Is 'Just The Beginning' Of Market Rout | US Futures Point To Cautious Start As Investors Await Fed's Rate Decision: Tesla, Microsoft, Meta Among Stocks In Focus Ahead Of Earnings | DeepSeek's AI Breakthrough Benefits Microsoft, But Oracle Faces Cloud Growth Challenges: Analyst | EXCLUSIVE: Nvidia Hardest Hit Among Mag 7 Stocks By DeepSeek, Poll Shows — And This Stock Ranked Second | Top 10 Trending Stocks On WallStreetBets As Of January 29, 2025 (Via Swaggy Stocks) | Cantor Fitzgerald Reiterates Overweight on Microsoft, Maintains $509 Price Target | Analyzing Microsoft In Comparison To Competitors In Software Industry | Microsoft Earnings Are Imminent; These Most Accurate Analysts Revise Forecasts Ahead Of Earnings Call | 10 Information Technology Stocks With Whale Alerts In Today's Session | Stocks Tick Down Ahead Of Fed Meeting, Nvidia Jitters Resume, Trump Media Rallies: What's Driving Markets Wednesday? | 'OpenAI Says DeepSeek May Have Improperly Harvested Its Data' - NY Times | AI ETFs In Focus As Alibaba Challenges DeepSeek With New Model | Why Nvidia, Broadcom, Marvell Are This Analyst's Top AI Bets In 'Sputnik Moment' | Microsoft Q2 2025 GAAP EPS $3.23 Beats $3.11 Estimate, Sales $69.6B Beat $68.780B Estimate | Microsoft Reports Q2 Highlights: Productivity And Business Processes Revenue Hits $29.4B, Up 14%, Intelligent Cloud Grew 19% To $25.5B, Azure Revenue Up 31%, More Personal Computing Flat At $14.7B | Microsoft Shares Slide After Q2 Results, Cloud Revenue Misses Expectations: Details",-0.21675633
2025-01-30,414.1595458984375,414.989990234375,422.8599853515625,413.1600036621094,418.7699890136719,54586300,MSFT,"MrBeast And Group Of Investors, Including Roblox CEO, Lock In Over $20 Billion For TikTok Takeover | Tesla, Meta, Microsoft, IBM, Nvidia: Why These 5 Stocks Are On Investors' Radars Today | Microsoft's $13 Billion Run Rate And OpenAI Azure Deal Spark Surge In Enterprise Demand For AI Solutions: Just 'First Tranche' Of Future Growth Potential | Microsoft CEO Satya Nadella Accepts DeepSeek AI Has Some 'Real Innovations' — But Won't Say If They Mark A Turning Point For AI Cost Reduction | SoftBank Eyes Historic $25 Billion Investment In OpenAI, Set To Dethrone Microsoft As Biggest Investor In ChatGPT-Parent | Tesla, Apple And 3 Stocks To Watch Heading Into Thursday | US Stocks Set For Gains Ahead Of Q1 GDP, Apple Earnings: Expert Says 'Higher January' Bodes Well For The Rest Of The Year | MrBeast And Group Of Investors, Including Roblox CEO, Lock In Over $20 Billion For TikTok Takeover | Tesla, Meta, Microsoft, IBM, Nvidia: Why These 5 Stocks Are On Investors' Radars Today | Microsoft's $13 Billion Run Rate And OpenAI Azure Deal Spark Surge In Enterprise Demand For AI Solutions: Just 'First Tranche' Of Future Growth Potential | Microsoft CEO Satya Nadella Accepts DeepSeek AI Has Some 'Real Innovations' — But Won't Say If They Mark A Turning Point For AI Cost Reduction | SoftBank Eyes Historic $25 Billion Investment In OpenAI, Set To Dethrone Microsoft As Biggest Investor In ChatGPT-Parent | Tesla, Apple And 3 Stocks To Watch Heading Into Thursday | US Stocks Set For Gains Ahead Of Q1 GDP, Apple Earnings: Expert Says 'Higher January' Bodes Well For The Rest Of The Year | Mizuho Maintains Outperform on Microsoft, Lowers Price Target to $500 | MSFT Stock Declines Over 4% In Premarket After Q2 Results, CEO Satya Nadella Says DeepSeek Has Some 'Real Innovations' | Meta Platforms To Rally Over 29%? Here Are 10 Top Analyst Forecasts For Thursday | Morgan Stanley Maintains Overweight on Microsoft, Lowers Price Target to $530 | UPS, Whirlpool, Microsoft And Other Big Stocks Moving Lower In Thursday's Pre-Market Session | Why VOO Investors Should Keep Calm Despite AI Stock Turbulence | Top 10 Trending Stocks On WallStreetBets As Of January 30, 2025 (Via Swaggy Stocks) | Insights Into Microsoft's Performance Versus Peers In Software Sector | Meta Vs. Microsoft: Can Their AI Infrastructure Plans Hold Up Against DeepSeek? | RBC Capital Reiterates Outperform on Microsoft, Maintains $500 Price Target | CORRECTION: Microsoft ticker Is 'MSFT' | Amazon AI-Powered AWS Boom: Can It Outshine Microsoft Azure? | Wall Street Remains Flat, Microsoft Eyes Heaviest Drop Since Late 2022, Gold Sets Fresh Records: What's Driving Markets Thursday? | 'OpenAI in Talks for Funding Round Valuing It Up to $340 Billion, Sources Say' | Microsoft Analysts Weigh Azure Weakness Against AI Strength: 'Most Compelling Investment Opportunities' | Amazon Cuts More Jobs in Cost-Saving Push: Report | 3 ETFs To Navigate Utility Stock Volatility As DeepSeek Challenges Power Demand Forecasts | UBS Maintains Buy on Microsoft, Lowers Price Target to $510",0.36011043
2025-01-31,414.22943115234375,415.05999755859375,420.69000244140625,414.9100036621094,418.9800109863281,34223400,MSFT,"SoftBank May Lead OpenAI's $40 Billion Funding Round At A $300 Billion Valuation Despite DeepSeek Disruption: Report | Sam Altman Thanks Satya Nadella, Jensen Huang As OpenAI Deploys NVIDIA's GB200 On Microsoft Azure, Boosting Performance By 30X | Dow Jumps Over 150 Points As Investors Monitor Earnings Reports; Investor Sentiment Improves, Fear & Greed Index Remains In 'Neutral' Zone | China's DeepSeek-R1 Lands On Microsoft Azure And AWS — The Same Model That Shook Silicon Valley | US Stock Futures Climb After Apple Beats Q1 Expectations: Expert Says Tech Stocks Hold Above Key Level Despite DeepSeek Impact | Inquiry Into Microsoft's Competitor Dynamics In Software Industry | 5 ETFs To Watch During Microsoft's Post-Earnings Drop | Humanoid Robots Bigger Than Evs, Retail Investors Buy $1B Nvidia But Institutions Sell, Microsoft Offers DeepSeek | 10 Information Technology Stocks With Whale Alerts In Today's Session | Deal Dispatch: Sage And Silvus Are Up For Sale, MrBeast Secures $20B For TikTok | EXCLUSIVE: This 'Magnificent 7' Stock Will Feel The Pinch Of Fed's Rate Decision, Poll Shows | Stocks Trim DeepSeek Losses, Fed Holds Steady, Trump Slaps 25% Tariffs On Canada, Mexico: This Week In The Markets",-0.8554417
