Date,Adj Close,Close,High,Low,Open,Volume,Ticker,headline,sentiment_score,sentiment_class
2025-01-02,243.5821990966797,243.85000610351562,249.10000610351562,241.82000732421875,248.92999267578125,55740700,AAPL,"Tim Cook, Mark Zuckerberg, Elon Musk, And More: Tech Moguls Post Upbeat New Year Greetings: 'Have A Good Feeling About 2025' | Apple Discounts iPhone 16 Prices In China By Up To $68.5 As It Battles Huawei's Resurgence In The Country | UBS Cuts iPhone Sales Forecast For December Amid Stiff Competition From Rivals, Maintains Neutral Rating | Broadcom Thrives with 114% Stock Surge in AI Boom, While Intel Faces Steep Decline | Tech Predictions 2025: Apple's Edge AI Drive, M&A Heat, Cloud Hardware Shift | Assessing Apple's Performance Against Competitors In Technology Hardware, Storage &amp; Peripherals Industry | 'CPCS Secures Agreement With Apple For Enhanced Warnings To Protect Children From Hazards Of Battery Ingestion; Apple Takes Action To Address Labeling Violations On AirTags' - CPSC | Top 10 Trending Stocks On WallStreetBets As Of January 2, 2025 (Via Swaggy Stocks) | 10 Information Technology Stocks With Whale Alerts In Today's Session | Some Investors Are Selling Apple Stock Thursday: Here's Why",-0.28220809,negative
2025-01-03,243.0927276611328,243.36000061035156,244.17999267578125,241.88999938964844,243.36000061035156,40244100,AAPL,"Biden-Era Net Neutrality Rules Overturned By Federal Appeals Court: What It Means For Net Freedom, Cybersecurity And Consumers | Apple Settles $95 Million Lawsuit Over Siri Privacy Violations: Here's The Amount Affected Users Will Receive | Samsung Challenges Google With $60 Fitbit Killer, Also Brings $200 Budget Smartphone To The US: What You Need To Know | Apple Rival Huawei, Alibaba And Others Get Boost As China Doles Out Subsidies To Smartphone Buyers | Microsoft's Copilot Plus Set To Expand To Mini PCs At CES As Windows-Maker Looks To Take On Apple's Mac Mini | Warren Buffett's S&P 500 Fund Strategy Faces New Challenge As Market Concentration Hits Levels Not Seen Since 1930s: Top 10 Companies Now 800X Bigger Than 75% Of Stocks On The Index | B of A Securities Maintains Buy on Apple, Maintains $256 Price Target | Top 10 Trending Stocks On WallStreetBets As Of January 3, 2025 (Via Swaggy Stocks) | Evaluating Apple Against Peers In Technology Hardware, Storage &amp; Peripherals Industry | Apple, Microsoft, Nvidia Push Vanguard's Low-Cost S&P 500 ETF Higher | Bernstein Maintains Outperform on Apple, Raises Price Target to $260 | Apple iPhones Lose Ground In China As Subsidies Boost Huawei, Domestic Rivals | 10 Information Technology Stocks Whale Activity In Today's Session | Nvidia's $2 Trillion AI Rally In 2024 Fueled by Chips, Startups, and Robotics",-0.7669226,positive
2025-01-06,244.73092651367188,245.0,247.3300018310547,243.1999969482422,244.30999755859375,45045600,AAPL,"Apple Supplier Foxconn Posts Record Revenue, Rides High On AI Server Demand And Nvidia Partnership | OpenAI CEO Sam Altman Says Company Losing Money On ChatGPT Pro Plan | AI Chip Stocks Nvidia, Broadcom, AMD, Taiwan Semi, Micron, Super Micro Surge Premarket: Whats Going On? | Top 10 Trending Stocks On WallStreetBets As Of January 6, 2025 (Via Swaggy Stocks) | Insights Into Apple's Performance Versus Peers In Technology Hardware, Storage &amp; Peripherals Sector | Big Tech's Date With Antitrust: Alphabet, Meta, Amazon Brace For Legal Showdowns In 2025 | AI, Quantum, And Robotics in Focus – All Eyes On Nvidia CEO Keynote | Warren Buffett Beats S&P 500 In 2024, How Oracle Of Omaha's Returns Compare Over Past 20 Years",0.6253121,neutral
2025-01-07,241.94400024414062,242.2100067138672,245.5500030517578,241.35000610351562,242.97999572753906,40856000,AAPL,"Apple Admits AI Flaws After BBC Complains, Vows Fix For Misleading News Summaries | Amid Nvidia's CES 2025 Buzz, Investors Overlooked Apple Supplier Foxconn's Strong Q4, Says Jim Cramer | Amazon's Ring Introduces Smart Smoke Alarms At CES 2025 Starting At $55 | MoffettNathanson Downgrades Apple to Sell, Lowers Price Target to $188 | Meta Discontinues $999 Quest Pro, Shifts Focus to Affordable Quest 3 | Taiwan Semiconductor Ramps Up Production in Japan, US, and Germany to Diversify Away from China | Top 10 Trending Stocks On WallStreetBets As Of January 7, 2025 (Via Swaggy Stocks) | This Apple Analyst Turns Bearish; Here Are Top 5 Downgrades For Tuesday | United Airlines To Rally Around 42%? Here Are 10 Top Analyst Forecasts For Tuesday | Apple Admits AI Flaws After BBC Complains, Vows Fix For Misleading News Summaries | Amid Nvidia's CES 2025 Buzz, Investors Overlooked Apple Supplier Foxconn's Strong Q4, Says Jim Cramer | Amazon's Ring Introduces Smart Smoke Alarms At CES 2025 Starting At $55 | MoffettNathanson Downgrades Apple to Sell, Lowers Price Target to $188 | Meta Discontinues $999 Quest Pro, Shifts Focus to Affordable Quest 3 | Taiwan Semiconductor Ramps Up Production in Japan, US, and Germany to Diversify Away from China | Top 10 Trending Stocks On WallStreetBets As Of January 7, 2025 (Via Swaggy Stocks) | This Apple Analyst Turns Bearish; Here Are Top 5 Downgrades For Tuesday | United Airlines To Rally Around 42%? Here Are 10 Top Analyst Forecasts For Tuesday | Evaluating Apple Against Peers In Technology Hardware, Storage &amp; Peripherals Industry | This Is What Whales Are Betting On Apple | Apple Analyst Flags iPhone AI Struggles, Google Deal Risks | 3 Digital Infrastructure ETFs In Focus As Trump Reveals Billion-Dollar Data Center Construction Plan",0.44973266,neutral
2025-01-08,242.43344116210938,242.6999969482422,243.7100067138672,240.0500030517578,241.9199981689453,37628900,AAPL,"Dell Simplifies PC Lineup With Apple-Like Branding: XPS, Inspiron Brands Are Gone For Good | 10 Information Technology Stocks With Whale Alerts In Today's Session",0.496055,neutral
2025-01-10,236.58987426757812,236.85000610351562,240.16000366210938,233.0,240.00999450683594,61710900,AAPL,"Apple's Alarm Issue Persists: iOS 18 Fails To Fix The Longstanding Problem Leaving Users Oversleeping | Taiwan Semiconductor Hits $26.3 Billion Q4 Revenue, Reportedly Ends PowerAIR Deal Over Huawei Chip Breach Amid US Sanctions | $100 Invested In This Stock 15 Years Ago Would Be Worth This Much Today | Analyst Ming-Chi Kuo Says ""Apple Likely To Face Fiercer Challenges in 2025, Requiring Caution Against Potential Downside Risks from Earlier Overly Optimistic Market Sentiment"" | 10 Information Technology Stocks Whale Activity In Today's Session | SpaceX, Apple, Airbnb And More Companies Pitch In To Support California Residents After Wildfires: 'We Want To Help'",-0.5215874,positive
2025-01-13,234.14256286621094,234.39999389648438,234.6699981689453,229.72000122070312,233.52999877929688,49630700,AAPL,"Mark Zuckerberg Slams Apple On Joe Rogan Podcast, Says They Are 'Sitting' On Steve Jobs' Legacy — But Meta CEO's Feud With Tim Cook Is Nothing New | Top 10 Trending Stocks On WallStreetBets As Of January 13, 2025 (Via Swaggy Stocks) | Taiwan Semiconductor Begins 4nm Chip Production in Arizona, Eyes $11.4 Billion Q4 Profit | Understanding Apple's Position In Technology Hardware, Storage &amp; Peripherals Industry Compared To Competitors | Apple's iPhone Market Share Declines in China, Huawei and Xiaomi Gain Momentum in 2024: Counterpoint | TikTok Ban Deadline Ahead: What Will Happen To App On Your Phone?",0.022290643,negative
2025-01-14,233.02378845214844,233.27999877929688,236.1199951171875,232.47000122070312,234.75,39435300,AAPL,"SoftBank-Backed Arm Plans Major Price Hike: Apple, Qualcomm Supplier Explores Chip Development | EU Reconsiders Apple, Meta And Google Investigations Ahead Of Trump's Potential White House Return: 'It's Going To Be A Whole New Ballgame' | Jim Cramer Says 'One-Two Punch' From Government And Meta CEO Mark Zuckerberg Led To Nasdaq's Monday Decline: '...May Have Been Too Much For Everyone' | Performance Comparison: Apple And Competitors In Technology Hardware, Storage &amp; Peripherals Industry | Apple And Nvidia Supplier Taiwan Semiconductor Leads Semiconductor Market with 64% Share | 10 Information Technology Stocks With Whale Alerts In Today's Session | Apple Sees Market Share Decline in 2024 as Chinese Smartphone Brands Surge Globally: IDC",0.01563026,negative
2025-01-15,237.60874938964844,237.8699951171875,238.9600067138672,234.42999267578125,234.63999938964844,39832000,AAPL,"Siri, Alexa And Google Assistant May Become A Thing Of The Past Thanks To ChatGPT Tasks — Here's How To Use The New Feature | Siri, Alexa And Google Assistant May Become A Thing Of The Past Thanks To ChatGPT Tasks — Here's How To Use The New Feature | Decoding Apple's Options Activity: What's the Big Picture? | Investigating Apple's Standing In Technology Hardware, Storage &amp; Peripherals Industry Compared To Competitors | Goldman Sachs CEO Says For The Apple Card Platform This Year, There Was Roughly 75 To 100 Basis Point Drag On The Firm's Overall ROE; Have Partnership With Apple On The Card Business Until 2030 Although There's Some Possibility That It Won't Continue Until That Timeframe | 10 Information Technology Stocks Whale Activity In Today's Session",-0.09650776,positive
2025-01-16,228.00930786132812,228.25999450683594,238.00999450683594,228.02999877929688,237.35000610351562,71759100,AAPL,"Steve Jobs Dropped The First iPod Prototype In A Fish Tank And It Wasn't To Test If It Was Waterproof | Apple Eyes Barclays And Synchrony To Replace Goldman Sachs As Credit Card Partner: Report | Apple MixC Hefei Set To Open As First Store In Anhui, China | Apple Stock Has Moved Up 4.2% Since iPhone 16 Launched, Analyst Says It Has Another 8% Upside As Manufacturing Cost Decline Bolsters Cupertino's Margins | Taiwan Semiconductor Q4 Earnings: 3nm and 5nm Nodes Lead Topline Growth, Expands Margins, Issues Strong Q1 Outlook | AI Chip Stocks Gain Momentum On Taiwan Semiconductor Performance;  Biden's Semiconductor Sanctions Kick In | Insights Into Apple's Performance Versus Peers In Technology Hardware, Storage &amp; Peripherals Sector | 10 Information Technology Stocks With Whale Alerts In Today's Session | Stocks Pause, Chipmakers Rise, Gold Hits 2-Month Highs: What's Driving Markets Thursday? | Bond Rally Drives Stock Market, Taiwan Semi Results Show AI Demand, Manipulators Having A Heyday With Quantum Computing | State Farm Pulls Super Bowl Ad, AppleTV+ Campaign After California Fires To Focus On 'Safety Of Our Customers' | Apple Shares Dip As iPhone Sales In China Decline Sharply In 2024: What's Going On?",-0.7848342,positive
2025-01-17,229.7274169921875,229.97999572753906,232.2899932861328,228.47999572753906,232.1199951171875,68488300,AAPL,"Apple, Rivian, Unitedhealth, Biomerica, Tesla: Why These 5 Stocks Are On Investors' Radars Today | Apple CFO Denies Claims Of 75% Profit Margins On App Store: 'I Wouldn't Say They're Accurate' | TikTok Ban Decision Left To Trump By Biden Administration: What This Means For 170 Million US Users And Big Tech | As TikTok Faces US Ban, VPN Searches Skyrocket 800%: Will Workarounds Work? Experts Weigh In | S&P 500 Ends Three-Session Win Streak Amid Decline In Apple, Nvidia: Greed Index Remains In 'Fear' Zone | Taiwan Semi Chief To Skip Trump Inauguration, Calls US Semiconductor Sanctions 'Manageable' | US Stocks Likely To Open Higher Ahead of Trump's Inaugration: All 11 Sectors To Report Growing Profits In 2025, Says Analyst | Nvidia Unveils AI Safety Tools to Boost Enterprise Trust; CEO Jensen To Miss Trump Inauguration | Industry Comparison: Evaluating Apple Against Competitors In Technology Hardware, Storage &amp; Peripherals Industry | Top 10 Trending Stocks On WallStreetBets As Of January 17, 2025 (Via Swaggy Stocks) | Supreme Court Upholds TikTok Ban Ahead Of Trump's Inauguration: Necessary For 'Well-Supported National Security Concerns' | On CNBC, Kevin Simpson Announces Bought Apple | IMAX Secures Netflix Deal for Exclusive 'Narnia' Theatrical Release, Stock Jumps | 10 Information Technology Stocks With Whale Alerts In Today's Session | Smart Money Is Betting Big In AAPL Options",-0.6018912,positive
2025-01-21,222.39547729492188,222.63999938964844,224.4199981689453,219.3800048828125,224.0,98070400,AAPL,"Apple Gets Rare Downgrade From Jefferies, Analyst Warns On Slowing Revenue Growth, Missed Forecasts, And Falling iPhone Demand | Nvidia, Apple-Supplier TSMC Halts Production As 6.4 Magnitude Earthquake Strikes Taiwan | Nancy Pelosi Sells Nvidia, Apple And Loads Up On Google-Parent Alphabet And Amazon Calls | Trump Suspends US TikTok Ban For 75 Days With Executive Order, But Legal And Market Uncertainty Looms Over Platform's Future | Jefferies Downgrades Apple to Underperform, Lowers Price Target to $200.75 | Needham Reiterates Buy on Apple, Maintains $260 Price Target | Apple Stock: A Deep Dive Into Analyst Perspectives (15 Ratings) | Apple Gets Rare Downgrade From Jefferies, Analyst Warns On Slowing Revenue Growth, Missed Forecasts, And Falling iPhone Demand | Nvidia, Apple-Supplier TSMC Halts Production As 6.4 Magnitude Earthquake Strikes Taiwan | Nancy Pelosi Sells Nvidia, Apple And Loads Up On Google-Parent Alphabet And Amazon Calls | Trump Suspends US TikTok Ban For 75 Days With Executive Order, But Legal And Market Uncertainty Looms Over Platform's Future | Jefferies Downgrades Apple to Underperform, Lowers Price Target to $200.75 | Needham Reiterates Buy on Apple, Maintains $260 Price Target | Apple Stock: A Deep Dive Into Analyst Perspectives (15 Ratings) | This Apple Analyst Turns Bearish; Here Are Top 5 Downgrades For Tuesday | US Stocks Set To Open On A Positive Note As Trump's Second White House Term Kicks Off: Tesla, Apple, Netflix Among Stocks In Focus | JP Morgan Maintains Overweight on Apple, Lowers Price Target to $260 | Qualcomm's China Tailwind: Analyst Sees Positives That 'Overwhelm' Apple Concerns | Huawei Wants To Take Nvidia's Place In AI In China, Shifts Focus to Inference Over Training | Apple's AI Advances Can't Offset Chinese Market Slowdown, Says Analyst | Loop Capital Downgrades Apple to Hold, Announces $230 Price Target | In-Depth Analysis: Apple Versus Competitors In Technology Hardware, Storage &amp; Peripherals Industry | 10 Information Technology Stocks Whale Activity In Today's Session | Small Caps Soar, Apple Slips, Treasury Yields Fall On Trump Day 2: What's Driving Markets Tuesday? | Qorvo Could Achieve $9.63 EPS By 2026 With Activist Involvement, Morgan Stanley Upgrades Stock | Apple's iPhone Dependence Remains, But Services, Wearables Offer Growth Potential: Analyst | Meta Expands AI Wearables With Oakley Smart Glasses, Camera-Equipped Earbuds In Development",0.1175045,negative
2025-01-22,223.58416748046875,223.8300018310547,224.1199951171875,219.7899932861328,219.7899932861328,64126500,AAPL,"Marvel Mobile Game Goes Dark After TikTok Ban: How Disney's Superhero Brand Got Caught Up In US Vs. China Battle | Trump Open To Elon Musk Or Larry Ellison Buying TikTok: Calls US Permit Key To $1 Trillion Valuation | Barclays Maintains Underweight on Apple, Lowers Price Target to $183 | Apple To $183? Here Are 10 Top Analyst Forecasts For Wednesday | Comparing Apple With Industry Competitors In Technology Hardware, Storage &amp; Peripherals Industry | Live On CNBC, Kevin Simpson Announces Bought More Apple | 10 Information Technology Stocks With Whale Alerts In Today's Session | Netflix Worth More Than Disney, Paramount, Comcast, Fox Combined",0.5028732,neutral
2025-01-23,223.41436767578125,223.66000366210938,227.02999877929688,222.3000030517578,224.74000549316406,60234800,AAPL,"Apple's $510 Billion Market Cap Drop Opens Door For Nvidia To Reclaim World's Largest Company Title Amid iPhone Maker's China Struggles | Samsung, Google Team Up On AR Glasses Development, Duo To Enter Race Against Meta And Apple | Goldman Sachs Maintains Buy on Apple, Lowers Price Target to $280 | Samsung Teases Galaxy S25 Edge, To Take On Apple's Rumored iPhone 17 Air | Apple To $280? Here Are 10 Top Analyst Forecasts For Thursday | Tesla, Nvidia ETFs In The Works To Tap Rising Interest In Same-Day Stock Options | Performance Comparison: Apple And Competitors In Technology Hardware, Storage &amp; Peripherals Industry | Samsung Taps Google AI, Qualcomm Tech for Galaxy S25 to Rival Apple's iPhone | Wedbush Reiterates Outperform on Apple, Maintains $325 Price Target | 2025 Oscars: 'Emilia Pérez' Leads With 13 Nods, Trump Portrayal In Spotlight | 10 Information Technology Stocks Whale Activity In Today's Session | Tesla Lost $15 Billion In Brand Value In 2024, Report Says: Did Elon Musk's Political Push Hurt EV Giant? | TikTok Ban Effect: Smartphones With App Installed Hit Ebay",0.51424605,neutral
2025-01-24,222.5353240966797,222.77999877929688,225.6300048828125,221.41000366210938,224.77999877929688,54697900,AAPL,"Epic Games CEO Tim Sweeney Prepared To Spend Billions For Decades Fighting Apple, Google Monopolies: 'We Think Our Best Days Are Ahead' | B of A Securities Maintains Buy on Apple, Lowers Price Target to $253 | Apple To $253? Here Are 10 Top Analyst Forecasts For Friday | Inquiry Into Apple's Competitor Dynamics In Technology Hardware, Storage &amp; Peripherals Industry | TikTok Ban Sparks Divide: Oracle Backs Trump While Apple, Google Play It Safe | 10 Information Technology Stocks With Whale Alerts In Today's Session | EXCLUSIVE: Will Warren Buffett Sell More Apple Stock After iPhone Sales Drop In China? 56% Say This | Apple Q1 Earnings Might Not Miss A Beat, Even As iPhone Sales Stumble: Analyst | Trump Sparks Records On Wall Street, AI Stargate Project Lifts Chipmakers; Inflation, Tariff Jitters Arise: This Week In The Market | Epic Games CEO Tim Sweeney Prepared To Spend Billions For Decades Fighting Apple, Google Monopolies: 'We Think Our Best Days Are Ahead' | B of A Securities Maintains Buy on Apple, Lowers Price Target to $253 | Apple To $253? Here Are 10 Top Analyst Forecasts For Friday | Inquiry Into Apple's Competitor Dynamics In Technology Hardware, Storage &amp; Peripherals Industry | TikTok Ban Sparks Divide: Oracle Backs Trump While Apple, Google Play It Safe | 10 Information Technology Stocks With Whale Alerts In Today's Session | EXCLUSIVE: Will Warren Buffett Sell More Apple Stock After iPhone Sales Drop In China? 56% Say This | Apple Q1 Earnings Might Not Miss A Beat, Even As iPhone Sales Stumble: Analyst | Trump Sparks Records On Wall Street, AI Stargate Project Lifts Chipmakers; Inflation, Tariff Jitters Arise: This Week In The Market",0.50592005,neutral
2025-01-27,229.6075439453125,229.86000061035156,232.14999389648438,223.97999572753906,224.02000427246094,94863400,AAPL,"Apple AirPods With Cameras? Rumors Persist About Next-Gen Features | Despite Peter Thiel Ties, JD Vance Warns Of Big Tech Billionaires' Excessive Clout: They've Got 'Too Much Power' | Elon Musk Questions Stargate Funding, Sam Altman's Flip Flop On Trump, OpenAI's Operator: This Week In AI | iOS 18.4 Preview: Updates To Siri, More Languages For Apple Intelligence, And Robot Vacuum Support — Everything We Know So Far | Apple's iPad Turns 15 Today: Here's A Throwback To When Steve Jobs Explained Called It The 'Third Category' After Phones And Notebooks | US Stock Futures Tumble As DeepSeek Buzz Jolts Big Tech: Expert Says The Chinese AI Model Is Yet To Prove Its Viability At Lower Cost In Long Term | Rosenblatt Maintains Buy on Apple, Maintains $262 Price Target | Meta Wants To Leverage TikTok Ban Threat to Promote Instagram On Other Social Media, Offers Cash Deals | Top 10 Trending Stocks On WallStreetBets As Of January 27, 2025 (Via Swaggy Stocks) | Comparing Apple With Industry Competitors In Technology Hardware, Storage &amp; Peripherals Industry | Market Clubhouse Morning Memo - January 27th, 2025 (Trade Strategy For SPY, QQQ, AAPL, MSFT, NVDA, GOOGL, META and TSLA) | China's DeepSeek AI Rattles Tech Stocks, Analyst Ives Says Market Plunge 'Golden Buying Opportunity' | DeepSeek Sparks AI Carnage As Magnificent Seven, Broadcom Lose Nearly $900 Billion In Value: Why This Expert Is Still 'Bullish' On US Tech | 10 Information Technology Stocks With Whale Alerts In Today's Session | Tech Stocks Tumble On AI Nightmare, Nvidia Eyes Worst Day Since March 2020, Bitcoin Drops Below $100,000: What's Driving Markets Monday? | Here's How Much You Would Have Made Owning Apple Stock In The Last 20 Years",0.7259787,neutral
2025-01-28,237.99832153320312,238.25999450683594,240.19000244140625,230.80999755859375,230.85000610351562,75707600,AAPL,"DeepSeek Suffers 'Degraded Performance,' Says Hit By 'Large-Scale Malicious Attacks' After Rapidly Emerging As App Store Chart Topper | iOS 18.3 Released With Urgent Security Fixes — Here's Why Every iPhone User Should Update Immediately | Trump Says Its Time For US To 'Return' To A System That Made It Rich And Powerful As The President Proposes Tariffs On Taiwan: 'Bring Production Back To Our Country' | Taiwan Semiconductor Stock Rebounds After Selloff, US-Taiwan Chip Partnership Still Faces Tariff Threats | Comparing Apple With Industry Competitors In Technology Hardware, Storage &amp; Peripherals Industry | Wall Street Comes To Nvidia's Defense After Biggest Loss Ever, Many Momos Wiped Out | Google Fights Record EU Android Fine, Claims Users Choose Services Over Rivals | 10 Information Technology Stocks Whale Activity In Today's Session | DeepSeek News Plunges IT Hardware Stocks, But Analyst Sees 5 Bright Spots Among Tech Giants | EXCLUSIVE: Will DeepSeek Hurt Magnificent 7 Stocks Valuation? 57% Say This | Magnificent 7 Earnings Ahead: 3 ETFs To Ride The Wave",-0.030218896,negative
2025-01-29,239.0971221923828,239.36000061035156,239.86000061035156,234.00999450683594,234.1199951171875,45486100,AAPL,"Apple Surprises Users With Starlink Beta, Teams Up With Elon Musk's SpaceX And T-Mobile To Bring Satellite Texting For iPhone Users In iOS 18.3 | Nvidia Supplier ASML Beats Q4 Earnings Estimates, CEO Says 'AI Is Key Driver For Growth:' Buy, Sell, Or Hold? Here's What Technical Analysis Suggests | Black Swan Author Nassim Taleb Says Nvidia Stock's 17% Drop On Monday Is 'Just The Beginning' Of Market Rout | Arm China Eyes Leadership Change As AI Boom And US-China Relationship Reshape Industry | Oppenheimer Downgrades Apple to Perform | Apple Shares Move Lower; Seeing Reports Oppenheimer Downgraded From Outperform To Perform | EXCLUSIVE: Nvidia Hardest Hit Among Mag 7 Stocks By DeepSeek, Poll Shows — And This Stock Ranked Second | Apple Surprises Users With Starlink Beta, Teams Up With Elon Musk's SpaceX And T-Mobile To Bring Satellite Texting For iPhone Users In iOS 18.3 | Nvidia Supplier ASML Beats Q4 Earnings Estimates, CEO Says 'AI Is Key Driver For Growth:' Buy, Sell, Or Hold? Here's What Technical Analysis Suggests | Black Swan Author Nassim Taleb Says Nvidia Stock's 17% Drop On Monday Is 'Just The Beginning' Of Market Rout | Arm China Eyes Leadership Change As AI Boom And US-China Relationship Reshape Industry | Oppenheimer Downgrades Apple to Perform | Apple Shares Move Lower; Seeing Reports Oppenheimer Downgraded From Outperform To Perform | EXCLUSIVE: Nvidia Hardest Hit Among Mag 7 Stocks By DeepSeek, Poll Shows — And This Stock Ranked Second | This Apple Analyst Is No Longer Bullish; Here Are Top 5 Downgrades For Wednesday | Top 10 Trending Stocks On WallStreetBets As Of January 29, 2025 (Via Swaggy Stocks) | Competitor Analysis: Evaluating Apple And Competitors In Technology Hardware, Storage &amp; Peripherals Industry | Taiwan Semiconductor Gains Government Support, Faces Trump's Tariff Threats, Cheaper Chinese Rivals | Apple's AI Delay Costs Market Share: Will Q1 Earnings Soften The Blow? | Qorvo's Outlook Shaped By Apple, Restructuring Moves, 6 Analysts Weigh In | Apple Says Major League Soccer Returns To Apple TV Next Month; Subscribers Can Access Every MLS Game With No Blackouts; Partnering With Comcast To Offer Xfinity Customers An Integrated Viewing Experience For MLS Season Pass | Why Globalstar Stock Is Tumbling Wednesday | Apple Q1 Earnings Preview: Analyst Downgrades On China, iPhone Concerns, Says 'Little Upside' Ahead | AI ETFs In Focus As Alibaba Challenges DeepSeek With New Model | AST SpaceMobile Shares Are Down Today: What's Going On?",0.07732758,negative
2025-01-30,237.3290557861328,237.58999633789062,240.7899932861328,237.2100067138672,238.6699981689453,55658300,AAPL,"Tesla, Apple And 3 Stocks To Watch Heading Into Thursday | Nasdaq Declines As Nvidia Edges Lower, Fed Leaves Interest Rates Unchanged: Fear & Greed Index In 'Neutral' Zone | Earnings Scheduled For January 30, 2025 | US Stocks Set For Gains Ahead Of Q1 GDP, Apple Earnings: Expert Says 'Higher January' Bodes Well For The Rest Of The Year | How To Earn $500 A Month From Apple Stock Ahead Of Q1 Earnings | Why VOO Investors Should Keep Calm Despite AI Stock Turbulence | Top 10 Trending Stocks On WallStreetBets As Of January 30, 2025 (Via Swaggy Stocks) | Inquiry Into Apple's Competitor Dynamics In Technology Hardware, Storage &amp; Peripherals Industry | 10 Information Technology Stocks Whale Activity In Today's Session | Wall Street Remains Flat, Microsoft Eyes Heaviest Drop Since Late 2022, Gold Sets Fresh Records: What's Driving Markets Thursday? | ""Amazon Raises Its Ad Spending on Elon Musk's X, in Major Reversal; Apple In Recent Weeks Has Had Discussions About Testing Out Ads On X"" - WSJ | Apple Q1 2025 GAAP EPS $2.40 Beats $2.36 Estimate, Sales $124.300B Beat $124.131B Estimate | Apple Q1 2025 iPhone Sales $69.138B | Apple Q1 2025 iPad Sales $8.088B | Apple Q1 2025 Mac Sales $8.987B | Apple Q1 2025 Wearables Sales $11.757B | Apple Q1 2025 Services Sales $26.34B | Apple Americas Net Sales $52.648B, Up From $50.43B YoY; Europe Net Sales $33.861B, Up From $30.397B, Greater China Net Sales $18.513B, Down From $20.819B | Apple Q1 Earnings: Revenue Beat, EPS Beat, iPhone Sales Slip, Installed Base Climbs To All-Time High — 'Our Best Quarter Ever'",-0.1996189,negative
2025-01-31,235.74081420898438,236.0,247.19000244140625,233.44000244140625,247.19000244140625,101075100,AAPL,"Elon Musk Bringing Advertisers Back To X: Amazon Boosts Spending, Apple Considers Return | Tim Cook Praises China's DeepSeek For Driving Efficiency, Stresses Apple's 'Prudent And Deliberate' Approach Toward Capital Expenditure | Apple, Intel, Walgreens, UPS, And Tesla: Why These 5 Stocks Are On Investors' Radars Today | Gene Munster Says Apple's 'Mess Wasn't As Big As It Looked' As iPhone Maker Delivers Better Than Expected Results | Tim Cook Sees Apple Products Covered By Beijing's Subsidy Program As iPhone Maker Faces 11% Revenue Decline In China: 'Fiscal Stimulus Occurring' | Tim Cook Won't Say How Apple Plans To Handle Trump's Tariff Policies — But Here's What's At Stake For The iPhone Maker | Why Apple Shares Are Trading Higher; Here Are 20 Stocks Moving Premarket | Apple, Exxon Mobil And 3 Stocks To Watch Heading Into Friday | Goldman Sachs Maintains Buy on Apple, Raises Price Target to $294 | Jefferies Maintains Underperform on Apple, Raises Price Target to $202.33 | JP Morgan Maintains Overweight on Apple, Raises Price Target to $270 | Barclays Maintains Underweight on Apple, Raises Price Target to $197 | B of A Securities Maintains Buy on Apple, Raises Price Target to $265 | Elon Musk Bringing Advertisers Back To X: Amazon Boosts Spending, Apple Considers Return | Tim Cook Praises China's DeepSeek For Driving Efficiency, Stresses Apple's 'Prudent And Deliberate' Approach Toward Capital Expenditure | Apple, Intel, Walgreens, UPS, And Tesla: Why These 5 Stocks Are On Investors' Radars Today | Gene Munster Says Apple's 'Mess Wasn't As Big As It Looked' As iPhone Maker Delivers Better Than Expected Results | Tim Cook Sees Apple Products Covered By Beijing's Subsidy Program As iPhone Maker Faces 11% Revenue Decline In China: 'Fiscal Stimulus Occurring' | Tim Cook Won't Say How Apple Plans To Handle Trump's Tariff Policies — But Here's What's At Stake For The iPhone Maker | Why Apple Shares Are Trading Higher; Here Are 20 Stocks Moving Premarket | Apple, Exxon Mobil And 3 Stocks To Watch Heading Into Friday | Goldman Sachs Maintains Buy on Apple, Raises Price Target to $294 | Jefferies Maintains Underperform on Apple, Raises Price Target to $202.33 | JP Morgan Maintains Overweight on Apple, Raises Price Target to $270 | Barclays Maintains Underweight on Apple, Raises Price Target to $197 | B of A Securities Maintains Buy on Apple, Raises Price Target to $265 | Evercore ISI Group Maintains Outperform on Apple, Raises Price Target to $260 | US Stock Futures Climb After Apple Beats Q1 Expectations: Expert Says Tech Stocks Hold Above Key Level Despite DeepSeek Impact | Morgan Stanley Maintains Overweight on Apple, Raises Price Target to $275 | Needham Reiterates Buy on Apple, Maintains $260 Price Target | Apple To Rally Around 24%? Here Are 10 Top Analyst Forecasts For Friday | Apple Shares Jump Over 4% In Pre-Market After Tim Cook Calls Q1 'Best Quarter Ever' For iPhone Maker | Nasdaq Jumps Over 150 Points; Apple Posts Upbeat Earnings | Market Analysis: Apple And Competitors In Technology Hardware, Storage &amp; Peripherals Industry | Apple Shares Are On The Rise After Q1 Earnings | Benzinga Market Summary; Apple Rises After Earnings Beat, PCE Is In Line With Estimates, Trudeau Reportedly Says Canada Would Respond to Tariffs; S&P Rises | Apple's 'Better Than Feared' Guidance Calms iPhone, AI, China Concerns: 7 Analyst Reactions | Apple And Tesla Supplier STMicroelectronics Plans Up to 3,000 Job Cuts in Italy and France | Tech Stocks Rally, S&P 500 Flirts With Records, Gold Extends All-Time Highs: What's Driving Markets Friday? | Apple shares are trading higher following better-than-expected Q1 financial results. Several analysts raised their price targets on the stock following the report. | 'Apple Requests a Pause to Google Search Antitrust Penalty Trial' - The Information | Taiwan Bans DeepSeek AI Over Security Concerns, Joins Global Scrutiny of Chinese Tech | 'Apple Scraps Work On Mac-Connected Augmented Reality Glasses; Headset Group Struggles To Find Path Forward After Vision Pro; Canceled Device Would Have Rivaled Meta's Future AR Glasses' - Bloomberg News | Citigroup Maintains Buy on Apple, Raises Price Target to $275 | EXCLUSIVE: This 'Magnificent 7' Stock Will Feel The Pinch Of Fed's Rate Decision, Poll Shows | Apple Unusual Options Activity | Stocks Trim DeepSeek Losses, Fed Holds Steady, Trump Slaps 25% Tariffs On Canada, Mexico: This Week In The Markets",0.39434445,negative
2025-02-03,227.75958251953125,228.00999450683594,231.8300018310547,225.6999969482422,229.99000549316406,73063300,AAPL,"Apple Watch Faces Are A Mess — Series 10's Biggest Feature Is Limited To Just Four Faces, Frustrating Users | Dow Dips Over 300 Points As Trump Imposes Tariffs On Canada, Mexico, And China: Fear & Greed Index Remains In 'Neutral' Zone | Nvidia, SMCI, Broadcom, And Other Tech Stocks Slide In Monday Pre-Market As Trump Imposes Tariffs On Imports From China, Mexico, And Canada | Apple's Spring 2025 Lineup: iPhone SE 4, M4 Macbook Air And More Expected Soon | Samsung Offers Galaxy S25 Ultra At A Discount Of Up To $1020, Making It 3x Cheaper Than Apple's iPhone 16 Pro: Here's How You Can Get It For Almost Free | Billionaire Ray Dalio Raises Valuation Concerns As DeepSeek's New Model Hits Nvidia Stock: 'A Great Company That Gets Expensive Is Much Worse Than A Bad Company That's Really Cheap' | Market Clubhouse Morning Memo - February 3rd, 2025 (Trade Strategy For SPY, QQQ, AAPL, MSFT, NVDA, GOOGL, META and TSLA) | Inquiry Into Apple's Competitor Dynamics In Technology Hardware, Storage &amp; Peripherals Industry | Why Beer, Tequila, Avocados, Cars, iPhone Prices Could Rise: Trump's Tariffs On Canada, Mexico, China To Hurt Several Sectors | Meta Bets Big on Future of Smart Glasses and AI, Outspends Apple and Amazon on AR/VR | Apple May Face Limited Tariff Impact, Trump Administration Could Ease DOJ Pressure: BofA | 10 Information Technology Stocks With Whale Alerts In Today's Session | Stocks Trim Losses On Mexico Tariff Delay, Gold Extends Records, Tesla Sinks 6%: What's Driving Markets Monday? | Apple Watch Faces Are A Mess — Series 10's Biggest Feature Is Limited To Just Four Faces, Frustrating Users | Dow Dips Over 300 Points As Trump Imposes Tariffs On Canada, Mexico, And China: Fear & Greed Index Remains In 'Neutral' Zone | Nvidia, SMCI, Broadcom, And Other Tech Stocks Slide In Monday Pre-Market As Trump Imposes Tariffs On Imports From China, Mexico, And Canada | Apple's Spring 2025 Lineup: iPhone SE 4, M4 Macbook Air And More Expected Soon | Samsung Offers Galaxy S25 Ultra At A Discount Of Up To $1020, Making It 3x Cheaper Than Apple's iPhone 16 Pro: Here's How You Can Get It For Almost Free | Billionaire Ray Dalio Raises Valuation Concerns As DeepSeek's New Model Hits Nvidia Stock: 'A Great Company That Gets Expensive Is Much Worse Than A Bad Company That's Really Cheap' | Market Clubhouse Morning Memo - February 3rd, 2025 (Trade Strategy For SPY, QQQ, AAPL, MSFT, NVDA, GOOGL, META and TSLA) | Inquiry Into Apple's Competitor Dynamics In Technology Hardware, Storage &amp; Peripherals Industry | Why Beer, Tequila, Avocados, Cars, iPhone Prices Could Rise: Trump's Tariffs On Canada, Mexico, China To Hurt Several Sectors | Meta Bets Big on Future of Smart Glasses and AI, Outspends Apple and Amazon on AR/VR | Apple May Face Limited Tariff Impact, Trump Administration Could Ease DOJ Pressure: BofA | 10 Information Technology Stocks With Whale Alerts In Today's Session | Stocks Trim Losses On Mexico Tariff Delay, Gold Extends Records, Tesla Sinks 6%: What's Driving Markets Monday? | ETFs Resilient As Markets Face Volatility: Top 5 ETFs With Best Gains From Last Week Amid Macro Shifts | Elon's Trump Alignment Costs Him Canada Starlink Contract: 'Oh Well' | Apple Shares Are Falling Today: What's Going On?",0.18896762,negative
2025-02-04,232.54432678222656,232.8000030517578,233.1300048828125,226.64999389648438,227.25,45067300,AAPL,"Nvidia, TSMC Stocks Fell As Trump Hit Mexico, Canada, And China With Tariffs—But Top Analyst Sees Only 'Limited' Supply Chain Impact On Chips | Google's Fight Against Epic Games' Antitrust Win Hits Roadblock —Judges Tell Search Giant Apple Case Doesn't Apply | Chip Equipment Maker Applied Materials Stock Is Up Over 9% YTD Even As Charts Point To Bearish Patterns: Here's What Investors Should Look At | Analyzing Apple In Comparison To Competitors In Technology Hardware, Storage &amp; Peripherals Industry | Apple Introduces Apple Invites, A New App For iPhone That Helps Users Create Custom Invitations To Gather Friends And Family For Any Occasion | 10 Information Technology Stocks Whale Activity In Today's Session | Behind the Scenes of Apple's Latest Options Trends | Apple's App Store Booms As ChatGPT, Productivity Apps Drive Revenue Growth, Analyst Says",-0.3667053,negative
2025-02-05,232.21469116210938,232.47000122070312,232.6699981689453,228.27000427246094,228.52999877929688,39620300,AAPL,"Apple Raises Monthly AppleCare+ Prices For All iPhones— And You Can No Longer Buy The Warranty Upfront In Stores | Private Employment Rises By 183,000, Beats Estimates In January: 'Consumer-Facing Industries Drove Hiring' | Inquiry Into Apple's Competitor Dynamics In Technology Hardware, Storage &amp; Peripherals Industry | Apple Stock Is Sliding Wednesday: What's Driving The Action? | $100 Invested In This Stock 5 Years Ago Would Be Worth This Much Today",-0.07234375,negative
2025-02-06,232.9638671875,233.22000122070312,233.8000030517578,230.42999267578125,231.2899932861328,29925300,AAPL,"Amazon's 'Remarkable Alexa' Is Coming—Here's What To Expect From The AI Overhaul And Its Potential $10 Monthly Fee | Elon Musk's Lenders Cash In $5.5 Billion Thanks To Investor Demand For X Loans: Report | DeepSeek's AI Model Drives Surge In Chinese Tech Stocks, Closing Gap With US 'Magnificent Seven' | Apple's M5 Chip Enters Mass Production, Set To Power Upcoming MacBook Pro, iPad Pro And Vision Pro: Report | Jeff Bezos' $10 Billion Earth Fund Pulls Support From Key Climate Initiative: What Happened? | JAMF Stock: Apple Adoption, Rule Of 40 Could Unlock 29% Upside, Says JPMorgan | Industry Comparison: Evaluating Apple Against Competitors In Technology Hardware, Storage &amp; Peripherals Industry | Qualcomm Posts Record Revenue As Analysts Flag Huawei, Tariff Risks | 10 Information Technology Stocks With Whale Alerts In Today's Session | Trump Focused On 10-Year Yield And Not On The Fed, Slower AI Growth Fears Weigh On Arm Stock | Skyworks Hits Roadblock With Apple Content Loss, Analysts See Tough Road For Recovery | EXCLUSIVE: Super Bowl LIX Viewers More Excited About NFL Game, Kendrick Lamar, Commercials Or Taylor Swift? 63% Say…",-0.84520185,positive
2025-02-07,227.3800048828125,227.6300048828125,234.0,227.25999450683594,232.60000610351562,39707200,AAPL,"iPhone SE Could Be Unveiled As Early As Next Week — Apple's Budget Model To Feature iPhone 14 Design And AI Features | Alphabet's Verily Sells Granular Insurance To Elevance Health Amid Healthcare Strategy Refocus | Apple Faces Mounting Pressure From UK Government To Grant Spying Access To Encrypted Data Of Users Worldwide | Apple's Pixar-Style Smart Tabletop Robot Prototype Has Anime-Like Moves — Here's When You Can Possibly Get One | In-Depth Analysis: Apple Versus Competitors In Technology Hardware, Storage &amp; Peripherals Industry | Broadcom's Trillion-Dollar Run: Analyst Expects ASIC To Take 10%-15% Market Share Backed By AI Compute Demand",-0.81220233,positive
2025-02-10,227.64999389648438,227.64999389648438,230.58999633789062,227.1999969482422,229.57000732421875,33115600,AAPL,"Elon Musk's SpaceX And T-Mobile Go Live With Starlink-Powered  Satellite-To-Cell Service: Here's How Much It Will Cost | Apple Watch Users Are Strapping Them To Their Ankles — Here's Why Its Leaving Some People Bewildered | Apple Ramping Up Hiring For Home Robotics Team, Says Top Analyst: What's Brewing? | Elon Musk Shuts Down TikTok Buyout Rumors, Says He Prefers To Build Companies From Scratch: 'I Rarely Acquire Companies' | Comparing Apple With Industry Competitors In Technology Hardware, Storage &amp; Peripherals Industry | China Sets Sights On Apple, Nvidia And Other US Tech Companies As Trade Tensions Rise | 10 Information Technology Stocks With Whale Alerts In Today's Session | Taiwan Semiconductor's Trillion-Dollar Valuation: The Chipmaker Enabling AI Boom | Behind Marvell Tech's Multi-Fold Growth: R&D, Acquisitions And AI Infrastructure",0.60897744,neutral
2025-02-11,232.6199951171875,232.6199951171875,235.22999572753906,228.1300048828125,228.1999969482422,53718400,AAPL,"Apple Is TSMC's Largest Customer; Their Business Love Story Started Over Chinese Food — But Will Their Relationship Change Dramatically in 2025? | iOS 18.3.1 Released With Critical Security Fix: Apple Confirms USB Restricted Mode Vulnerability Was Actively Exploited | Apple's Super Bowl LIX Strategy 'Discretely Genius,' Says YouTuber Nikias Molina—Here's How Cupertino Stole The Spotlight Without Pushing An iPhone In Your Face | Apple Watch Dominance Under New Threat As Huawei Registers Smartwatch As Medical Device | Apple Vs IBIT Bitcoin ETF: One Is Warren Buffett's Berkshire Hathaway's Biggest Holding, The Other Gives Exposure To A Crypto He Vehemently Dislikes, Which Has Generated Better Yearly Returns? | 'Apple Partners With Alibaba to Develop AI Features for iPhone Users in China' -The Information | Top 10 Trending Stocks On WallStreetBets As Of February 11, 2025 (Via Swaggy Stocks) | Apple's AI Split: Chooses Alibaba For China And OpenAI For Everyone Else | 10 Information Technology Stocks Whale Activity In Today's Session | Under the Radar: Uncovering Profitable, Undervalued Stocks | US Stocks Dip As Powell Stays Cautious, Intel Climbs, Tesla Sinks To 11-Week Low: What's Driving Markets Tuesday?",0.43832368,neutral
2025-02-12,236.8699951171875,236.8699951171875,236.9600067138672,230.67999267578125,231.1999969482422,45243300,AAPL,"Trump White House Boasts Apple's 'Gulf Of Mexico' Rename, But Pinch To Zoom And You Might Be Surprised | Dow Gains Over 100 Points Following Powell Comments: Fear & Greed Index Remains In 'Neutral' Zone | Time To Trim Big Tech? This Analyst Says Reducing 'Mag 7' Exposure Is Now 'Prudent' | Apple Finds Its AI Wingman In Alibaba - Can It Power An iPhone Comeback In China? | Apple Announces 'New Holistic Apple Health Study Launches Today In The Research App; The Collaboration With Brigham And Women's Hospital Takes A Complete Approach To Understanding How Data Can Predict, Detect, And Manage Health And Wellbeing' | Taiwan Semiconductor Under Pressure From Trump Tariff Threats, Could Push Advanced Packaging Capacity to US | Market Analysis: Apple And Competitors In Technology Hardware, Storage &amp; Peripherals Industry | Apple Teams Up With Alibaba for AI, Analyst Says Edge Device Integration Could Boost Growth | 'Apple to Bring TV+ to Android Phones in Bid to Boost Subscribers' - Bloomberg News | Why The MAGS ETF Has Remained Flat Year-to-Date Despite Some Strong Performers | Decoding Apple's Options Activity: What's the Big Picture? | Softbank-Backed Arm Holdings 155% Post-IPO Surge Bolstered by AI Growth and Smartphone Integration",-0.81141543,positive
2025-02-13,241.52999877929688,241.52999877929688,242.33999633789062,235.57000732421875,236.91000366210938,53614100,AAPL,"Apple Intelligence Rollout In China And Europe To Boost iPhone Sales, Says Deepwater's Gene Munster | Not Just DeepSeek, China's AI Landscape Heats Up As Baidu Launches Free Ernie Bot | Apple's Next Big Bet? Tim Cook-Led Company Is 'Exploring' Humanoid As Well As Non-Humanoid Robots For Smart Home Future, Says Top Analyst | The Information, Earlier: 'Apple Continues to Work with Baidu on AI Features for iPhone in China' | Exploring The Competitive Space: Apple Versus Industry Peers In Technology Hardware, Storage &amp; Peripherals | Tim Cook Posts On X ""Get ready to meet the newest member of the family.; Wednesday, February 19. #AppleLaunch"" | Trump White House Bans AP Reporter Over 'Gulf Of America' Conflict: Is A First Amendment Court Case In The Works? | Apple Is Back With Ads On X After Halting Platform Spending In 2023 Over Elon Musk's Posts | 10 Information Technology Stocks Whale Activity In Today's Session",0.6472404,neutral
2025-02-14,244.60000610351562,244.60000610351562,245.5500030517578,240.99000549316406,241.25,40896200,AAPL,"Apple Stock Closes Above $240 After 36-Day Gap —Jim Cramer Mocks Early Sellers: '… Who Told Us It Was Over?' | Arm Takes On Its Own Customers — Poaches Talent, Competes With Qualcomm And Nvidia For AI And Data Center Chip Deals: Report | Tim Cook Confirms New Apple Product Launch Next Week, Elon Musk Sets Off Buzz By Sharing — Is It The iPhone SE 4? | Apple Stock Closes Above $240 After 36-Day Gap —Jim Cramer Mocks Early Sellers: '… Who Told Us It Was Over?' | Arm Takes On Its Own Customers — Poaches Talent, Competes With Qualcomm And Nvidia For AI And Data Center Chip Deals: Report | Tim Cook Confirms New Apple Product Launch Next Week, Elon Musk Sets Off Buzz By Sharing — Is It The iPhone SE 4? | Apple, Tesla And Other MAG 7 Peers Too Expensive? Top Hedge Fund Challenges 'Overvaluation' Concerns, Says They Are Fairly Priced If They Sustain 20% Earnings Growth Rate | Claudia Sheinbaum Says Mexican Government May Sue Google Over 'Gulf Of Mexico' Name Change | TikTok Returns To Apple And Google App Stores After A Month-Long Hiatus | Taiwan Semiconductor Eyes US Expansion Amid Push for Bigger Investments and Advanced Chip Production | Apple Focuses On Alibaba, Baidu Partnership In Race To Bring AI Features To China by Mid-2025 | Performance Comparison: Apple And Competitors In Technology Hardware, Storage &amp; Peripherals Industry | Analyst Ming-Chi Kuo Posts On X ""iPhone SE4 is expected to ship around 12M/10M units in 1H25/2H25, performing slightly better than previous SE models (typically shipped near 20M units annually after launch). Not only does this help smooth out the usual seasonal dip in shipments, but it also boosts the adoption of Apple Intelligence devices. One key feature worth noting is Apple's in-house modem. Once the model launches, Qualcomm will look into its modem patents...."" | Here's How Much $1000 Invested In Apple 5 Years Ago Would Be Worth Today | Viking Global Investors' Latest 13F Filing Reveals Dissolved Stakes In Apple By 4.86M Shares, Workday By 3.27M Shares, Las Vegas Sands By 8.67M Shares, McDonald's By 1.12M Shares, Vertiv Holdings By 2.81M Shares, Acadia Healthcare By 3.70M Shares, CBRE Group By 1.57M Shares, Carnival By 9.56M Shares, Freeport-McMoRan By 3.14M Shares, Eli Lilly By 152K Shares, 3M By 840.75K Shares, Ameriprise Financial By 243.06K Shares, Tesla By 436.27K Shares, Rogers Communications By 2.70M Shares | Third Point Dissolves Share Stake In Apple | 'Apple's Long-Promised AI Overhaul for Siri Runs Into Bugs, Possible Delays' - Bloomberg News",-0.7273067,positive
2025-02-18,244.47000122070312,244.47000122070312,245.17999267578125,241.83999633789062,244.14999389648438,48822500,AAPL,"After Google Stands Firm On 'Gulf of America' Label, Mexico Says It's Waiting For A New Response Or 'Will Proceed To Court' | Moscow Slaps Google With Fine For YouTube Video Showing Russian Troops How To Surrender | GOP Megadonor Ken Griffin's Citadel Scores 77% Return On Palantir Despite Trimming Stake, Doubles Down On These 4 'Mag 7' Stocks | Apple's iPhone SE 4 To Feature TSMC's In-House 5G Modem, But It May Lag Behind Qualcomm's Snapdragon X75 | Baidu Q4 Earnings: AI Cloud Grows, Margin Slides, Expects AI Investments To Bear Fruit In 2025 | Assessing Apple's Performance Against Competitors In Technology Hardware, Storage &amp; Peripherals Industry | Viking Bails On Apple, Tesla And Trims Nvidia: Is This A Big Tech Rethink? | Marjorie Taylor Greene Discloses New Stock Trades: Is Palantir Purchase Conflict Of Interest For Committee Assignments?",-0.002864845,negative
2025-02-19,244.8699951171875,244.8699951171875,246.00999450683594,243.16000366210938,244.66000366210938,32204200,AAPL,"Apple's Leaked Renders Show iPhone 17 Air And Pro Getting Unique Camera Islands —But Base Model's Looks May Disappoint Some | Trump Announces 25% Tariff On Auto Imports, Chips And Pharmaceuticals, Shaking Global Trade: Nvidia, Apple, TSMC And Others In Focus | Elon Musk's X Seeks $44 Billion Valuation In New Funding Round Amid Renewed Investor Interest: Report | 5 Top Tech Stocks Hedge Funds Have Been Bullish On In Q4 (Hint: It's Not Nvidia) | Comparative Study: Apple And Industry Competitors In Technology Hardware, Storage &amp; Peripherals Industry | Hedge Fund Shake-Up: Tiger, Appaloosa, Soros Outperform Buffett, Icahn, Ackman | Unpacking the Latest Options Trading Trends in Apple | Apple Debuts iPhone 16e: A Powerful New Member Of The iPhone 16 Family | Trade War Redux: These ETFs Due For Bumpy Ride Thanks To Trump Tariffs On Auto, Pharma, Chip Imports | Apple Unveils iPhone 16e With A18 Chip, AI Features, $599 Price Tag | EXCLUSIVE: Apple, Nvidia, Tesla Or Boeing? Which Company Faces the Biggest Risk From Trump's China Tariffs — 35% Say This Stock | Apple's Leaked Renders Show iPhone 17 Air And Pro Getting Unique Camera Islands —But Base Model's Looks May Disappoint Some | Trump Announces 25% Tariff On Auto Imports, Chips And Pharmaceuticals, Shaking Global Trade: Nvidia, Apple, TSMC And Others In Focus | Elon Musk's X Seeks $44 Billion Valuation In New Funding Round Amid Renewed Investor Interest: Report | 5 Top Tech Stocks Hedge Funds Have Been Bullish On In Q4 (Hint: It's Not Nvidia) | Comparative Study: Apple And Industry Competitors In Technology Hardware, Storage &amp; Peripherals Industry | Hedge Fund Shake-Up: Tiger, Appaloosa, Soros Outperform Buffett, Icahn, Ackman | Unpacking the Latest Options Trading Trends in Apple | Apple Debuts iPhone 16e: A Powerful New Member Of The iPhone 16 Family | Trade War Redux: These ETFs Due For Bumpy Ride Thanks To Trump Tariffs On Auto, Pharma, Chip Imports | Apple Unveils iPhone 16e With A18 Chip, AI Features, $599 Price Tag | EXCLUSIVE: Apple, Nvidia, Tesla Or Boeing? Which Company Faces the Biggest Risk From Trump's China Tariffs — 35% Say This Stock",0.69513124,neutral
2025-02-20,245.8300018310547,245.8300018310547,246.77999877929688,244.2899932861328,244.94000244140625,32316900,AAPL,"Top Analyst Predicts Apple Will Hit $4 Trillion First Followed By Nvidia — Says AI Demand Is 'Exploding' Despite Tariffs And DeepSeek Fears: 'The Bears Can't See AI In The Spreadsheets...' | iPhone 17 Pro May Finally Get Wireless Reverse Charging—Apple Reportedly Testing Power Sharing With AirPods, Apple Watch, And More | Apple's iPhone 16e To Drive Revenue Growth For Tim Cook's Company, Says Top Analyst | Trump's Goal Is To 'Abolish' IRS And 'Let All The Outsiders Pay,' Says Newly Confirmed Commerce Secretary Howard Lutnick | NVIDIA's New AI System Aims To Transform Genetic Research With Unmatched Speed And Precision | Elon Musk's Grok Overtakes OpenAI's ChatGPT, Google Gemini, And China's DeepSeek As The Leading Productivity App On Apple's App Store | Bitcoin-Friendly Bank Stock Held By Warren Buffett And Cathie Wood Has Crushed Their Top Holdings Apple And Tesla In 2025 | Alibaba Q3 Earnings: Revenue And EPS Beat, Eyes Global E-Commerce Profitability In FY25, Increase Investments In AI | Analyst Ming-Chi Kuo Says ""Following Qualcomm, Broadcom's Wi-Fi chips will also be replaced by Apple's in-house chips at a faster pace. My latest industry survey indicates that all new 2H25 iPhone 17 models will feature Apple's in-house Wi-Fi chips (vs. only the slim iPhone 17 will adopt Apple's C1 modem chip). Beyond cost reduction, the switch to in-house Wi-Fi chips will enhance connectivity across Apple devices."" | Apple Stock Set For Streaming Lift? 'Severance' Breaks Record After X Ads, Tim Cook Promo | Fox Business Reporter Edward Lawrence Posts On X ""Apple CEO Tim Cook Has Left The Building, Tells FOX Business Cameras He Had A Great Meeting With President Trump"" | U.S. FTC Says It Launches Inquiry On Tech Censorship | Alpha Buying: Insider Activity Dwindles Despite Notable Buys from Top Execs",-0.40095922,positive
2025-02-21,245.5500030517578,245.5500030517578,248.69000244140625,245.22000122070312,245.9499969482422,53197400,AAPL,"Apple Stock Has Run Up Over 10% In A Month, Jim Cramer Says iPhone Maker Is 'Ramping' And The Credit Goes To Chinese Subsidies | Leaker Claims Apple's Next-Gen C2 Modem Is Already In Testing— Here's What It Means For iPhone 5G Connectivity | Apple CEO Tim Cook Reportedly Meets Trump As Tariff Impact Looms On iPhone Sales And Company's China Strategy | Apple's Visual Intelligence May Come To iPhone 15 Pro: Here's How It Can Transform Your Camera With AI-Powered Real-Time Search | Taiwan Semiconductor Too Big For The Index, Regulator Considers Lifting Weight Cap | Mark Zuckerberg's Meta And Google Slam Europe's Strict AI Rules: 'Sometimes It Goes Too Far' | 'Apple Plans To Replace Qualcomm Modems In The Rest Of Its iPhones With Apple Modems; Apple Has Been Quietly Working On A Plan That Could Potentially Whittle Down The Patent Fees It Needs To Pay Qualcomm' - The Information | In-Depth Analysis: Apple Versus Competitors In Technology Hardware, Storage &amp; Peripherals Industry | China's Oppo Heats Up Smartphone Landscape, Launches AI-Powered Foldable At Competitive Price | 'Apple Removes Cloud Encryption Feature From UK After Backdoor Order' | Apple Expands Apple TV+ to Android, Eyes Subscription Growth and Ecosystem Expansion, Analyst Says | President Trump Says Apple Will Build Plants In U.S., Not Mexico; Apple Shifting Plants Because Of Tariffs | Apple's In-House Modem Chip Sparks Qualcomm Concerns: 3 ETFs With Key Exposure | 10 Information Technology Stocks Whale Activity In Today's Session | 'Apple Intelligence On iPhone, iPad, And Mac Expands To More Languages And Regions In April' | Apple Intelligence Comes To Apple Vision Pro In April | Warren Buffett's Annual Shareholder Letter Arrives Saturday: Could Investors Get Updates On Apple, Succession, New Investments?",0.060860574,neutral
2025-02-24,247.10000610351562,247.10000610351562,248.86000061035156,244.4199981689453,244.92999267578125,51326400,AAPL,"Apple May Soon Integrate Google's Gemini In Siri, Shows iOS 18.4 Leak | Apple May Soon Integrate Google's Gemini In Siri, Shows iOS 18.4 Leak | Alibaba To Invest A Massive $53 Billion In AI Infrastructure, Taking On Trump's Stargate AI Plan | Apple's M4 MacBook Air Set For March Debut, Says Top Analyst — New 13-Inch And 15-Inch Models Reportedly Incoming | Apple Commits $500 Billion to US Investment, Focuses on AI and Silicon Innovation | Market-Moving News for February 24th | Apple Commits $500 Billion In US Investment For AI Push, Boost US Manufacturing Tech | Trump Says Apple's $500 Billion Investment Is Due To His Policies: 'Without Which, They Wouldn't Be Investing Ten Cents' | Top 10 Trending Stocks On WallStreetBets As Of February 24, 2025 (Via Swaggy Stocks) | Apple Makes $500 Billion Bet: Is AAPL Stock Ready To Shine Or Stumble? | Apple 'Forced To Kiss The Ring'? Expert Questions Whether Trump Pushed The iPhone Maker For $500 Billion Investment | Understanding Apple's Position In Technology Hardware, Storage &amp; Peripherals Industry Compared To Competitors | Benzinga Market Summary: Starbucks To Cut 1,000 Workers To Streamline Operations, President Trump Says Apple's ""Faith In What We Are Doing"" Is Reason For Planned $500 Billion Investment In Country, Tesla To Deploy Full Self-Driving Features In China | 10 Information Technology Stocks Whale Activity In Today's Session | Taiwan Semiconductor Poised For Surge, Goldman Sachs Predicts Rising Demand For Taipei-Traded Stock: Report | Palantir Extends Losses, Microsoft Slides: What's Driving Markets Monday? | Defiance Seeks SEC Approval For ETF Tied To Trump Policies: 'You Could Have A Nice Run, But...' | Steve Jobs' Signed Apple Business Card, Valued At $60,000, Sells For Much More At Auction: Here's The Winning Bid",-0.52822363,positive
2025-02-25,247.0399932861328,247.0399932861328,250.0,244.91000366210938,248.0,48013300,AAPL,"Apple May Hike iPhone Prices By 9% Due To Trump's Tariffs, Says Bank Of America | Apple Could Save $11 Billion Annually By Avoiding Tariffs As Tim Cook's Tech Giant Pledges $500 Billion US Investment, Says Top Analyst | Apple's $500 Billion Investment 'Completely Unrealistic Mechanically', Says UBS Analyst | US Stocks Likely To Open Lower: 'Caution Is Warranted,' Says Expert As Investors Navigate 'Complex Dynamics' Ahead | Intel Deploys ASML's Advanced EUV Machines, Aims to Challenge Taiwan Semiconductor's Lead | Analyzing Apple In Comparison To Competitors In Technology Hardware, Storage &amp; Peripherals Industry | Apple Will Be Largest Customer Of Taiwan Semiconductor Manufacturing's Arizona Factory | CEO Tim Cook Says As Legal Landscape Around Diversity Changes, Apple May Have To Make Changes To Comply | STMicroelectronics Faces Leadership Shakeup, Italy Seeks New CEO Amid Semiconductor Struggles | Apple Shareholders Uphold DEI Programs Amid Corporate Rollbacks | EXCLUSIVE: Apple iPhone 16e – A Smart Buy Or Overpriced? Here's What 34% Think",-0.2343336,negative
2025-02-26,240.36000061035156,240.36000061035156,244.97999572753906,239.1300048828125,244.3300018310547,44433600,AAPL,"Apple's AI Dictation Bug That Replaces 'Racist' With 'Trump' Sparks Controversy — Cupertino Says Its Phonetic Overlap | AMC CEO Says Apple And Amazon Are Warming Up To Theatrical Releases But This Streaming Giant Still Isn't Convinced | Apple's Smart Doorbell May Feature MagSafe, Face ID, And Smart Lock Integration: But You Won't See It Anytime Soon | China Says TSMC Could Become 'United States Semiconductor Manufacturing Co.' As Trump Pushes US Chipmaking | As PayPal Shifts Focus From Payments To Commerce, Analysts Urge Caution Amid 'Ambitious' Plans | TEST DO NOT POST | Buffett's Japan Play: Why Investors Shouldn't Sleep On These Stocks, ETFs (CORRECTED) | U.S. Officials Examining Whether UK Encryption Backdoor Demand On Apple Violated U.S.-UK Cloud Treaty | Spotify CEO Wants EU To Penalize Apple For Defying Regulations | Apple Stock To Get A Boost From Indonesia? iPhone 16 Ban Could Be Over Soon",0.3368534,negative
2025-02-27,237.3000030517578,237.3000030517578,242.4600067138672,237.05999755859375,239.41000366210938,41153600,AAPL,"Tulsi Gabbard Slams UK's Apple Encryption Demand As 'Egregious Violation' Of Americans' Privacy, Warns Of Cyber Threats | YouTube Beats Out Spotify As Top Podcast Platform With 1 Billion Users, CEO Promises Bigger Paydays For Creators | February Fever: Retail Investors 'Buy-The-Dip' As Hedge Funds Rebuild Magnificent Seven Bets | Understanding Apple's Position In Technology Hardware, Storage &amp; Peripherals Industry Compared To Competitors | Taiwan Semiconductor Faces Government Scrutiny on Overseas Ventures Amid Intel Stake Rumors | 10 Information Technology Stocks Whale Activity In Today's Session",-0.12673967,negative
2025-02-28,241.83999633789062,241.83999633789062,242.08999633789062,230.1999969482422,236.9499969482422,56833400,AAPL,"Cathie Wood Sells Off Spotify Stock As YouTube Clamors For Podcast Crown | Tim Cook's Apple Is Developing New Technology To Help Social Media Apps Determine If Users Are Under 16 | Tesla: The Only Magnificent Seven Stock In Freefall - Can It Reverse Course? | Competitor Analysis: Evaluating Apple And Competitors In Technology Hardware, Storage &amp; Peripherals Industry | 10 Information Technology Stocks With Whale Alerts In Today's Session | JLens Launches TOV ETF, Merging Jewish Advocacy With Market Investing | Cathie Wood Sells Off Spotify Stock As YouTube Clamors For Podcast Crown | Tim Cook's Apple Is Developing New Technology To Help Social Media Apps Determine If Users Are Under 16 | Tesla: The Only Magnificent Seven Stock In Freefall - Can It Reverse Course? | Competitor Analysis: Evaluating Apple And Competitors In Technology Hardware, Storage &amp; Peripherals Industry | 10 Information Technology Stocks With Whale Alerts In Today's Session | JLens Launches TOV ETF, Merging Jewish Advocacy With Market Investing | Bitcoin, Magnificent 7 Lose Safe-Haven Status In 2025 As China ETFs, Dow Stocks Outperform",0.82512575,neutral
